Time (s),Tilt up/down (deg),Tilt left/right (deg)
0.0,1.05851466,0.4391555563
1.0,-0.099059911,-3.35815753635
2.0,-4.2521893995,-13.140078390500001
3.0,-13.418185083500001,-29.842821649999998
4.0,-43.03568772,-51.788344190000004
5.0,-17.679892695,-22.217524895
6.0,-13.39175098,-18.378982235000002
7.0,-13.28785693,-18.63061387
8.0,-13.136550745000001,-18.410046825
9.0,-13.124633135,-18.455260505
10.0,-13.327061135,-18.325366965
11.0,-13.39413687,-18.440046645
12.0,-13.427980510000001,-18.43331243
13.0,-13.45838348,-18.39613035
14.0,-13.444813759999999,-18.394804705
15.0,-13.477523145,-18.418232250000003
16.0,-13.432553015,-18.440646604999998
17.0,-13.424694065,-18.415897004999998
18.0,-13.396050540000001,-18.376167275
19.0,-13.392008,-18.42762705
20.0,-13.394259439999999,-18.346384999999998
21.0,-13.353225975,-18.40120306
22.0,-13.323766670000001,-18.255646640000002
23.0,-12.912695825,-17.511024045
24.0,-12.966353475,-17.6044984
25.0,-12.728088725,-17.45515501
26.0,-12.80848245,-17.69468641
27.0,-13.008629605,-17.662483635
28.0,-12.97870609,-17.83917178
29.0,-12.883925965,-18.039697475
30.0,-13.02267336,-17.986522094999998
31.0,-13.02535852,-18.049248195
32.0,-13.06321515,-17.9722578
33.0,-13.095733,-18.02584324
34.0,-13.144635435000001,-18.031942255
35.0,-13.13623201,-17.98777594
36.0,-13.119037025,-18.039296890000003
37.0,-13.116122605000001,-17.947338015
38.0,-13.07043798,-18.030434325
39.0,-13.032024455,-17.8413507
40.0,-13.00717464,-17.854598705
41.0,-13.02124719,-17.907559235
42.0,-13.03766566,-17.83583138
43.0,-13.022271365,-17.897536764999998
44.0,-13.045227385,-17.85264452
45.0,-13.02692248,-17.85819401
46.0,-13.019812869999999,-17.894775995
47.0,-13.038956825,-17.8682362
48.0,-13.03026361,-17.89187389
49.0,-13.06388432,-17.76526895
50.0,-13.07450229,-17.76074482
51.0,-12.968303559999999,-17.76569543
52.0,-12.779123475,-17.933773775
53.0,-12.827953765,-18.013049265
54.0,-12.98909231,-17.97155362
55.0,-13.00355037,-17.98130508
56.0,-13.015398115,-18.015501725
57.0,-13.04725385,-17.96465301
58.0,-13.056223849999999,-17.975472925
59.0,-13.433703090000002,-17.64318597
60.0,-13.36519313,-17.4742004
61.0,-13.280606039999999,-17.72337178
62.0,-13.257804305,-17.75676136
63.0,-13.450961025,-17.76346834
64.0,-13.398044195,-17.734627455000002
65.0,-13.432514025,-17.946395369999998
66.0,-13.36982489,-17.99728433
67.0,-13.431153415,-18.06849749
68.0,-13.450002365,-18.030256029999997
69.0,-13.43868116,-18.088884649999997
70.0,-13.432499140000001,-18.101878544999998
71.0,-13.446037555,-18.057495924999998
72.0,-13.44140969,-18.11288067
73.0,-13.44707051,-18.102181435
74.0,-13.44816746,-18.036679215
75.0,-13.42733685,-18.04854705
76.0,-13.42405303,-17.971037315
77.0,-13.406184695,-17.925107025
78.0,-13.378380685,-17.97028519
79.0,-13.39512849,-17.92285878
80.0,-13.390026315,-17.94663103
81.0,-13.430101875,-18.029285559999998
82.0,-13.43683739,-17.972291634999998
83.0,-13.361940085,-17.997097065
84.0,-13.436412815,-18.14588453
85.0,-13.47657988,-18.02231451
86.0,-13.370079195,-18.05905655
87.0,-13.40135948,-18.070225825
88.0,-13.274114195,-17.313930145
89.0,-13.160278380000001,-17.237194695
90.0,-13.240373515,-17.636581059999997
91.0,-13.389658364999999,-17.786551555000003
92.0,-13.40772386,-17.92748063
93.0,-13.40123314,-17.823105745
94.0,-13.256461035000001,-17.95755502
95.0,-13.245090455,-17.99757511
96.0,-13.233663005,-18.004604495
97.0,-13.22675978,-18.008522935000002
98.0,-13.21689018,-18.00551702
99.0,-13.2277763,-17.99806368
100.0,-13.21422179,-18.01165718
101.0,-13.2120776,-18.012092915
102.0,-13.24808406,-17.973316515
103.0,-13.226300745,-18.016195585
104.0,-13.22246095,-18.02981936
105.0,-13.26366917,-17.97382959
106.0,-13.234252285,-18.010553725
107.0,-13.22928733,-18.02912122
108.0,-13.24357536,-17.98722971
109.0,-13.24299959,-17.999360844999998
110.0,-13.2314908,-18.011550935
111.0,-13.26129566,-17.99456964
112.0,-13.248434244999999,-18.005649605000002
113.0,-13.256089769999999,-18.009670685
114.0,-13.27358856,-17.965875755
115.0,-13.236769214999999,-18.0282919
116.0,-13.23848216,-18.028084925
117.0,-13.21833692,-18.03178932
118.0,-13.211491,-18.039436015
119.0,-13.218148235000001,-17.98284973
120.0,-13.21032894,-17.978142865000002
121.0,-13.211128065,-18.02427624
122.0,-13.24708276,-17.970558915
123.0,-13.3225583,-17.92750435
124.0,-13.614650704999999,-18.69538692
125.0,-15.41773672,-20.516131145
126.0,-16.153416970000002,-21.365360905000003
127.0,-15.589769515,-21.13415646
128.0,-15.597883445,-21.081897650000002
129.0,-15.47325649,-21.1068428
130.0,-15.471200275000001,-21.09677275
131.0,-15.5097564,-21.03328515
132.0,-15.427235915,-21.080831670000002
133.0,-15.473566705,-21.044367365
134.0,-15.65172038,-21.429831325000002
135.0,-15.81158209,-22.10348796
136.0,-13.32553918,-21.71177867
137.0,-13.20286454,-20.142800334999997
138.0,-14.41086001,-20.963135305
139.0,-17.196517290000003,-22.685246319999997
140.0,-19.734964214999998,-26.29804067
141.0,-21.716230975000002,-34.09594058
142.0,-20.23737413,-33.09462238
143.0,-20.897553605,-27.404551599999998
144.0,-12.986185178,-34.40274025
145.0,9.7220132215,2.362434029
146.0,11.437166845,5.8153802325
147.0,9.9445562965,6.816928108000001
148.0,6.0578734845,-1.1646742275
149.0,-5.112829892,-15.5625190485
150.0,-36.256397755,-42.62130411
151.0,-30.01631823,-34.72426796
152.0,-14.78209685,-26.594302550000002
153.0,-15.44194121,-27.388685565000003
154.0,-16.459324915,-26.99561409
155.0,-16.440869005,-26.434840610000002
156.0,-16.452872675000002,-26.47052298
157.0,-16.41371352,-26.50941129
158.0,-16.465830609999998,-26.493753315
159.0,-16.412084475,-26.508425705
160.0,-16.411890675000002,-26.548023395
161.0,-16.45779056,-26.49251436
162.0,-16.35858485,-26.534087515000003
163.0,-16.44516566,-26.52380386
164.0,-16.405356705000003,-26.333634465000003
165.0,-15.53991761,-25.657346185
166.0,-14.98428628,-25.038473155
167.0,-15.57979248,-25.366971975
168.0,-15.911783804999999,-25.639426274999998
169.0,-15.962530534999999,-25.611608134999997
170.0,-15.97975287,-25.62880175
171.0,-15.972214144999999,-25.606552385
172.0,-15.98486142,-25.61476821
173.0,-15.889991505000001,-25.657449435
174.0,-15.83624571,-25.659006644999998
175.0,-15.859484545,-25.65498268
176.0,-15.8316586,-25.66833604
177.0,-15.827611659999999,-25.681758085
178.0,-15.871997705,-25.675429565
179.0,-15.821411165,-25.683994939999998
180.0,-15.84649182,-25.67648793
181.0,-15.870065499999999,-25.68087639
182.0,-15.82765,-25.67485098
183.0,-15.861167855,-25.67640647
184.0,-15.87150118,-25.679320705000002
185.0,-15.850894675,-25.684562829999997
186.0,-15.90968836,-25.66939629
187.0,-15.870867865000001,-25.68811712
188.0,-15.891729869999999,-25.68437417
189.0,-15.90793498,-25.67857998
190.0,-15.867371425,-25.679949685
191.0,-15.925630325,-25.681877125
192.0,-15.85837901,-25.691001495000002
193.0,-15.911372029999999,-25.677079374999998
194.0,-15.883506445,-25.672844464999997
195.0,-15.868580905,-25.710510045
196.0,-15.931347989999999,-25.71193084
197.0,-15.90255541,-25.73225178
198.0,-15.913712015000002,-25.745770874999998
199.0,-15.92160835,-25.739801935000003
200.0,-15.893226515,-25.755155615
201.0,-15.96069011,-25.72948689
202.0,-15.895020535,-25.722605485
203.0,-15.895971455,-25.71857455
204.0,-15.94384578,-25.691512275
205.0,-15.87452746,-25.68181309
206.0,-15.891358675,-25.679334259999997
207.0,-15.891863709999999,-25.679031270000003
208.0,-15.852392545,-25.67507509
209.0,-15.901203885,-25.665697845
210.0,-15.86665535,-25.649985365
211.0,-15.84551605,-25.66700655
212.0,-15.909852715,-25.65294258
213.0,-15.85071656,-25.65897269
214.0,-15.839253200000002,-25.66509426
215.0,-15.900464495,-25.66159117
216.0,-15.83967356,-25.65608971
217.0,-15.80002494,-25.68055109
218.0,-15.880545375,-25.706026100000003
219.0,-15.83561301,-25.73654362
220.0,-15.83817477,-25.744267245
221.0,-15.88491517,-25.71998592
222.0,-15.83086741,-25.751470464999997
223.0,-15.881589205000001,-25.735159054999997
224.0,-15.8663073,-25.72284813
225.0,-15.84541622,-25.75050082
226.0,-15.96326308,-25.75875473
227.0,-16.097165490000002,-26.12379651
228.0,-16.18689415,-25.89847141
229.0,-16.19233083,-25.768886950000002
230.0,-16.1052993,-25.780239135000002
231.0,-16.13605647,-25.79360383
232.0,-16.11677925,-25.785612800000003
233.0,-16.138712634999997,-25.781274615
234.0,-16.1924204,-25.76274605
235.0,-16.129016695,-25.823159245
236.0,-16.205546575,-25.843917585
237.0,-16.44608512,-25.45609796
238.0,-15.929706145,-24.039676030000003
239.0,-15.43484074,-23.961461435
240.0,-15.38492348,-24.29022106
241.0,-15.75652899,-24.343899389999997
242.0,-15.86606545,-24.60506177
243.0,-15.673236459999998,-24.311171115
244.0,-15.82167281,-24.49767077
245.0,-15.827963350000001,-24.579800470000002
246.0,-15.894085475,-24.60167619
247.0,-15.834306925,-24.638088365
248.0,-15.855396025000001,-24.66574208
249.0,-15.86305325,-24.692078584999997
250.0,-15.817989905,-24.68856986
251.0,-15.81879924,-24.71567777
252.0,-15.83260213,-24.727654695
253.0,-15.833292895,-24.73516287
254.0,-15.87166591,-24.720430014999998
255.0,-15.866862025,-24.71784178
256.0,-15.83204421,-24.73419006
257.0,-15.886424375,-24.688578415000002
258.0,-15.81198523,-24.71346361
259.0,-15.841066475,-24.705269675
260.0,-15.869521825,-24.69960173
261.0,-15.82988713,-24.722566305
262.0,-15.898500725000002,-24.69624412
263.0,-15.8389719,-24.71803697
264.0,-15.87119313,-24.716988885
265.0,-15.867901974999999,-24.70153744
266.0,-15.862572675,-24.789066195
267.0,-16.040134795,-26.010468170000003
268.0,-15.96763901,-27.27004763
269.0,-15.675199,-27.09433843
270.0,-15.93338216,-25.291965035
271.0,-15.694909339999999,-25.105982315
272.0,-15.713311749999999,-25.003339914999998
273.0,-15.610685815,-24.89136354
274.0,-15.62308352,-24.809947049999998
275.0,-15.22421026,-24.64628712
276.0,-15.31367537,-24.33581563
277.0,-15.330962970000002,-24.2764254
278.0,-15.362644935,-24.254151765
279.0,-15.348352255,-24.229747115000002
280.0,-15.39251024,-24.240108425000003
281.0,-15.327796915,-24.23991452
282.0,-15.35446772,-24.22404804
283.0,-15.381106605,-24.151767335000002
284.0,-15.31874035,-24.150317100000002
285.0,-15.31973133,-24.111206855
286.0,-15.326274609999999,-24.135401260000002
287.0,-15.296858745,-24.162193815
288.0,-15.37845494,-24.12336247
289.0,-15.313546509999998,-24.160614925
290.0,-15.310554325,-24.154970435
291.0,-15.367896394999999,-24.126830265000002
292.0,-15.31180656,-24.149246464999997
293.0,-15.329887164999999,-24.14732016
294.0,-15.31157324,-24.15358852
295.0,-15.306915929999999,-24.153479635
296.0,-15.343062325,-24.161244035
297.0,-15.641886385,-24.58596574
298.0,-15.848295935,-24.9712843
299.0,-15.943185889999999,-24.73080062
300.0,-15.95096149,-24.8020823
301.0,-15.99521764,-24.767030845
302.0,-15.951505919999999,-24.780233525
303.0,-15.964607364999999,-24.78841973
304.0,-15.974520275,-24.768382335
305.0,-15.94095841,-24.7904214
306.0,-16.00594047,-24.800307615
307.0,-15.58641545,-24.55639356
308.0,-15.82779519,-24.77413112
309.0,-16.111612385,-24.99510012
310.0,-16.316869505,-25.01206727
311.0,-16.384067665,-24.996123345
312.0,-16.382365315,-25.00961609
313.0,-16.37819224,-25.00709119
314.0,-17.79430119,-24.566975444999997
315.0,-18.84040452,-24.8715846
316.0,-18.86999682,-25.434597545000003
317.0,-18.21330522,-25.69557091
318.0,-18.46838227,-27.736002130000003
319.0,-12.14763989,-27.1726822
320.0,-53.691176330000005,-6.035703911
321.0,-79.505470755,1.1589894900000015
322.0,-77.01781799,25.481881125
323.0,-86.031459935,64.101277775
324.0,-79.83119617,18.752769015000002
325.0,-85.695087495,39.960850324999996
326.0,-88.354529385,67.19605905
327.0,-87.74224119,72.46978261
328.0,-87.814507705,71.7165521
329.0,-81.01622963,23.682731295
330.0,-75.68335204,10.503040183000001
331.0,-80.14041718,50.270997290000004
332.0,-81.216545345,34.124464665000005
333.0,-81.99849488,28.20757905
334.0,-78.098660815,36.00831168
335.0,-85.51934603000001,-22.5565765
336.0,-50.366657835,0.14116717550000013
337.0,-12.172381170500001,-6.492173622
338.0,-14.270249295,-8.133450089
339.0,-16.36072776,-25.46361106
340.0,-18.06983008,-26.673674595
341.0,-21.055270925000002,-31.907822425
342.0,-11.054816485,-19.808256444999998
343.0,-24.72623214,-15.917716010000001
344.0,-21.287145625,-26.390447175
345.0,-20.43854554,-29.72680344
346.0,-20.87025106,-27.63986345
347.0,-20.276696465,-25.905579539999998
348.0,-20.03448359,-25.6488097
349.0,-19.945607995,-25.678413435
350.0,-19.93496873,-25.651758765
351.0,-19.89224552,-25.441095555
352.0,-18.80155843,-23.69436006
353.0,-18.46346743,-24.199347154999998
354.0,-19.1442743,-25.161252214999998
355.0,-19.238173064999998,-25.14417516
356.0,-19.245343905,-25.12188029
357.0,-19.29930221,-25.09683706
358.0,-19.35443908,-25.06345714
359.0,-19.339248595,-25.051105229999997
360.0,-19.339485565,-25.136365855
361.0,-19.279890520000002,-25.13153841
362.0,-19.23793411,-25.22763437
363.0,-19.25517353,-25.22677171
364.0,-19.28614009,-25.186709315
365.0,-19.25935053,-25.25108371
366.0,-19.274097830000002,-25.216550984999998
367.0,-19.292275680000003,-25.20474642
368.0,-19.261065639999998,-25.247011020000002
369.0,-19.298888214999998,-25.17477994
370.0,-19.28498814,-25.22305728
371.0,-19.28596096,-25.26442359
372.0,-19.300339100000002,-25.16919534
373.0,-19.264141425,-25.251386410000002
374.0,-19.286537655,-25.224763625
375.0,-19.307064155,-25.205905445
376.0,-19.279385615000002,-25.246817685
377.0,-19.28927257,-25.23385148
378.0,-19.282869910000002,-25.233289759999998
379.0,-19.29303415,-25.240005765
380.0,-19.327906695000003,-25.197905655
381.0,-19.29568018,-25.236778530000002
382.0,-19.3166352,-25.218156155000003
383.0,-19.30513869,-25.22581821
384.0,-19.298109455000002,-25.25842559
385.0,-19.334763334999998,-25.211839419999997
386.0,-19.30040147,-25.269144615000002
387.0,-19.341456085,-25.224471535
388.0,-19.313813415,-25.245018430000002
389.0,-19.21288791,-25.1570275
390.0,-19.90886043,-26.538638730000002
391.0,-20.724534055,-28.20295542
392.0,-20.384411805,-26.779775049999998
393.0,-20.362565865,-26.827572545000002
394.0,-20.31588167,-26.73982789
395.0,-20.40300859,-26.68076709
396.0,-20.255365245,-26.606854415
397.0,-20.224490165,-26.640996835000003
398.0,-19.845592245,-26.274400245000002
399.0,-19.818123739999997,-24.90103152
400.0,-19.30593718,-25.15649636
401.0,-18.84294579,-25.5064639
402.0,-18.852644095000002,-25.514618285
403.0,-19.044942980000002,-25.549485285
404.0,-18.98128122,-25.307628085
405.0,-18.6806147,-25.25652579
406.0,-18.65147553,-25.366856470000002
407.0,-18.68092721,-25.45075593
408.0,-18.74246864,-25.504338425
409.0,-18.74003798,-25.503857105
410.0,-18.692631135,-25.43743283
411.0,-18.62548693,-25.397579715
412.0,-18.5269099,-25.35127423
413.0,-18.40069386,-25.35019497
414.0,-18.2357309,-25.433121595000003
415.0,-18.214852925000002,-25.413857795
416.0,-18.331551435,-25.480865129999998
417.0,-18.218485375,-25.38242189
418.0,-19.013323800000002,-25.808427955
419.0,-20.05258852,-24.10645233
420.0,-20.023275814999998,-24.947032915
421.0,-20.07016111,-24.966904415000002
422.0,-20.02411313,-25.228171675
423.0,-20.01471708,-25.079112799999997
424.0,-19.875206265,-24.77266008
425.0,-19.71506385,-25.34475258
426.0,-19.731548545000003,-25.631028735
427.0,-19.728390725,-25.65081159
428.0,-19.749865985,-25.7095787
429.0,-19.768671765,-25.67591021
430.0,-19.73690991,-25.68139533
431.0,-19.575717355000002,-25.576020525
432.0,-19.51962885,-25.50278728
433.0,-19.46981933,-25.63038831
434.0,-19.509986965000003,-25.712868755000002
435.0,-19.315016485,-25.47240525
436.0,-19.286211175,-25.391271215
437.0,-19.29128986,-25.407821585
439.0,-19.303496665,-25.413455135
440.0,-19.298472965000002,-25.42176694
441.0,-19.31227172,-25.361219245
442.0,-19.269143200000002,-25.39420767
443.0,-19.26194116,-25.38277772
444.0,-19.299643070000002,-25.367550190000003
445.0,-19.26077499,-25.39620915
446.0,-19.284304535,-25.388720829999997
447.0,-19.288920685,-25.3586197
448.0,-19.320109594999998,-25.391281149999998
449.0,-19.34463182,-25.216866345
450.0,-19.30113993,-25.11080152
451.0,-19.58020742,-24.706907665
452.0,-19.330943660000003,-25.160181335
453.0,-19.07947716,-25.578393085000002
454.0,-19.346438635,-25.722103895
455.0,-19.347807125,-25.70605235
456.0,-19.85117626,-25.100466150000003
457.0,-19.20584114,-25.37221505
458.0,-19.164493425,-25.262408219999998
459.0,-19.1468101,-25.34223867
460.0,-19.133282065,-25.368402075
461.0,-19.119161315,-25.386247805
462.0,-19.115625755,-25.323759850000002
463.0,-19.12064839,-25.29504459
464.0,-19.128060665,-25.350507415000003
465.0,-19.138052995000002,-25.39463238
466.0,-19.16356263,-25.366623125
467.0,-19.102669380000002,-25.343491395
468.0,-18.72087369,-25.211313099999998
469.0,-18.79780234,-25.093779304999998
470.0,-18.82143936,-25.14648424
471.0,-18.823407754999998,-25.214872319999998
472.0,-18.890777784999997,-25.204907165
473.0,-18.861878330000003,-25.220279124999998
474.0,-18.866934315,-25.231702749999997
475.0,-18.90409226,-25.219802244999997
476.0,-18.88363395,-25.25338129
477.0,-18.922020985,-25.22548141
478.0,-18.986391505,-25.182265870000002
479.0,-18.944863984999998,-25.239387309999998
480.0,-19.122920335,-25.41453805
481.0,-19.125078100000003,-25.49529723
482.0,-19.01215333,-25.36891857
483.0,-19.00677876,-25.360927625000002
484.0,-18.993437720000003,-25.333416534999998
485.0,-18.980104935,-25.37149438
486.0,-19.004460835000003,-25.355890074999998
487.0,-19.0334529,-25.36883433
488.0,-18.93313466,-25.56151891
489.0,-19.01583979,-25.330778485
490.0,-19.13449202,-25.469666945
491.0,-19.12490452,-25.45175931
492.0,-19.102902455,-25.45456032
493.0,-19.095136785,-25.370332325
494.0,-18.97825756,-25.42732662
495.0,-18.9568968,-25.35944216
496.0,-18.968476395000003,-25.340104935
497.0,-18.92472827,-25.34327357
498.0,-18.935549705,-25.326476045
499.0,-18.94448536,-25.345831529999998
500.0,-18.91679549,-25.35730668
501.0,-18.97236744,-25.32109848
502.0,-18.91359893,-25.357990855
503.0,-18.91741709,-25.34340972
504.0,-18.936663965,-25.325659465
505.0,-18.909136795000002,-25.348529815
506.0,-18.92634195,-25.37376755
507.0,-18.946209945,-25.344293565
508.0,-18.923527004999997,-25.374039955
509.0,-18.94808482,-25.307199795000002
510.0,-18.93801096,-25.33121135
511.0,-18.909623325,-25.354132805
512.0,-18.93660129,-25.33120665
513.0,-18.91825303,-25.37343974
514.0,-18.912930865,-25.343256439999998
515.0,-18.927202155,-25.337735355
516.0,-18.96499161,-25.329439475
517.0,-19.121000775,-25.118481125000002
518.0,-19.22990358,-25.01621902
519.0,-19.65042461,-25.76850035
520.0,-19.55763999,-25.718729215
521.0,-20.21952668,-24.005860795
522.0,-19.386777334999998,-24.458694695
523.0,-19.35289039,-24.471449435
524.0,-19.333208785,-24.596186175
525.0,-19.29874703,-24.684844294999998
526.0,-19.27171378,-24.73341725
527.0,-19.272199825,-24.749131130000002
528.0,-19.278206605,-24.74273145
529.0,-19.306015379999998,-24.730220015
530.0,-19.25203218,-24.781810945
531.0,-19.277550755,-24.795210005
532.0,-19.325743850000002,-24.790793569999998
533.0,-19.300691995,-24.836896675
534.0,-19.33665785,-24.870048490000002
535.0,-19.33533142,-24.85448507
536.0,-19.30293939,-24.86187435
537.0,-19.27730809,-24.844539575
538.0,-19.288186685,-24.8434376
539.0,-19.248239495,-24.855475785000003
540.0,-19.324620015,-24.82620266
541.0,-19.28213653,-24.861431465000003
542.0,-19.273417164999998,-24.854884625
543.0,-19.324444489999998,-24.793764135
544.0,-19.28870306,-24.839784465
545.0,-19.284364165,-24.864242035
546.0,-19.28959232,-24.83405237
547.0,-19.275964860000002,-24.86684259
548.0,-19.272408640000002,-24.790104235
549.0,-19.290025545,-24.767089595
550.0,-19.245581795,-24.799208065
551.0,-19.309264204999998,-24.725398554999998
552.0,-19.21556118,-24.73589568
553.0,-19.21198825,-24.75685249
554.0,-19.239584254999997,-24.69681094
555.0,-19.176121000000002,-24.737657425000002
556.0,-19.19451225,-24.734990420000003
557.0,-19.212812615,-24.711712159999998
558.0,-19.175964065000002,-24.771804185
559.0,-19.27282207,-24.69047666
560.0,-19.198759535,-24.741926499999998
561.0,-19.14971269,-24.79431176
562.0,-19.08710329,-24.680360659999998
563.0,-19.777168955,-24.34396429
564.0,-21.29590607,-25.65200736
565.0,-19.055117099999997,-23.893755810000002
566.0,-18.990805684999998,-23.818114745000003
567.0,-19.0995751,-23.908529715
568.0,-19.075843685,-23.96898305
569.0,-19.08211977,-23.90606458
570.0,-19.094512090000002,-23.867873345
571.0,-19.053184,-23.92192786
572.0,-19.117000150000003,-23.904407929999998
573.0,-19.059299825,-23.953124425
574.0,-19.052294865,-23.97990654
575.0,-19.10839096,-23.967841505
576.0,-19.052000405,-24.00452924
577.0,-19.05219191,-24.00717879
578.0,-19.071399405,-23.992354175
579.0,-19.039586855,-24.029640495000002
580.0,-19.093815069999998,-23.994156515
581.0,-19.03406213,-24.027484115
582.0,-19.037369495,-24.041544985
583.0,-18.9982636,-24.03845708
584.0,-18.870081035,-24.20746153
585.0,-19.133701835,-23.77783059
586.0,-18.885882775,-23.82016995
587.0,-18.96472892,-23.953524780000002
588.0,-18.637975925,-23.82919562
589.0,-20.68591191,-28.72069252
590.0,-27.193856665,-32.00347396
591.0,-33.321457965,-43.98981974
592.0,-11.295862894999999,-43.229767
593.0,-9.451475148,-12.505479435000002
594.0,-8.058738504,-27.3618842
595.0,11.236497023,-13.350758453000001
596.0,23.691531055,-5.8481332049
597.0,35.36410755,-3.785678549
598.0,37.87161967,-0.30772151299999995
599.0,13.758963753500002,-2.877524446
600.0,-34.04700879,-40.311684385
601.0,-29.225419645000002,-36.4255314
602.0,-18.824115695,-33.45579483
603.0,-16.48250849,-28.44206489
604.0,-17.09607309,-30.106639355
605.0,-17.21163645,-30.33718812
606.0,-17.364990155,-30.303928145
607.0,-17.373460145,-30.265535635
608.0,-17.423047715000003,-30.025546685000002
609.0,-17.41730244,-30.146831705
610.0,-17.5619084,-29.93051334
611.0,-17.366352705,-30.15930412
612.0,-17.360067915000002,-30.187841425000002
613.0,-17.327790535,-30.20076934
614.0,-17.362913355,-30.1963132
615.0,-17.35924267,-30.18693833
616.0,-17.321208935,-30.21920678
617.0,-17.329567515,-30.159212789999998
618.0,-17.287465775,-30.19632288
619.0,-17.28208035,-30.197618175
620.0,-17.293681425,-30.19460237
621.0,-17.27425116,-30.19936578
622.0,-17.305541740000002,-30.18591617
623.0,-17.287881565,-30.189505015
624.0,-17.285181450000003,-30.203760080000002
625.0,-17.318103745000002,-30.196293654999998
626.0,-17.287308539999998,-30.208435005
627.0,-17.26909815,-30.20371805
628.0,-17.35315944,-30.21290033
629.0,-17.342208045,-30.193967434999998
630.0,-17.30176063,-30.124001295
631.0,-17.262276595000003,-30.129821579999998
632.0,-17.282231275,-30.122873894999998
633.0,-17.29709147,-30.11455484
634.0,-17.256826755,-30.127951285
635.0,-17.2856027,-30.106964895
636.0,-17.253635555000002,-30.109493475
637.0,-17.25918565,-30.11989411
638.0,-17.288994395,-30.113581275
639.0,-17.25912466,-30.132427555
641.0,-17.288458079999998,-30.110731790000003
642.0,-17.62832341,-30.06055334
643.0,-17.418442615,-30.094299695
644.0,-17.392466810000002,-30.078127664999997
645.0,-17.384210645,-30.075797715
646.0,-17.40759771,-30.08384423
647.0,-17.39374655,-30.076590690000003
648.0,-17.393970355,-30.091530025
649.0,-17.418403225,-30.08855883
650.0,-17.134604735,-31.219724354999997
651.0,-16.67676754,-29.902964689999997
652.0,-15.92716494,-28.8602407
653.0,-15.61595071,-28.61968602
654.0,-15.55414494,-28.625307255000003
655.0,-15.501604255,-28.625269035000002
656.0,-15.492366195,-28.672431404999998
657.0,-15.47107353,-28.669114694999998
658.0,-15.45735032,-28.691109885
659.0,-15.49450832,-28.63969456
660.0,-15.425450015,-28.649976145
661.0,-15.412339209999999,-28.658165085
662.0,-15.457057495,-28.627815425
663.0,-15.403884170000001,-28.632195765
664.0,-15.39612087,-28.6320813
665.0,-15.22143042,-29.150108
666.0,-15.554273765,-29.749510164999997
667.0,-16.86474245,-30.048778845
668.0,-16.471875855,-29.509699660000003
669.0,-16.50242805,-29.581739210000002
670.0,-16.64001857,-29.556137415000002
671.0,-16.66526214,-29.56802708
672.0,-16.39402093,-29.329746905
673.0,-16.492973145,-29.36994566
674.0,-16.349873305000003,-29.346946574999997
675.0,-16.30031278,-29.43366218
676.0,-16.296053445,-29.480742195
677.0,-16.29619133,-29.49988876
678.0,-16.31903187,-29.501834305
679.0,-16.291014325,-29.508245080000002
680.0,-16.288601715,-29.50266879
681.0,-16.32367661,-29.495590215
682.0,-16.28719514,-29.49013884
683.0,-16.28049643,-29.5011269
684.0,-16.320664305,-29.498542495000002
685.0,-16.282333405000003,-29.49842662
686.0,-16.276366115000002,-29.49726375
687.0,-16.317962085,-29.48814626
688.0,-16.27595237,-29.48999134
689.0,-16.28261594,-29.502714384999997
690.0,-16.28138914,-29.49517355
691.0,-16.275753135,-29.498826555
692.0,-16.297184629999997,-29.502672945
693.0,-16.317633615,-29.498874985
694.0,-16.275904325,-29.49366771
695.0,-16.277509295,-29.499315324999998
696.0,-16.27421164,-29.47931439
697.0,-16.279375295,-29.486399355
698.0,-16.304866625,-29.48758351
699.0,-16.281282535000003,-29.48989364
700.0,-16.258892815000003,-29.49900696
701.0,-16.29706852,-29.489104675
702.0,-16.28158855,-29.49704616
703.0,-16.272547215,-29.50059228
704.0,-16.27619397,-29.498152375
705.0,-16.332283785,-29.493913995
706.0,-16.2719948,-29.49420869
707.0,-16.285529005,-29.49707029
708.0,-16.29172273,-29.50697011
709.0,-16.27238649,-29.507981125
710.0,-16.293688449999998,-29.49719793
711.0,-16.294333335,-29.498717015
712.0,-16.251968745,-29.51332815
713.0,-16.181357355,-29.248537595000002
714.0,-16.37262791,-29.29070468
715.0,-16.26496765,-29.41589459
716.0,-16.050863125,-29.13811741
717.0,-16.021216625,-29.19716647
718.0,-16.40956,-29.56370772
719.0,-16.446209675,-29.702722715
720.0,-16.43873134,-29.71870186
721.0,-16.49148073,-29.681395039999998
722.0,-16.444698105,-29.704279905
723.0,-16.473835174999998,-29.765971710000002
724.0,-17.06666368,-30.62072579
725.0,-18.252058505,-37.075960955
726.0,-8.9444664245,-42.52967141
727.0,-1.25615384825,-2.1639918535
728.0,7.679345751,10.03333015
729.0,21.515077044999998,1.3300002264000002
730.0,23.68872864,0.9789333971
731.0,22.428454735000003,1.4827601339999998
732.0,29.676280055,1.58395738865
733.0,23.23734152,-1.9787596435
734.0,28.29907632,-2.893117361
735.0,32.80347724,7.948263238
736.0,29.712648615,11.3756395065
737.0,28.23396842,-0.04196132900000005
738.0,18.842534694999998,0.8642722085000001
739.0,16.1701747,6.8323141015
740.0,17.909817615,4.275538377
741.0,19.93963268,-4.688745854
742.0,4.92022042,-15.908830662
743.0,-35.76517606,-50.62291623
744.0,-25.931625975000003,-39.0406195
745.0,-16.222935155,-30.58385059
746.0,-16.585182969999998,-30.540807925000003
747.0,-16.12893682,-29.97136076
748.0,-16.260928585000002,-30.086929329999997
749.0,-16.36397891,-30.134495955
750.0,-16.26132726,-30.0317589
751.0,-16.259465454999997,-29.978211445
752.0,-16.303681765,-30.000275075
753.0,-16.29556869,-29.97539431
754.0,-16.30278212,-29.968256515
755.0,-16.317109975,-29.963248715
756.0,-16.29159182,-29.96814006
757.0,-16.322986315,-29.953898789999997
758.0,-16.300555645,-29.95307232
759.0,-16.30085223,-29.92860338
760.0,-16.32332304,-29.94558228
761.0,-16.29789394,-29.931462495
762.0,-16.29275071,-29.917125130000002
763.0,-16.307726835,-29.923066390000002
764.0,-16.296331379999998,-29.914762435
765.0,-16.25664952,-29.88449592
766.0,-16.28758247,-29.90136072
767.0,-16.284682959999998,-29.90085476
768.0,-16.310185775,-29.900138805
769.0,-16.284985714999998,-29.907183715
770.0,-16.306653609999998,-29.90557085
771.0,-16.31282505,-29.897364535
772.0,-16.275077605,-29.886008535
773.0,-16.31809795,-29.87034441
774.0,-16.296406965,-29.86198512
775.0,-16.305369595000002,-29.843984195
776.0,-16.288635409999998,-29.82673491
777.0,-16.296142125000003,-29.819894805
778.0,-16.314765135000002,-29.822348325
779.0,-16.30993025,-29.84988756
780.0,-16.318935645000003,-29.47849209
781.0,-16.302868715,-29.59040979
782.0,-16.311915135,-29.178084634999998
783.0,-16.373407745,-29.134691855
784.0,-16.394875175,-29.216534025
785.0,-17.07073543,-29.552968885
786.0,-17.1280894,-29.3546731
787.0,-16.863771735,-29.287005299999997
788.0,-16.8840596,-29.238902185
789.0,-16.847382005,-29.228009460000003
790.0,-16.877655814999997,-29.244435525
791.0,-16.871468245000003,-29.25174315
792.0,-16.8626453,-29.24553065
793.0,-16.892102604999998,-29.248848175
794.0,-16.856204915,-29.272561655
795.0,-16.883835405,-29.265904005
796.0,-16.873607659999998,-29.25645376
797.0,-16.85932803,-29.273018815
798.0,-16.91043882,-29.26137064
799.0,-16.85346504,-29.26959638
800.0,-16.880736374999998,-29.26714525
801.0,-16.85895783,-29.264206655000002
802.0,-16.79225899,-29.23314084
803.0,-16.692499814999998,-29.356718954999998
804.0,-16.53112332,-29.25981613
805.0,-16.54822304,-29.275042565
806.0,-16.674703395,-29.383822414999997
807.0,-16.722589655,-29.42558095
808.0,-16.7654741,-29.42057184
809.0,-16.72654533,-29.428791285000003
810.0,-16.764737925,-29.427632600000003
811.0,-16.74298397,-29.43846516
812.0,-16.738869845,-29.431477665000003
813.0,-16.773563170000003,-29.429856705
814.0,-16.74172616,-29.449196695
815.0,-16.775833650000003,-29.439486754999997
816.0,-16.748164655,-29.431160095000003
817.0,-16.7863539,-29.41217392
818.0,-16.76689069,-29.43063636
819.0,-16.76450416,-29.454041545
820.0,-16.807885759999998,-29.51026577
821.0,-16.793800365000003,-29.495042775
822.0,-16.8097603,-29.557488185
823.0,-16.848684245,-29.57598161
824.0,-16.87460266,-29.67164252
825.0,-16.965728795,-29.39796322
826.0,-17.041283385,-33.17198102
827.0,-17.1539824,-37.883469995
828.0,-2.520364015,-1.632784222
829.0,-0.7898261995,8.8760755875
830.0,3.8784314804999998,12.243931414999999
831.0,3.8377006485000003,8.838509364
832.0,1.4627413355,8.631747901
833.0,-2.5407067779999997,8.433712618
834.0,-2.337872728,8.666119214
835.0,-1.1515955531000002,8.2175267945
836.0,-1.4219756905,8.557152912500001
837.0,-0.35549577635,8.159292594
838.0,-0.096727626165,8.3801078495
839.0,0.3739967194,8.558050947
840.0,0.09291007954000001,8.7325158685
841.0,1.2084545902750001,8.0949025825
842.0,-1.047861282,8.70938041
843.0,1.36674400605,6.793131013
844.0,-0.0112202353735,7.2319325605
845.0,2.205378763,8.213109675
846.0,0.9248013978,12.038807864999999
847.0,0.2318836399,11.99946773
848.0,0.28286066215,11.98773007
849.0,1.7708392804,10.408839509
850.0,20.83912909,-13.573034195
851.0,24.902930515,8.1650755187
852.0,11.267354387000001,-1.3348957495000002
853.0,-16.84961191,-22.68039617
854.0,-24.799563720000002,-37.329413385
855.0,-9.9569890175,-20.12401375
856.0,-10.313783605,-19.763096545
857.0,-10.748003535,-19.936474240000003
858.0,-10.79185305,-19.996302274999998
859.0,-10.85928148,-19.92554951
860.0,-10.86796436,-19.85017385
861.0,-10.890816825000002,-19.901870145
862.0,-10.996215135,-19.838750775
863.0,-10.963300385,-19.755863165
864.0,-10.941543225,-19.77670542
865.0,-10.931935845,-19.676375665000002
866.0,-10.93143504,-19.73042837
867.0,-10.90341938,-19.75863816
868.0,-10.914931645,-19.768458805
869.0,-10.902363605,-19.74303444
870.0,-10.912551275,-19.66678363
871.0,-10.92678993,-19.667068805
872.0,-10.93343934,-19.65966685
873.0,-10.934064320000001,-19.719259985
874.0,-10.945617365,-19.69715597
875.0,-10.960530855,-19.649328555
876.0,-10.92757614,-19.69160205
877.0,-10.88979006,-19.73116096
878.0,-10.929820615,-19.66383175
879.0,-10.94504274,-19.59759409
880.0,-11.16137839,-19.375399305000002
881.0,-11.048934875,-19.446709685000002
882.0,-11.063328065,-19.513325334999998
883.0,-10.84564053,-19.39248569
884.0,-10.8477854,-19.271623655
885.0,-10.970403155,-19.33742676
886.0,-11.03259704,-19.41117275
887.0,-11.004839975,-19.34069967
888.0,-10.97938898,-19.150913835
889.0,-10.94332649,-19.22761645
890.0,-10.4078185735,-18.38642481
891.0,-10.551522675,-18.37471144
892.0,-11.14575488,-18.84442686
893.0,-10.848256475,-18.490971955
894.0,-10.89712055,-18.34557788
895.0,-10.84256523,-18.4503079
896.0,-10.83008917,-18.429377905000003
897.0,-10.80069455,-18.38638127
898.0,-10.783274559999999,-18.398483225
899.0,-10.81985809,-18.38699624
900.0,-10.79901985,-18.361259535000002
901.0,-10.79365192,-18.377907755
902.0,-10.8230638,-18.370179274999998
903.0,-10.799369225,-18.379940814999998
904.0,-10.806921745,-18.39378174
905.0,-10.828886565,-18.4043085
906.0,-10.818490539999999,-18.41838563
907.0,-10.851620950000001,-18.419619835
908.0,-10.83342375,-18.42980885
909.0,-10.827532885,-18.405495854999998
910.0,-10.852140975000001,-18.398314075000002
911.0,-10.82253222,-18.40921891
912.0,-10.8286517,-18.398660545
913.0,-10.854394039999999,-18.36387316
914.0,-10.845647865,-18.365787230000002
915.0,-10.840049,-18.377489435
916.0,-10.89253216,-18.383533175
917.0,-10.75581394,-18.327302555000003
918.0,-10.39988816,-17.15837053
919.0,-10.49340135,-17.40608912
920.0,-10.49638167,-18.555206005000002
921.0,-9.78717788,-17.71187839
922.0,-9.575505676,-17.65114047
923.0,-9.5199426195,-17.68040401
924.0,-9.506451566,-17.6940477
925.0,-9.470070108,-17.672483485
926.0,-9.4402570935,-17.70091643
927.0,-9.465309092,-17.733097530000002
928.0,-9.4164524825,-17.732957905
929.0,-9.4205517145,-17.750801115
930.0,-9.446309197,-17.7739696
931.0,-9.392897436,-17.767186834999997
932.0,-9.435831687,-17.769415105
933.0,-9.3774656145,-17.758976099999998
934.0,-9.364702004000002,-17.76484658
935.0,-9.406091926,-17.767737685
936.0,-9.347403014,-17.76160936
937.0,-9.394568089,-17.76355831
938.0,-9.349388864,-17.763457355
939.0,-9.341950573,-17.7705348
940.0,-9.3865372325,-17.759053985
941.0,-9.357132003,-17.787901820000002
942.0,-9.362795124000002,-17.778570860000002
943.0,-9.406633328,-17.76158413
944.0,-9.349060830500001,-17.774831465
945.0,-9.3765552835,-17.773097739999997
946.0,-9.334855969,-17.768170044999998
947.0,-9.3403654755,-17.767654295
948.0,-9.353326763999998,-17.76629202
949.0,-9.332712753500001,-17.773176284999998
950.0,-9.390917062,-17.78736577
951.0,-9.3383728575,-17.761717439999998
952.0,-9.317315150999999,-17.764838580000003
953.0,-9.382738097499999,-17.75866106
954.0,-9.3135312975,-17.75006233
955.0,-9.324836223,-17.77037945
956.0,-9.4207929355,-17.759742029999998
957.0,-9.806650546,-18.696365305
958.0,-11.834797335000001,-20.705281655
959.0,-11.564195495,-19.743363365
960.0,-11.448839085,-19.189124435
961.0,-11.43992808,-18.98161149
962.0,-11.36157424,-19.052716415
963.0,-11.361523009999999,-19.055765705
964.0,-11.367613495,-19.06260757
965.0,-11.359471095,-19.080695294999998
966.0,-11.38507798,-19.078247495
967.0,-11.35618321,-19.06716688
968.0,-11.37156675,-19.089659599999997
969.0,-11.36713018,-19.07824098
970.0,-11.35322732,-19.084996105000002
971.0,-11.389317145,-19.07681887
972.0,-11.35327822,-19.080144939999997
973.0,-11.36672689,-19.08633283
974.0,-11.383449200000001,-19.082605425
975.0,-11.371227175,-19.088346774999998
976.0,-11.404367270000002,-19.0893647
977.0,-11.373414465,-19.084929510000002
978.0,-11.389444565,-19.093097479999997
979.0,-11.41121988,-19.09772395
980.0,-11.390640965,-19.089850425
981.0,-11.409768315,-19.090330015
982.0,-11.39170287,-19.091822205
983.0,-11.384695455,-19.089620859999997
984.0,-11.41869419,-19.093042435
985.0,-11.38283349,-19.08732166
986.0,-11.41468388,-19.084584645
987.0,-11.39901581,-19.087846875
988.0,-11.39236213,-19.08486069
989.0,-11.42835436,-19.09541639
990.0,-11.395389925,-19.083383904999998
991.0,-11.410241885000001,-19.090588115
992.0,-11.4269491,-19.08790801
993.0,-11.396913405,-19.079407705
994.0,-11.404856665,-19.04394463
995.0,-11.3712832,-19.007319770000002
996.0,-11.6248674,-19.568089829999998
997.0,-11.68186111,-19.220917745
998.0,-11.379596105000001,-18.952954305
999.0,-11.47625159,-18.72854119
1000.0,-11.343529095000001,-19.279866025
1001.0,-11.305145495,-19.046262075
1002.0,-11.309059265,-19.11936342
1003.0,-11.359351095000001,-19.166525425
1004.0,-11.39712028,-19.080196985
1005.0,-11.13238618,-19.27172277
1006.0,-11.23970527,-19.436973665
1007.0,-11.533108434999999,-19.137831505
1008.0,-13.537542935000001,-18.82573171
1009.0,-13.573409545,-19.239498965
1010.0,-11.908328,-23.186233074999997
1011.0,-16.06727467,-28.57299897
1012.0,14.98429889,-37.125437637999994
1013.0,24.336000365,-1.0934140275
1014.0,29.970334835000003,-12.023554445
1015.0,27.945692270000002,-9.2153307655
1016.0,17.077379215,-7.935883297
1017.0,17.96518678,-5.300398127999999
1018.0,2.1028971700000003,-18.779596955000002
1019.0,-40.90554921,-59.74252381
1020.0,-17.03054915,-24.268349965000002
1021.0,-13.43447832,-15.036197005
1022.0,-9.4117503475,-13.58508875
1023.0,-9.919039438,-13.782215215
1024.0,-10.152205485,-13.635411399999999
1025.0,-10.11222435,-13.71630952
1026.0,-10.1949087,-13.642417635000001
1027.0,-10.163228620000002,-13.72161169
1028.0,-10.224361155,-13.648441025
1029.0,-10.18814574,-13.60788918
1030.0,-10.22212798,-13.63087624
1031.0,-10.232756355,-13.686376515
1032.0,-10.214881895000001,-13.655893245000001
1033.0,-10.210373975,-13.65717212
1034.0,-10.27916601,-13.73132971
1035.0,-10.220782100000001,-13.65565902
1036.0,-10.23075929,-13.778501420000001
1037.0,-10.26357412,-13.49263247
1038.0,-10.242358885,-13.688767325
1039.0,-10.238748605,-13.685289785
1040.0,-10.23283696,-13.692074864999999
1041.0,-10.265235255,-13.630705335
1042.0,-10.24500169,-13.57360624
1043.0,-10.2046027,-13.603876005
1044.0,-10.21332045,-13.63121154
1045.0,-10.228580015,-13.621724610000001
1046.0,-10.168135574499999,-13.699774075
1047.0,-9.913116786,-13.549715785
1048.0,-10.03251195,-13.10155624
1049.0,-10.037004505,-13.044738825
1050.0,-10.05106252,-13.06233213
1051.0,-9.985769492500001,-13.30338746
1052.0,-10.854746375000001,-14.079525400000001
1053.0,-10.99632817,-14.119420625
1054.0,-10.80742738,-13.840086385
1055.0,-10.78988007,-13.557705030000001
1056.0,-10.832786375000001,-13.750821915
1057.0,-10.87716552,-13.68588037
1058.0,-10.84098397,-13.710163515000001
1059.0,-10.84201499,-13.74243048
1060.0,-10.88344653,-13.723833925000001
1061.0,-10.845370945,-13.744487155000002
1062.0,-10.854092645000001,-13.71317959
1063.0,-10.82117406,-13.68510929
1064.0,-10.766756229999999,-13.528681555
1065.0,-10.798035729999999,-13.49341244
1066.0,-10.787832550000001,-13.504848105
1067.0,-10.714838735,-13.509911745
1068.0,-10.71754342,-13.456070830000002
1069.0,-10.72362753,-13.430250135
1070.0,-10.77024548,-13.36340122
1071.0,-10.746610409999999,-13.353972725
1072.0,-10.769808375,-13.362301265
1073.0,-10.762101165,-13.347873165
1074.0,-10.76440187,-13.349656905
1075.0,-10.76344007,-13.344466655
1076.0,-10.77887891,-13.31879339
1077.0,-10.741850175,-13.2816103
1078.0,-10.712728455,-13.335583029999999
1079.0,-10.766431520000001,-13.40584148
1080.0,-11.207674845,-14.186441474999999
1081.0,-11.496389109999999,-14.151253955000001
1082.0,-11.16553571,-13.87939673
1083.0,-11.225273625,-13.871502034999999
1084.0,-11.23632722,-13.92357935
1085.0,-11.27074822,-13.901955354999998
1086.0,-11.248484045000001,-13.917429349999999
1087.0,-11.243312725,-13.92565718
1088.0,-11.28147977,-13.92535983
1089.0,-11.244361345000002,-13.912556705
1090.0,-10.8027425,-13.79660248
1091.0,-10.98945533,-13.774269265000001
1092.0,-10.984799085,-13.872651945
1093.0,-11.220356930000001,-14.319723725
1094.0,-11.305281945,-13.675405285
1095.0,-10.54029391,-14.00293241
1096.0,-11.099327835,-13.62834978
1097.0,-11.18436763,-13.84348089
1098.0,-11.206518984999999,-13.84796274
1099.0,-11.169077300000001,-13.89544826
1100.0,-11.20847288,-13.801840120000001
1101.0,-11.11118526,-13.848626185
1102.0,-11.15087674,-13.89044626
1103.0,-11.161339785,-14.00491917
1104.0,-11.144900905,-13.763971635
1105.0,-11.16148964,-13.93164378
1106.0,-11.125174605,-13.88861056
1107.0,-11.1376564,-13.88161038
1108.0,-11.19546806,-13.8820133
1109.0,-11.1509173,-13.889477674999998
1110.0,-11.14157061,-13.89658238
1111.0,-11.17918549,-13.862201235
1112.0,-11.154392925,-13.851948875
1113.0,-10.943439495,-13.189076855
1114.0,-10.02319221,-12.42294592
1115.0,-10.10710719,-12.97478533
1116.0,-10.268086400000001,-13.231734
1117.0,-10.239291425000001,-13.10876507
1118.0,-10.27752241,-13.22382117
1119.0,-10.299814855000001,-13.207364890000001
1120.0,-10.26753855,-13.18579064
1121.0,-10.27795746,-13.206714605
1122.0,-10.27467242,-13.205457979999998
1123.0,-10.27418952,-13.201175835
1124.0,-10.311786885,-13.231010305
1125.0,-10.279432934999999,-13.21616087
1126.0,-10.29964169,-13.19357088
1127.0,-10.291015165000001,-13.18716566
1128.0,-10.295794415,-13.155622835
1129.0,-10.288472545000001,-13.1942976
1130.0,-10.34800775,-13.221668314999999
1131.0,-10.2796399,-13.179429129999999
1132.0,-10.280365145000001,-13.185528145
1133.0,-10.36932911,-13.20999346
1134.0,-10.25862362,-13.176169835
1135.0,-10.29810475,-13.170036889999999
1136.0,-10.264939995,-13.16582789
1137.0,-10.285231755,-13.16984913
1138.0,-10.30895095,-13.191162115000001
1139.0,-10.29042218,-13.19350261
1140.0,-10.299538170000002,-13.188508044999999
1141.0,-10.299829729999999,-13.18662473
1142.0,-10.305072424999999,-13.18984776
1143.0,-10.33144421,-13.224925615
1144.0,-10.299838815000001,-13.20130404
1145.0,-10.32077998,-13.21700715
1146.0,-10.3386173,-13.217117734999999
1147.0,-10.297293825,-13.206120045
1148.0,-10.304851945,-13.21051712
1149.0,-10.314259365,-13.220498965
1150.0,-10.287959820000001,-13.19792263
1151.0,-10.21820977,-13.355507435
1152.0,-10.31750785,-13.33157012
1153.0,-10.326477115,-12.67046678
1154.0,-10.30263757,-13.015695505
1155.0,-10.3072366,-12.947978215
1156.0,-10.2702993,-12.984799774999999
1157.0,-10.292033714999999,-12.978448005
1158.0,-10.26937726,-12.94683673
1159.0,-10.276628695,-12.97338439
1160.0,-10.28578059,-12.96774237
1161.0,-10.29360159,-12.96430286
1162.0,-10.305361285,-12.975152825
1163.0,-10.262687275,-12.993690775000001
1164.0,-10.27054476,-13.01779355
1165.0,-10.292004585,-13.024687345
1166.0,-10.31506244,-13.019570275
1167.0,-10.286117574999999,-13.033345919999999
1168.0,-10.31539032,-13.04717213
1169.0,-10.29713632,-13.02912052
1170.0,-10.29477874,-13.02025599
1171.0,-10.316480935000001,-13.07507457
1172.0,-10.2850497,-13.030866714999998
1173.0,-10.295032135,-13.057174965
1174.0,-10.31835738,-13.060906280000001
1175.0,-10.301623365000001,-13.062030555
1176.0,-10.305175965,-13.051107665
1177.0,-10.30850368,-13.05200179
1178.0,-10.305855704999999,-13.043311565
1179.0,-10.32670796,-13.054429875
1180.0,-10.769095674999999,-13.216585725000002
1181.0,-10.726756075,-13.245870435
1182.0,-10.636560195,-13.058694455000001
1183.0,-10.58537944,-12.91562859
1184.0,-10.557685450000001,-12.940338855
1185.0,-10.5955116,-12.94541104
1186.0,-10.556753375,-12.925499955
1187.0,-10.560358560000001,-12.935930200000001
1188.0,-10.54139365,-12.92558577
1189.0,-10.57374969,-12.92732401
1190.0,-10.51127083,-12.89743954
1191.0,-10.554842494999999,-12.887368815
1192.0,-10.53405991,-12.892724990000001
1193.0,-10.55440724,-12.913798475
1194.0,-10.581478539999999,-12.901792655000001
1195.0,-10.56868721,-12.89999247
1196.0,-10.57027128,-12.88216375
1197.0,-10.571766270000001,-12.91074083
1198.0,-10.526412465,-12.882624535
1199.0,-10.50569049,-12.85470143
1200.0,-10.56218644,-12.831893820000001
1201.0,-10.530101085,-12.82452112
1202.0,-10.5383789,-12.79532897
1203.0,-10.52281674,-12.79722452
1204.0,-10.5458511,-12.78421756
1205.0,-10.52872167,-12.775927339999999
1206.0,-10.51822043,-12.797552725
1207.0,-10.587592659999999,-12.847143145
1208.0,-10.56560499,-12.88776202
1209.0,-10.62858181,-12.90066643
1210.0,-10.612897635,-13.087409115
1211.0,-10.83371269,-14.598428134999999
1212.0,-10.583231665,-13.025796020000001
1213.0,-9.957550340000001,-12.7413645
1214.0,-9.682081903,-12.504286355
1215.0,-10.07605961,-12.1814846
1216.0,-9.670754901999999,-12.4853885
1217.0,-10.753788085,-14.374928375
1218.0,-9.295656958,-19.93463779
1219.0,-6.7458587405,-22.127300355
1220.0,-9.218982348,-28.778960089999998
1221.0,-13.0180543515,-44.19207791
1222.0,25.31557919,5.703264707
1223.0,27.943988285,0.7792244025
1224.0,27.82780152,2.5969831805
1225.0,27.941946145000003,1.2728273090000002
1226.0,28.65170114,0.89563677805
1227.0,29.026852615000003,0.85895820295
1228.0,30.202499735,-0.57229150055
1229.0,30.68709571,-1.184761354
1230.0,26.94504714,-1.6501169119499999
1231.0,7.137853564499999,-25.264338334999998
1232.0,15.39220535,-12.5687317485
1233.0,36.944995864999996,-16.925041295
1234.0,32.33569233,-15.644373345000002
1235.0,42.53626616,-13.04656274
1236.0,49.649793015,-18.393765303
1237.0,46.153225665,-18.837955885
1238.0,44.80985785,-20.85887614
1239.0,46.34201928,-23.618259845
1240.0,45.73636691,-26.255393745
1241.0,45.99527435,-27.22271457
1242.0,46.415943895,-28.996595305
1243.0,46.200314625000004,-29.00415402
1244.0,45.673319,-29.234462165
1245.0,45.562475045,-29.24565929
1246.0,42.24527162,-31.051421519999998
1247.0,15.73511894,9.885611299
1248.0,12.701261144,1.7115799815000003
1249.0,14.72775095,3.921351241
1250.0,13.325526525,7.057358207
1251.0,12.978894315,6.8826148295
1252.0,12.797752725,7.47726352
1253.0,12.399889385,7.9155943440000005
1254.0,12.04716986,2.037789742
1255.0,-7.394832952,3.8200153415
1256.0,-24.08114686,-40.40902782
1257.0,-44.299898995,-46.104346315
1258.0,-27.623269004999997,-35.544077335
1259.0,-13.134639817500002,-28.098460775
1260.0,-9.558433875,-26.61511361
1261.0,-10.011682091,-27.534571435
1262.0,-10.067576175,-27.498782759999997
1263.0,-10.067269845,-27.384810245
1264.0,-10.03350967,-27.3589074
1265.0,-10.061360115,-27.33937813
1266.0,-10.03910883,-27.32645251
1267.0,-10.032826155,-27.328161225000002
1268.0,-10.03444456,-27.320071905
1269.0,-10.01442975,-27.304340735
1270.0,-10.006871310000001,-27.290891334999998
1271.0,-10.028888275,-27.280712025
1272.0,-10.00612736,-27.27474645
1273.0,-10.010214829999999,-27.271648605
1274.0,-10.000719423,-27.257593115
1275.0,-9.979257959,-27.27323006
1276.0,-9.989055294,-27.262143365
1277.0,-9.978716329000001,-27.26228552
1278.0,-9.981624486,-27.25358284
1279.0,-9.9775282925,-27.267911445
1280.0,-9.9758213165,-27.284294105
1281.0,-10.000528833,-27.275509035
1282.0,-10.027012745,-27.316735305
1283.0,-9.978148694,-27.111184055
1284.0,-9.775469274,-27.89610041
1285.0,-11.834193232,-29.196956405
1286.0,-16.20872228,-30.694749815
1287.0,-14.837265465,-30.673276245
1288.0,-14.387850615,-30.61065133
1289.0,-14.36890697,-30.42284694
1290.0,-14.316141585,-30.421356135
1291.0,-14.29427967,-30.446462775
1292.0,-14.292765815,-30.466520185
1293.0,-14.286351945,-30.498077504999998
1294.0,-14.28814341,-30.53980023
1295.0,-14.293474889999999,-30.599109285
1296.0,-14.2777973,-30.65617417
1297.0,-14.296290145,-30.642225850000003
1298.0,-14.2659762,-30.66649069
1299.0,-14.26269437,-30.65347624
1300.0,-14.289925245,-30.654356135
1301.0,-14.267461015,-30.612534125
1302.0,-14.25776011,-30.61703549
1303.0,-14.26907215,-30.577827855000002
1304.0,-14.25603684,-30.578954275
1305.0,-14.189171285,-30.435898635
1306.0,-14.57966441,-30.58737813
1307.0,-14.6408786,-30.5347054
1308.0,-14.430095255,-30.483348630000002
1309.0,-14.363950375,-30.4814116
1310.0,-14.402568525,-30.486837155
1311.0,-14.369850215,-30.474359215
1312.0,-14.36491422,-30.49685593
1313.0,-14.41062212,-30.487338620000003
1314.0,-14.374749885,-30.49158642
1315.0,-14.41358679,-30.482808634999998
1316.0,-14.34709629,-30.453329580000002
1317.0,-14.349012255,-30.437776905
1318.0,-14.38877365,-30.43302614
1319.0,-14.32777312,-30.40990963
1320.0,-14.354902,-30.39270468
1321.0,-14.319783529999999,-30.38700682
1322.0,-14.33146228,-30.402975875
1323.0,-14.346653495,-30.384466185
1324.0,-14.32192724,-30.35743505
1325.0,-14.351214384999999,-30.352554745
1326.0,-14.3280823,-30.310663765
1327.0,-14.32873346,-30.29944789
1328.0,-14.36291014,-30.295894645
1329.0,-14.345784415,-30.306524330000002
1330.0,-14.357742675,-30.304388539999998
1331.0,-14.35475359,-30.29866102
1332.0,-14.31972933,-30.28326503
1333.0,-14.352746295,-30.28006053
1334.0,-14.317656875,-30.27493579
1335.0,-14.33513698,-30.290097279999998
1336.0,-14.34285904,-30.27411843
1337.0,-14.317383995,-30.277034765
1338.0,-14.33693856,-30.28112227
1339.0,-14.329841734999999,-30.27939696
1340.0,-14.31773272,-30.280870225
1341.0,-14.334398435,-30.265386605
1342.0,-14.309940229999999,-30.251645009999997
1343.0,-14.33390026,-30.252870535
1344.0,-14.33641535,-30.27294322
1345.0,-14.342142410000001,-30.262777125
1346.0,-14.364160985,-30.26780078
1347.0,-14.323834824999999,-30.27452371
1348.0,-14.34154767,-30.26278647
1349.0,-14.35682223,-30.238519305
1350.0,-14.31911954,-30.08477652
1351.0,-14.359907230000001,-30.132758715
1352.0,-14.237387665,-29.969778715
1353.0,-13.91765762,-29.975767985
1354.0,-13.757471205,-30.357709325000002
1355.0,-13.9180647,-30.293793255
1356.0,-13.93075884,-30.44759881
1357.0,-13.95037535,-30.34997133
1358.0,-13.986024575,-30.33137729
1359.0,-13.96008462,-30.352971545
1360.0,-14.331193039999999,-30.16908909
1361.0,-14.20035045,-30.244808990000003
1362.0,-14.16227116,-30.37112112
1363.0,-14.205993525,-30.34739075
1364.0,-14.18047877,-30.359907225
1365.0,-14.17140423,-30.35626259
1366.0,-14.187066535,-30.387088130000002
1367.0,-14.170642215,-30.370163499999997
1368.0,-14.16835498,-30.37566831
1369.0,-14.19446041,-30.386774735
1370.0,-14.166127920000001,-30.373993525000003
1371.0,-14.16422813,-30.379684025
1372.0,-14.200678660000001,-30.36450151
1373.0,-14.158444979999999,-30.340497435
1374.0,-14.15427587,-30.348206405
1375.0,-14.17055512,-30.34284872
1376.0,-14.15931534,-30.348061315000002
1377.0,-14.139445225,-30.342295905
1378.0,-14.156845749999999,-30.331115590000003
1379.0,-14.16828239,-30.341481095
1380.0,-14.15165457,-30.3539436
1381.0,-14.16214574,-30.352536425
1382.0,-14.178228885,-30.35406469
1383.0,-14.15410546,-30.347292665
1384.0,-14.16643694,-30.348322500000002
1385.0,-14.166418675,-30.370062474999997
1386.0,-14.144729080000001,-30.349391125
1387.0,-14.18938079,-30.33728441
1388.0,-14.157300455,-30.361434535
1389.0,-14.155688040000001,-30.368516695
1390.0,-14.174872,-30.370551105
1391.0,-14.143426545,-30.374995375
1392.0,-14.185921310000001,-30.383859905
1393.0,-14.1429238,-30.37600445
1394.0,-14.150208075,-30.377723415
1395.0,-14.1750918,-30.39947846
1396.0,-14.147073195,-30.381058250000002
1397.0,-14.172170025,-30.383271524999998
1398.0,-14.155622075,-30.380800515
1399.0,-14.16395098,-30.38686969
1400.0,-14.188638985,-30.39412262
1401.0,-14.152026735,-30.38605726
1402.0,-14.15163432,-30.390418095
1403.0,-14.189002975000001,-30.399393449999998
1404.0,-14.14970851,-30.39054487
1405.0,-14.14662805,-30.38644248
1406.0,-14.162974295000001,-30.40378088
1407.0,-14.151725875,-30.397572505
1408.0,-14.19321886,-30.389259090000003
1409.0,-14.16365105,-30.4070843
1410.0,-14.100121355,-30.48866435
1411.0,-15.28800151,-31.23064538
1412.0,-16.312795360000003,-31.59801213
1413.0,-13.761169445,-30.949351715
1414.0,-12.764986655,-30.568368915
1415.0,-11.66177981,-29.57722416
1416.0,-11.93205945,-29.29099769
1417.0,-12.22908022,-29.5634402
1418.0,-12.15991064,-29.235833239999998
1419.0,-12.60177784,-29.396834315
1420.0,-12.074317445,-29.253258425
1421.0,-12.562543805,-29.288931495
1422.0,-12.5624755,-29.43875457
1423.0,-12.51330768,-29.23763866
1424.0,-12.54998736,-29.375924904999998
1425.0,-12.402044705000002,-29.27751094
1426.0,-12.722462585,-29.36679824
1427.0,-12.186293245000002,-29.28131277
1428.0,-12.3421141,-29.23074617
1429.0,-12.357333144999998,-29.262865185000003
1430.0,-12.580073555,-29.32498733
1431.0,-12.445261875,-29.253238355
1432.0,-12.577304915,-29.29317073
1433.0,-12.3069705,-29.26715335
1434.0,-12.69947102,-29.339120029999997
1435.0,-12.17911021,-29.14802576
1436.0,-12.795401535,-29.35952233
1437.0,-12.37668845,-29.20129005
1438.0,-12.699757495,-29.352437295
1439.0,-12.356598195,-29.187586275
1440.0,-12.702502505,-29.33250419
1441.0,-12.31621678,-29.21466929
1442.0,-12.322627465,-29.29127931
1443.0,-12.635332785,-29.275817529999998
1444.0,-12.284365215,-29.202524875
1445.0,-12.166130345,-29.192222235
1446.0,-12.03982762,-29.31852581
1447.0,-12.15223189,-29.159167144999998
1448.0,-12.56103441,-29.264514135
1449.0,-12.380193465,-29.16482364
1450.0,-12.35466002,-29.25072137
1451.0,-12.609465629999999,-29.25443549
1452.0,-12.04970954,-29.08813918
1453.0,-12.572582015,-29.229331934999998
1454.0,-12.347171634999999,-29.167916695000002
1455.0,-12.47980608,-29.23965432
1456.0,-12.44313608,-29.220547855
1457.0,-12.423802955,-29.24119318
1458.0,-12.43773361,-29.11534353
1459.0,-12.345537755,-29.16061043
1460.0,-12.660153365,-29.288623344999998
1461.0,-12.26722694,-29.12711023
1462.0,-12.344963069999999,-29.27089266
1463.0,-12.50084564,-29.716361
1464.0,-12.84681346,-29.64592707
1465.0,-13.98197204,-30.028029765
1466.0,-14.09065346,-30.019788390000002
1467.0,-14.063599804999999,-30.03766626
1468.0,-14.075781339999999,-30.080739875
1469.0,-14.114153145,-30.1112772
1470.0,-14.05158402,-30.23246502
1471.0,-14.594080835,-29.777222325
1472.0,-14.304692085,-29.643595665
1473.0,-14.100857665,-29.940592715
1474.0,-14.14750441,-29.9347741
1475.0,-14.139911015,-29.917331394999998
1476.0,-14.13251383,-29.93339474
1477.0,-14.17678678,-29.91184674
1478.0,-14.126747045,-29.920237104999998
1479.0,-14.19896483,-29.917121145000003
1480.0,-14.18061921,-29.954299714999998
1481.0,-14.18481003,-29.96222976
1482.0,-14.24686349,-29.95612776
1483.0,-14.172175945,-29.97772456
1484.0,-14.21127645,-29.962912154999998
1485.0,-14.182879325,-29.971306055
1486.0,-14.18175991,-29.970689970000002
1487.0,-14.218426269999998,-29.95885224
1488.0,-14.17267865,-29.96134874
1489.0,-14.21291171,-29.96168178
1490.0,-14.1818369,-29.9605937
1491.0,-14.16661029,-29.968581909999997
1492.0,-14.20454529,-29.978353245
1493.0,-14.173899250000002,-29.969580565
1494.0,-14.164908855,-29.97174019
1495.0,-14.21141077,-29.95748149
1496.0,-14.168318410000001,-29.971766475000003
1497.0,-14.18976722,-29.973776100000002
1498.0,-14.182718475,-29.96218075
1499.0,-14.165284875000001,-29.97522877
1500.0,-14.207346125,-29.956761615
1501.0,-14.17670836,-29.96410469
1502.0,-14.177541054999999,-29.966264795
1503.0,-14.20046141,-29.964343485
1504.0,-14.171931820000001,-29.96841304
1505.0,-14.17754173,-29.964581610000003
1506.0,-14.184003449999999,-29.97216396
1507.0,-14.172473844999999,-29.97372807
1508.0,-14.2126892,-29.95968033
1509.0,-14.174898469999999,-29.973953549999997
1510.0,-14.17003527,-29.971732895000002
1511.0,-14.200922585,-29.960136255000002
1512.0,-14.16255374,-29.983808269999997
1513.0,-14.17265258,-29.9687192
1514.0,-14.21835771,-29.95193294
1515.0,-14.165450629999999,-29.978216145
1516.0,-14.008580420000001,-29.923959779999997
1517.0,-14.468904855,-30.695141399999997
1518.0,-14.601690605,-31.295599029999998
1519.0,-14.771416434999999,-31.337222355
1520.0,-14.97282607,-31.56764915
1521.0,-15.00318682,-31.592027045000002
1522.0,-15.048594635,-31.58939188
1523.0,-15.00333707,-31.61266148
1524.0,-15.03292408,-31.6037075
1525.0,-15.00145173,-31.609418715
1526.0,-14.99284354,-31.63682076
1527.0,-14.988335724999999,-31.548308385
1528.0,-14.004835154999999,-32.266210415
1529.0,-12.934661694999999,-36.27444382
1530.0,-16.784927465,-40.561416660000006
1531.0,0.9473719850000002,-72.98228868999999
1532.0,24.92748332,2.168377617
1533.0,32.56594905,-3.808436496
1534.0,32.794239405,-3.1360786195
1535.0,31.988695659999998,-2.025293836
1536.0,31.82862018,-2.413865742
1537.0,31.52816016,-2.3187346
1538.0,31.43043311,-2.2699177004999997
1539.0,31.283240120000002,-2.32672649
1540.0,31.22993893,-2.423308347
1541.0,31.181276405,-2.528899399
1542.0,31.114302015,-2.5449706725
1543.0,31.240495675,-2.615061233
1544.0,31.17320425,-2.619180928
1545.0,31.644913250000002,-2.9482888105000002
1546.0,31.528736539999997,-2.8562348945
1547.0,31.48733618,-2.878760282
1548.0,31.522555375,-2.884337071
1549.0,31.441651755000002,-3.0065708449999997
1550.0,31.807465389999997,-3.032702153
1551.0,33.89866538,-5.124176689
1552.0,25.13815007,-0.03979073276
1553.0,25.994538155,-0.16766229259999998
1554.0,31.283698270000002,-4.3010723755
1555.0,31.874243720000003,-6.104556397
1556.0,30.69206905,-5.937200872
1557.0,30.343643225,-6.139580951999999
1558.0,30.34264273,-5.797116658
1559.0,29.162143135,-4.3018587295
1560.0,22.426245985,-0.43285019199999997
1561.0,-13.976507892,-15.23833873
1562.0,-45.73075553,-54.31100811
1563.0,-34.129114224999995,-45.77147515
1564.0,-14.01636647,-33.18451632
1565.0,-11.177594849999998,-20.597331265
1566.0,-10.97262332,-19.3043523
1567.0,-11.071880085,-20.049975105
1568.0,-10.667463699999999,-20.015222615
1569.0,-10.651679435,-19.937265240000002
1570.0,-10.625082299999999,-19.94906106
1571.0,-10.62606297,-19.91724334
1572.0,-10.589889385,-19.93023714
1573.0,-10.604710404999999,-19.90801062
1574.0,-10.59960668,-19.88320604
1575.0,-10.559501990000001,-19.908403
1576.0,-10.602242745000002,-19.852290095
1577.0,-10.558746334999999,-19.87694101
1578.0,-10.46180436,-19.81475221
1579.0,-10.429512375,-19.775634439999997
1580.0,-10.3904257,-19.80913333
1581.0,-10.42998272,-19.785726859999997
1582.0,-10.38118219,-19.812907815
1583.0,-10.384147035,-19.805296865000003
1584.0,-10.420425550000001,-19.779950265
1585.0,-10.38518744,-19.819475335
1586.0,-10.421127255,-19.806997690000003
1587.0,-10.39255319,-19.79575602
1588.0,-10.41334715,-19.82001306
1589.0,-10.46544356,-19.80576567
1590.0,-10.438377045,-19.78662552
1591.0,-10.423965935,-19.823384735
1592.0,-10.46500387,-19.78635697
1593.0,-10.418839785,-19.75783141
1594.0,-10.388261345,-19.751463325
1595.0,-10.425031945,-19.690804675
1596.0,-10.37475064,-19.742915345
1597.0,-10.405730925,-19.70350655
1598.0,-10.39458587,-19.70335439
1599.0,-10.370025134999999,-19.739317955
1600.0,-10.3932486,-19.689971205
1601.0,-10.364593395,-19.730793515
1602.0,-10.3693807,-19.720727525
1603.0,-10.388560049999999,-19.67336511
1604.0,-10.34789647,-19.7215443
1605.0,-10.38846946,-19.67516139
1606.0,-10.35918263,-19.66899643
1607.0,-10.379471644999999,-19.716493565
1608.0,-10.37477905,-19.690448734999997
1609.0,-10.292583969999999,-19.675359735
1610.0,-10.29425555,-19.67726919
1611.0,-10.35558227,-19.6032899
1612.0,-10.343243345000001,-19.62720874
1613.0,-10.320314475,-19.65104469
1614.0,-10.332201345000001,-19.634218240000003
1615.0,-10.329355215,-19.683668945
1616.0,-10.37741649,-19.61216567
1617.0,-10.32142569,-19.669084495
1618.0,-10.3123945,-19.65833623
1619.0,-10.332072844999999,-19.621477194999997
1620.0,-10.30310527,-19.609171914999997
1621.0,-10.259097839999999,-19.430396195
1622.0,-10.13578618,-18.97398492
1623.0,-10.919014285,-18.732581395
1624.0,-11.599508029999999,-21.078717490000002
1625.0,-11.514338344999999,-21.361460475
1626.0,-11.581782015,-21.485048985
1627.0,-11.596237550000001,-21.4992211
1628.0,-11.555222045,-21.521969115
1629.0,-11.62635022,-21.47050948
1630.0,-11.548347199999998,-21.519989709999997
1631.0,-11.568165839999999,-21.520170905
1632.0,-11.563759350000002,-21.511673795
1633.0,-11.535223949999999,-21.53349897
1634.0,-11.57499556,-21.515554055
1635.0,-11.54012087,-21.5199384
1636.0,-11.54089603,-21.527835785
1637.0,-11.596850085,-21.502019885
1638.0,-11.548457599999999,-21.525317899999997
1639.0,-11.562712725,-21.508800305
1640.0,-11.577277930000001,-21.498782095
1641.0,-11.55303387,-21.52886497
1642.0,-11.578328415,-21.49204301
1643.0,-11.54993374,-21.4905174
1644.0,-11.543205664999999,-21.51283344
1645.0,-11.592836559999999,-21.472469410000002
1646.0,-11.67640308,-21.09783964
1647.0,-11.58747145,-21.24545746
1648.0,-10.281272705,-20.27280377
1649.0,-11.95424698,-21.92078483
1650.0,-11.667594425,-23.39524661
1651.0,-10.303800451,-26.492208305
1652.0,-13.221620304999998,-35.252794965
1653.0,-0.23695631000000006,-55.275113024999996
1654.0,17.2125007055,4.1966507305
1655.0,19.17031112,7.39680898
1656.0,19.36421047,12.116496819999998
1657.0,17.93566462,3.6389292275000003
1658.0,15.37123098,-9.8638921645
1659.0,1.3851601240000004,-16.93088494
1660.0,-23.04246694,-43.735916985
1661.0,-29.617245685,-35.67262202
1662.0,-15.19148017,-25.25307276
1663.0,-13.681831395,-23.10208682
1664.0,-12.94892771,-22.829735839999998
1665.0,-12.9494028,-22.804713149999998
1666.0,-12.934634670000001,-22.797877295
1667.0,-12.9177606,-22.824397855
1668.0,-12.91106251,-22.81936634
1669.0,-12.884643085,-22.786520340000003
1670.0,-12.873324925,-22.813198455
1671.0,-12.88609938,-22.791904279999997
1672.0,-12.85577985,-22.805429155
1673.0,-12.82646721,-22.662343004999997
1674.0,-12.81836156,-22.32629324
1675.0,-12.681217884999999,-22.192278495
1676.0,-12.876903535,-22.510698245
1677.0,-12.91558976,-22.471666900000002
1678.0,-12.888557845000001,-22.486837805
1679.0,-12.911689469999999,-22.459387205
1680.0,-12.91602953,-22.43704612
1681.0,-12.89406292,-22.488093295
1682.0,-12.93162421,-22.471709925
1683.0,-12.91726337,-22.50274725
1684.0,-12.941070475,-22.508725735
1685.0,-12.9292051,-22.492842835
1686.0,-12.91645037,-22.50115779
1687.0,-12.96794234,-22.48686904
1688.0,-12.92282235,-22.500708449999998
1689.0,-12.92600363,-22.51715214
1690.0,-12.952830415,-22.50860848
1691.0,-12.923571185,-22.530416175
1692.0,-12.938011540000002,-22.531193815
1693.0,-12.96620239,-22.51155074
1694.0,-12.92197156,-22.535089265
1695.0,-12.96107159,-22.519558155
1696.0,-12.933473235000001,-22.53117305
1697.0,-12.934054710000002,-22.544392170000002
1698.0,-12.949638745000001,-22.525725205
1699.0,-12.9284283,-22.54184736
1700.0,-13.27814807,-23.80287711
1701.0,-12.84544462,-22.862298905
1702.0,-14.317297195,-25.13095251
1703.0,-14.359095969999998,-25.88242207
1704.0,-14.2926593,-25.84102788
1705.0,-14.0592618,-25.675828435
1706.0,-14.0993329,-25.52372138
1707.0,-15.832641155000001,-24.291260345
1708.0,-15.639071269999999,-24.039338615
1709.0,-15.289535385,-26.79482498
1710.0,-15.575712249999999,-25.57591931
1711.0,-15.35951375,-24.20031579
1712.0,-15.479912209999998,-25.316937160000002
1713.0,-15.45888369,-24.736953839999998
1714.0,-16.947861355,-22.35886229
1715.0,-17.686583409999997,-21.259613705
1716.0,-17.170461705,-20.733523915
1717.0,-17.16349939,-20.81162792
1718.0,-17.29461352,-21.285868735
1719.0,-17.270403535,-21.52435827
1720.0,-16.910317730000003,-21.550109745
1721.0,-16.686188015,-21.615647075
1722.0,-16.43741712,-21.80814762
1723.0,-16.354071425,-21.791931740000003
1724.0,-16.08592128,-21.38734984
1725.0,-15.63013513,-22.75183826
1726.0,-15.80572231,-23.500133245
1727.0,-15.668206779999998,-23.870842789999998
1728.0,-15.548483745,-23.733672645
1729.0,-15.596568885,-23.78326788
1730.0,-15.59791435,-23.78446118
1731.0,-15.59678689,-23.817130525
1732.0,-15.601874415000001,-23.835771835000003
1733.0,-15.600739390000001,-23.84415733
1734.0,-15.596658715,-23.843213894999998
1735.0,-15.59790863,-23.850906154999997
1736.0,-15.60003821,-23.847267895
1737.0,-15.60061674,-23.86379534
1738.0,-15.59871494,-23.858916315000002
1739.0,-15.59642128,-23.87497439
1740.0,-15.604098505,-23.878842605
1741.0,-15.6056752,-23.87837122
1742.0,-15.595379665,-23.86949011
1743.0,-15.58451545,-23.86703805
1744.0,-15.59445022,-23.868117415
1745.0,-15.589785580000001,-23.8611309
1746.0,-15.589088145000002,-23.855285754999997
1747.0,-15.59617626,-23.853202680000003
1748.0,-15.584843849999999,-23.842398445
1749.0,-15.59375398,-23.83966239
1750.0,-15.59189734,-23.822681825
1751.0,-15.561034405000001,-23.835344534999997
1752.0,-15.565867895,-23.813115245
1753.0,-15.594265255,-23.806670885
1754.0,-15.567622,-23.80283563
1755.0,-15.57164692,-23.8283332
1756.0,-15.547523264999999,-23.706477545
1757.0,-15.54723475,-23.7156358
1758.0,-15.557296885,-23.71769343
1759.0,-15.562051745,-23.69721828
1760.0,-15.542975250000001,-23.71023331
1761.0,-15.57773375,-23.70078243
1762.0,-15.524642665,-23.722439705
1763.0,-13.89556445,-26.120328049999998
1764.0,-36.878092280000004,-53.571776395
1765.0,7.3824679492,-8.309963265
