Time (s),Inclination (deg),Rotation (deg)
0.0,9.382212869,-49.80120444
1.0,9.581425108,-49.23378018
2.0,9.690280015999999,-51.222103595
3.0,9.4910643505,-51.956885674999995
4.0,9.422066629,-51.998259925
5.0,9.316887037,-51.26205938
6.0,9.2893251095,-51.306063025
7.0,9.2808913955,-51.321597725000004
8.0,9.269321073499999,-51.290909485
9.0,9.249091303,-51.18692626
10.0,9.250985327,-51.092960855
11.0,9.241759688999998,-51.184538205
12.0,9.2055034485,-51.234880395000005
13.0,9.2235179695,-51.158830345
14.0,9.2053789785,-51.0986259
15.0,9.2319925665,-51.30640655
16.0,9.14829876,-50.65238416
17.0,9.1352900945,-50.651166270000004
18.0,9.1231022195,-50.684368735
19.0,9.093367032,-50.676615659999996
20.0,9.053112853,-50.539085555
21.0,9.081545344,-50.553338194999995
22.0,9.092055821,-50.3580535
23.0,9.0765934125,-50.50925494
24.0,8.769942738000001,-50.412478865
25.0,7.897349384,-48.975998520000005
26.0,7.535024695,-48.97740431
27.0,9.484530380999999,-46.667418104999996
28.0,10.1020007675,-51.211303105
29.0,10.422012413000001,-51.01185243
30.0,12.817312170000001,-47.29887096
31.0,10.1523766535,-49.53483101
32.0,11.715311329999999,-46.66765723
33.0,11.941566715,-46.48489458
34.0,10.410110709,-51.802759505
35.0,10.077854642,-51.90484035
36.0,9.4977841585,-51.89262858
37.0,9.434150385,-51.80437938
38.0,9.578207878,-52.24456704
39.0,9.583595277,-52.32286812
40.0,9.5217473285,-51.872802915
41.0,9.5574656855,-52.30847147
42.0,9.5809004865,-52.475216634999995
43.0,9.535582069,-52.19815776
44.0,9.4889097755,-52.016313554999996
45.0,9.4761222505,-52.16594387
46.0,9.494181275,-52.05623306
47.0,9.491359835,-52.22761002
48.0,9.455010099999999,-52.06984054
49.0,9.435604040000001,-51.975337205
50.0,9.4593446715,-52.024292605
51.0,9.478239435,-52.21519667
52.0,9.499781059,-52.200601434999996
53.0,9.446122699,-51.849405725
54.0,9.390758682,-51.78665757
55.0,9.3801499335,-51.943306515
56.0,9.372110362,-51.94438304
57.0,9.4058275065,-51.84564175
58.0,9.375403695,-51.711004720000005
59.0,9.409623242,-51.91186278
60.0,9.4471899745,-52.08153316
61.0,9.5849892595,-52.20239375
62.0,9.543237086,-51.836755295
63.0,9.551541888500001,-51.76415844
64.0,9.574364009,-52.093848595
65.0,9.582227512500001,-51.799659855
66.0,9.627431437,-51.803981095
67.0,9.6089436255,-52.495857475
68.0,9.631280645499999,-52.333095385
69.0,9.6677203265,-52.842870115
70.0,9.6682321075,-52.57216761
71.0,9.7231138235,-53.011146825
72.0,9.703106088,-52.80151652
73.0,9.835740793,-52.711661205
74.0,9.800334646500001,-52.497407464999995
75.0,9.78862872,-52.80350984
76.0,9.693668488,-52.31110957
77.0,9.707770922,-52.05508669
78.0,9.694708315,-52.301784229999996
79.0,9.6940491275,-52.26636426
80.0,9.667865874,-52.023631449999996
81.0,9.6423595715,-51.859263115000005
82.0,9.6869699585,-52.163054759999994
83.0,9.681573758999999,-51.942156374999996
84.0,9.662581716999998,-52.033401945
85.0,9.66555207,-52.135649560000004
86.0,9.6712630765,-52.058097065
87.0,10.152785207,-52.074610305
88.0,10.666691675,-52.43322266
89.0,10.247429205,-51.357687420000005
90.0,10.02600027,-51.572182675
91.0,9.8385726175,-50.74905215
92.0,9.7207004615,-51.09451128
93.0,9.728661291,-51.138778525
94.0,9.7574067055,-51.030040035
95.0,9.695614445,-50.75409587
96.0,9.72078693,-51.094844305
97.0,9.788419532999999,-51.10829212
98.0,9.7729719575,-50.839605785
99.0,9.9295337605,-51.302464015
100.0,9.9692615815,-51.418886584999996
101.0,9.8362264525,-51.209250055
102.0,9.76493084,-50.83703626
103.0,9.836294503,-51.39387926
104.0,9.81522583,-51.268089925
105.0,9.760882501000001,-50.82553652
106.0,9.7849583315,-51.161735289999996
107.0,9.783712006,-51.234075335
108.0,9.7350305295,-51.04898885
109.0,9.727391687499999,-50.815509035000005
110.0,9.9479397695,-51.727591024999995
111.0,9.931838214999999,-51.191821795
112.0,9.8112888445,-50.951183505
113.0,9.80744279,-51.227439035
114.0,9.784466926,-51.2653102
115.0,9.7170109675,-50.801540485000004
116.0,9.7166366965,-50.672898364999995
117.0,9.769554120999999,-50.84380851
118.0,9.738732049,-50.744355915
119.0,9.7580615395,-50.859561775
120.0,9.7730027725,-50.88490085
121.0,9.730962505,-50.802470650000004
122.0,9.7134202125,-50.535993215
123.0,9.7124632895,-50.745837255
124.0,9.7141413825,-50.90141199
125.0,9.731575668,-50.760623980000005
126.0,9.920352122,-51.889789574999995
127.0,9.819191915000001,-51.4782338
128.0,9.484947906,-52.34759552
129.0,9.1616546795,-51.00349903
130.0,10.004918892500001,-46.974645505
131.0,9.67576186,-51.02868738
132.0,12.05544583,-44.45934575
133.0,12.367267555,-44.139864655
134.0,11.774573414999999,-42.537580355
135.0,11.96436411,-34.331073105
136.0,21.55202741,25.545258105
137.0,17.438895135,-31.59762692
138.0,12.80823347,-0.767688792995
139.0,12.72842144,27.1684423925
140.0,12.091428306500001,6.169442270000001
141.0,8.941452917,-40.68725073
142.0,8.6599030665,-39.670938050000004
143.0,8.6793759285,-40.329198735
144.0,8.700459761000001,-40.693117535
145.0,8.7027108485,-40.632808315000005
146.0,8.68776107,-40.734733255
147.0,8.713697633,-40.77704285
148.0,8.692946689,-40.827724915000005
149.0,8.6366690755,-40.391431804999996
150.0,8.6097297315,-40.499304914999996
151.0,8.6274780385,-40.670233800000005
152.0,8.572738902000001,-40.97957509
153.0,8.614061102,-40.84265189
154.0,8.643014058,-41.22842005
155.0,8.623529592,-40.9174721
156.0,8.584153686,-40.86953545
157.0,8.594717303500001,-41.10642552
158.0,8.603773294,-41.24666521
159.0,8.582468272,-41.188454245
160.0,8.537389064,-40.877609275
161.0,8.5329623715,-41.02215502
162.0,8.548623826,-41.118192879999995
163.0,8.5253744415,-40.88318322
164.0,8.505491025000001,-40.84870103
165.0,8.5236333165,-40.900504925
166.0,8.506012980000001,-40.978389455
167.0,8.497465732,-40.043367575
168.0,8.3761122035,-40.357546619999994
169.0,8.4158156515,-40.658176194999996
170.0,8.3997673605,-40.45956187
171.0,8.3628050355,-40.402641425
172.0,8.374518932,-40.310700895
173.0,8.409684443,-40.554371180000004
174.0,8.3988842255,-40.362307494999996
175.0,8.388953524000001,-40.4917429
176.0,8.4342473285,-40.8432232
177.0,8.4115206325,-40.559577495
178.0,8.384024059000001,-40.434317675
179.0,8.411967825,-40.84890356
180.0,8.448389388,-40.70399048
181.0,8.4104931215,-40.79364633
182.0,8.4140687085,-40.768793185
183.0,8.427404601500001,-41.01682555
184.0,8.444155357,-40.929347825
185.0,8.414897424500001,-40.869878995
186.0,8.4169749195,-40.955552620000006
187.0,8.4434609785,-41.088544505
188.0,8.45464127,-40.97105571
189.0,8.430323354,-40.892522275
190.0,8.4473978915,-40.999526805
191.0,8.4404342405,-41.051364135
192.0,8.656130446999999,-39.6508509
193.0,8.5485117375,-41.095130155
194.0,8.5220746325,-41.373192794999994
195.0,8.5281999645,-41.34822081
196.0,8.604339247,-40.299717435000005
197.0,8.4659784155,-40.595992315000004
198.0,8.469564368,-40.76607947
199.0,8.454899648000001,-40.549951995
200.0,8.3928940675,-41.07551841
201.0,8.4114338185,-41.02974517
202.0,8.544844426000001,-40.482642889999994
203.0,8.8116445195,-41.18705411
204.0,8.798195197,-41.42135763
205.0,8.687307655,-41.31229398
206.0,8.643481722499999,-40.864169005
207.0,8.58264558,-40.57953385
208.0,8.59254854,-40.74359269
209.0,8.612791574,-40.84727176
210.0,8.606906132999999,-40.69246899
211.0,8.5940531475,-40.84790024
212.0,8.632983574499999,-40.970505315
213.0,8.600205614,-40.883287445
214.0,8.587471996000001,-40.967707655
215.0,8.581527846,-40.842145875
216.0,8.594046702,-40.553119955
217.0,8.692270004000001,-41.490640709999994
218.0,8.697599186,-41.449502915
219.0,8.873168774500002,-40.75605808
220.0,9.1510797075,-40.29818401
221.0,8.943748641500001,-41.216377995
222.0,9.1592326125,-41.721953150000004
223.0,9.098849706,-40.8493601
224.0,8.83933933,-40.91983055
225.0,8.792418561,-41.157500975000005
226.0,8.7860934285,-40.998955069999994
227.0,8.724181726000001,-40.717419085
228.0,8.688413803,-41.21123504
229.0,8.7290174235,-41.238306515000005
230.0,8.7354257125,-41.16248927
231.0,8.845599552,-41.40365648
232.0,8.990405568,-41.67671991
233.0,8.9188773035,-41.401370635
234.0,8.8120073425,-41.036357065
235.0,8.7798575015,-40.99131051
236.0,9.008117566,-42.173270994999996
237.0,9.029809100000001,-42.112771640000005
238.0,9.073307536,-41.865054810000004
239.0,9.058472254,-41.587392855000004
240.0,8.998627997,-41.649997435
241.0,8.904037648,-41.571348904999994
242.0,8.9157218295,-41.720824575
243.0,8.8685730815,-41.40179685
244.0,8.897091803,-41.544501275
245.0,8.9375701435,-41.7040515
246.0,8.9163034205,-41.54481799
247.0,8.876212419,-41.30475047
248.0,8.90862835,-41.82813756
249.0,8.933494889999999,-41.495585555000005
250.0,8.868129683,-41.37478017
251.0,8.815196154,-41.34779391
252.0,8.8523722025,-41.332297665
253.0,8.9426361195,-41.18964998
254.0,8.870133194000001,-41.120352725000004
255.0,8.880953153499998,-42.075151215
256.0,8.912213104,-41.99971638
257.0,8.8023700175,-41.409225225
258.0,8.820112188500001,-41.491019315
259.0,8.8129353115,-41.68271863
260.0,8.840006834499999,-41.776107495000005
261.0,8.7638302735,-41.331575525
262.0,8.8218229325,-41.847288195000004
263.0,8.8239154495,-41.700389265
264.0,8.7904252515,-41.641930575
265.0,8.8049605575,-41.639302025000006
266.0,8.880886585999999,-41.722149015
267.0,8.840503474,-40.895359154999994
268.0,8.854397841499999,-41.68709937
269.0,8.985753543,-40.680594995
270.0,9.447769884500001,-40.039992119999994
271.0,8.8512106885,-41.214320830000005
272.0,9.171887855,-43.186194515
273.0,7.968279949499999,-43.102915104999994
274.0,7.452298432,-40.673607774999994
275.0,8.7242917215,-44.55340352499999
276.0,8.608759193000001,-43.24634754
277.0,8.581779919,-43.32606755
278.0,8.5423926225,-42.943514195
279.0,8.716580779000001,-44.12325538
280.0,8.716520873,-44.277420809999995
281.0,8.683414519500001,-43.100214135
282.0,8.712097457,-43.33496608
283.0,8.680450656,-43.2449252
284.0,8.667290109,-43.3809662
285.0,8.690596523,-43.41473072
286.0,8.679286915,-43.271209369999994
287.0,8.672506519,-43.327081045
288.0,8.697055809,-43.38892176
289.0,8.688052351500001,-43.345350705
290.0,8.6794907075,-43.413278295
291.0,8.6956615555,-43.251513724999995
292.0,8.6884955785,-43.374143225
293.0,8.6866569125,-43.307505864999996
294.0,8.6699817855,-43.306431364999995
295.0,8.631023271,-43.053437975
296.0,8.803880739499998,-43.617380125
297.0,9.137168183,-43.99326012
298.0,8.9061758515,-43.23558896
299.0,9.110728038,-44.710172220000004
300.0,9.572440627999999,-44.456340620000006
301.0,12.572049289999999,-43.490355550000004
302.0,10.345735600000001,-42.903450365
303.0,9.8264917025,-41.36506048
304.0,9.698015093,-41.23574629
305.0,9.892034112000001,-41.481023905
306.0,10.051236542,-45.74247153
307.0,10.95396362,-53.13311555
308.0,13.55299128,-59.00285993
309.0,13.09754311,-55.665737910000004
310.0,13.597441195,-57.596112405
311.0,12.20898856,-52.365969465000006
312.0,11.544645415,-50.561058705
313.0,11.812276985,-51.058866355
314.0,11.586259745,-50.720181464999996
315.0,11.67260876,-51.33360718
316.0,11.51602118,-51.371773655
317.0,11.55936352,-51.83030525
318.0,11.544549570000001,-51.569187395
319.0,11.53014071,-51.50405318
320.0,11.436937140000001,-51.281069575000004
321.0,11.44806995,-51.321209815
322.0,11.490677054999999,-51.406941105
323.0,11.511630535,-51.383533220000004
324.0,11.406756005,-51.19441825
325.0,11.32830854,-50.79135827
326.0,11.319532084999999,-51.15115694
327.0,11.35997313,-51.31833074
328.0,11.306706475,-50.99688459
329.0,11.27004069,-50.967457515
330.0,11.3239977,-51.122727545000004
331.0,11.33624155,-51.19151081
332.0,11.27600068,-50.8997914
333.0,11.33689566,-50.87848737
334.0,11.518382514999999,-51.134571629999996
335.0,11.574784225,-51.638973995
336.0,11.857314174999999,-52.186595495
337.0,11.665998625,-51.74539512
338.0,11.58821232,-51.56821281
339.0,11.549437104999999,-51.42839257
340.0,11.527133865,-51.471142145
341.0,11.603524005,-51.582910639999994
342.0,11.536565105000001,-51.391954104999996
343.0,11.48657236,-51.41083834
344.0,11.5842444,-51.462274745
345.0,11.536369104999999,-51.45393134
346.0,11.53495821,-51.21847024
347.0,11.59845318,-51.46471098
348.0,11.548763229999999,-51.40375409
349.0,11.55994048,-51.487406725
350.0,11.68909938,-51.589636915
351.0,11.619925604999999,-51.302163695
352.0,11.548898470000001,-51.323097360000006
353.0,11.597153775,-51.467114505
354.0,11.557495655,-51.318934604999995
355.0,11.53438058,-51.18176588
356.0,11.53133139,-51.265389819999996
357.0,11.567168370000001,-51.34190043
358.0,11.530133905,-51.276322515
359.0,11.49453006,-51.14489403
360.0,11.50656889,-51.335897474999996
361.0,11.52307629,-51.263620329999995
362.0,11.51027525,-51.27035087
363.0,11.523203865,-51.249013160000004
364.0,11.514989024999998,-51.27743659
365.0,11.478371840000001,-51.065382545000006
366.0,11.598982915,-51.54928302
367.0,11.57753657,-51.38379656
368.0,11.844181410000001,-51.586423095
369.0,11.59094543,-50.37459004
370.0,11.54025527,-50.869888795
371.0,11.50766975,-51.339865579999994
372.0,11.45781305,-51.48401756
373.0,11.426051224999998,-51.544634695
374.0,11.38275647,-51.23546899
375.0,11.377547265,-51.243981149999996
376.0,11.427173265,-51.3588794
377.0,11.398175545,-51.297037345
378.0,11.380357045,-51.152810615
379.0,11.23864908,-51.055823860000004
380.0,11.114363990000001,-50.936951955
381.0,11.19195172,-51.11291464
382.0,11.193972975000001,-51.159468954999994
383.0,11.2437082,-52.26569168
384.0,11.388353535,-52.624635170000005
385.0,11.47168593,-53.20963472
386.0,11.69843931,-53.09333131
387.0,10.36507229,-50.984492585
388.0,11.329593840000001,-53.230370735
389.0,11.192419395,-52.18338204
390.0,11.210824335,-52.49508417
391.0,11.18533942,-52.463612845
392.0,11.182383075,-52.539953485
393.0,11.188637255,-52.518149844999996
394.0,11.26064251,-51.910732655
395.0,11.2836776,-51.35676129
396.0,11.267017565,-51.842624345000004
397.0,11.496565115,-51.34265992
398.0,11.858624805,-49.939569545
399.0,11.636061575,-50.65969374
400.0,11.835838195000001,-51.54652447
401.0,11.538702115,-51.30964835
402.0,11.558677549999999,-52.244826540000005
403.0,11.706095845,-52.44854564
404.0,11.775054715,-52.78307964
405.0,11.626980285,-52.479603225
406.0,11.626895739999998,-52.636906745000005
407.0,11.58914809,-52.546441095
408.0,11.550700715,-52.454229260000005
409.0,11.576132915,-52.64605125
410.0,11.7135387,-52.82944762
411.0,11.51094047,-52.94299649
412.0,11.490446904999999,-52.572942935
413.0,11.478414755,-52.56975225
414.0,11.549529425,-52.767316695
415.0,11.52142027,-52.715328580000005
416.0,11.474283755,-52.645894014999996
417.0,11.4663929,-52.505674795
418.0,11.59938674,-53.01733267
419.0,11.581068745,-52.84532802
420.0,11.51789606,-52.639862629999996
421.0,11.487955775,-52.65280717
422.0,11.508014880000001,-52.77968071
423.0,11.818372029999999,-53.07047673
424.0,11.685301890000002,-52.392289205
425.0,12.81253345,-55.32091895
426.0,12.98974154,-52.87907434
427.0,11.596197714999999,-53.154443175
428.0,11.551224994999998,-53.09936895
429.0,11.5322142,-52.727684655000004
430.0,11.64797211,-52.763705575
431.0,11.929581774999999,-52.638432
432.0,11.887824895,-52.47128766
433.0,11.910277375,-52.52867663000001
434.0,11.8326752,-52.020822675000005
435.0,11.868565154999999,-51.928142065
436.0,11.82995294,-51.58525307
437.0,11.84211102,-51.7877171
438.0,11.81149316,-51.53884821
439.0,11.77725671,-51.25920743
440.0,11.88458354,-51.770440945000004
441.0,11.799911575,-51.35429529
442.0,11.773933435,-51.356889285
443.0,11.807770015,-51.3686594
444.0,12.077446315,-52.376298835
445.0,11.905784845,-51.733570334999996
446.0,11.93314217,-51.88538534
447.0,11.985528585,-51.937482315
448.0,11.941418630000001,-51.843851145
449.0,11.849026460000001,-51.74914314
450.0,11.89546494,-51.754460795
451.0,11.894131315,-51.971765725
452.0,11.82393733,-51.550794695
453.0,11.865016404999999,-51.765573145
454.0,11.874653705,-51.775477805
455.0,11.798132445,-51.581785665
456.0,11.78827668,-51.61940237
457.0,11.831689185,-51.739058565
458.0,11.817024785000001,-51.58852382
459.0,11.772154650000001,-51.542414985
460.0,11.73745232,-51.476126115
461.0,11.80795789,-51.56596662
462.0,11.832228220000001,-51.64938026
463.0,11.81376015,-51.600677155
464.0,11.778487015,-51.532844545
465.0,11.824505515,-51.638666495
466.0,11.729327219999998,-51.712771475
467.0,11.69692379,-51.867528300000004
468.0,11.664945185,-51.648796860000004
469.0,11.703904455,-51.69895391
470.0,11.742735119999999,-51.852233975
471.0,11.68688334,-51.71788963
472.0,11.651323994999998,-51.44803936
473.0,11.653342885,-51.564525305000004
474.0,11.677909065000001,-51.517376195
475.0,11.660031315,-51.509590745
476.0,11.665098835,-51.588038665
477.0,11.691872315000001,-51.551643195
478.0,11.641773815,-51.44381695
479.0,11.65560339,-51.52632203
480.0,11.77254452,-51.870495039999994
481.0,11.868697855,-51.509368144999996
482.0,11.948891685,-50.686288405
483.0,12.068765395,-50.646791455
484.0,12.025794325,-51.045843175
485.0,12.02649775,-51.13675092
486.0,12.105915995,-51.37426941
487.0,12.02406381,-51.03981608
488.0,12.001004245,-51.194851655
489.0,12.00854248,-51.236047385000006
490.0,12.083097995,-51.532714955
491.0,12.030603955,-51.359944165
492.0,12.109899655,-51.532361625
493.0,12.153791465000001,-51.422038009999994
494.0,12.097542715,-51.342988245
495.0,12.022051825,-51.279437724999994
496.0,12.123276390000001,-51.491602805
497.0,12.149630720000001,-51.416735865
498.0,12.094968155,-51.41043559
499.0,12.10675779,-51.44324243
500.0,12.159771355,-51.53810981
501.0,12.092683955,-51.268553925000006
502.0,12.106162405,-51.391099245
503.0,12.13600624,-51.33728036
504.0,12.116055945,-51.268788779999994
505.0,12.10266988,-51.44010432
506.0,12.163579875,-51.538842885
507.0,12.1288994,-51.46730519
508.0,12.11028349,-51.352546149999995
509.0,12.15207637,-51.530779429999996
510.0,12.125638685,-51.54021471
511.0,12.060392275000002,-51.302647665
512.0,12.144128075000001,-51.592675785
513.0,12.14377684,-51.59431929
514.0,12.077380699999999,-51.54000737
515.0,12.092458265,-51.57768901
516.0,12.084365805000001,-51.574451485
517.0,12.05968292,-51.410279485000004
518.0,12.04617347,-51.370414780000004
519.0,12.09661481,-51.81116358
520.0,11.91907779,-51.51429775
521.0,11.91394532,-51.224169634999996
522.0,12.12017346,-51.679195945000004
523.0,12.12050715,-51.81588954
524.0,12.067758855000001,-51.666622995
525.0,12.149625455,-51.91771813
526.0,11.98918197,-51.236294465
527.0,11.89548013,-51.123222944999995
528.0,11.89178422,-51.18401983
529.0,11.943546405,-51.22217976
530.0,11.921985995,-51.243009795000006
531.0,11.850911499999999,-51.098246360000005
532.0,11.90281425,-51.35974077
533.0,11.899109634999999,-51.15763113
534.0,11.854098705,-50.903741690000004
535.0,11.81178738,-51.005752915
536.0,11.906811695,-51.169745954999996
537.0,11.889812865,-51.122531185
538.0,11.83872093,-50.94597092
539.0,11.83555896,-51.133070585
540.0,11.913694495,-51.2061118
541.0,11.880738825000002,-51.024206684999996
542.0,11.794437145,-51.035432255
543.0,11.86824811,-51.126534254999996
544.0,11.880635285,-51.12396977
545.0,11.82233411,-51.001173945000005
546.0,11.817660935,-51.07812532
547.0,11.88278981,-51.175089555
548.0,11.844880865,-50.975412545
549.0,11.78751261,-50.967747585
550.0,12.046894115,-51.732719805
551.0,12.02826384,-51.295758795
552.0,12.0170395,-51.90027901
553.0,11.70967975,-50.981959245
554.0,11.789463425000001,-51.424460655
555.0,11.77176317,-51.376150280000004
556.0,11.744994819999999,-51.361920235
557.0,11.76575654,-51.40168748
558.0,11.76353718,-51.321188485
559.0,11.7554354,-51.35161704
560.0,11.79796385,-51.370326175
561.0,11.859611995,-51.265458525
562.0,12.15637495,-52.258406975
563.0,12.196349845,-52.589207880000004
564.0,11.15618222,-48.88733331
565.0,11.86911623,-53.149282424999996
566.0,10.2898162,-47.65791867
567.0,12.202888680000001,-53.077273665
568.0,11.53784318,-51.19399995
569.0,10.675190449999999,-50.71756076
570.0,11.12204803,-51.673280735
571.0,11.471451734999999,-51.759025245000004
572.0,11.376642245,-51.215983715
573.0,11.495067545,-50.955460634999994
574.0,11.3790493,-50.596465015
575.0,11.382997025000002,-50.6475418
576.0,11.432366055,-50.71354897
577.0,11.408967895,-50.68131244
578.0,11.343758875,-50.59585083
579.0,11.348983285,-50.69538944
580.0,11.378477029999999,-50.80846108
581.0,11.383232345,-50.73180964
582.0,11.39186124,-50.732454875
583.0,11.35912497,-50.72339401
584.0,11.32653522,-50.70558359499999
585.0,11.31998479,-50.575542444999996
586.0,11.36502827,-50.563109305
587.0,11.374602545,-50.63227838
588.0,11.315204215,-50.638798550000004
589.0,11.30322371,-50.65646385
590.0,11.352847155,-50.767033395
591.0,11.366079169999999,-50.674206690000005
592.0,11.288464605,-50.21415567
593.0,11.286189125,-50.37576306
594.0,11.34961442,-50.69048155
595.0,11.29325832,-50.251956985
596.0,11.253008385000001,-50.19940461
597.0,11.27939431,-50.232334345
598.0,11.336779,-50.42584968
599.0,11.260304600000001,-50.22235334
600.0,11.268179974999999,-50.302830875
601.0,11.30243956,-50.368010465
602.0,11.265136455,-50.245687245
603.0,11.238840805,-50.242810594999995
604.0,11.29959867,-50.324231355
605.0,11.28160772,-50.28043736
606.0,11.228399375,-50.124364085
607.0,11.2932564,-50.276543880000006
608.0,11.28936696,-50.21255978
609.0,11.216808735,-50.064364409999996
610.0,11.23294159,-50.139460205
611.0,11.27819216,-50.228211085
612.0,11.2068422,-50.059800265
613.0,11.172847085,-49.949863515000004
614.0,11.23785946,-50.220067145
615.0,11.22241255,-49.95210461
616.0,11.18421434,-50.033503925000005
617.0,11.2792885,-50.37659789
618.0,11.26500892,-50.300104565
619.0,11.2310938,-50.15424214
620.0,11.20320104,-50.205110095
621.0,11.227894295,-50.343551165
622.0,11.232320935,-50.275311355
623.0,11.191837155,-50.16293193
624.0,11.214671254999999,-50.290527589999996
625.0,11.242629045000001,-50.28021466
626.0,11.192535,-50.129446044999995
627.0,11.263846659999999,-50.454701565
628.0,11.482611265,-51.007428195
629.0,11.42751782,-50.78865664
630.0,11.45111726,-50.663746435
631.0,11.54692118,-51.072545695
632.0,11.54789921,-51.041766714999994
633.0,11.468010985,-50.991140494999996
634.0,11.43667438,-50.81261749
635.0,11.48081006,-50.955429269999996
636.0,11.4239848,-50.739992400000006
637.0,11.387004005,-50.715195275
638.0,11.474127095,-50.854710455
639.0,11.650365465,-51.145437865
640.0,11.70213072,-51.12614412
641.0,11.595731915,-50.895158949999995
642.0,11.62654581,-51.15386334
643.0,11.550514934999999,-50.808742005
644.0,11.621487055,-51.09128723
645.0,11.66759321,-50.995739755
646.0,11.543679045000001,-50.786119455000005
647.0,11.814660065,-51.653134304999995
648.0,11.83845485,-50.98306645
649.0,11.723516445,-51.11951357
650.0,11.580197689999999,-50.773557115
651.0,11.59812431,-51.03041354
652.0,11.52897987,-50.73704959
653.0,11.651458845,-51.21000425
654.0,11.570511719999999,-50.843313120000005
655.0,11.36796641,-50.497321029999995
656.0,10.610441905,-46.589992685
657.0,10.885836913999999,-45.453945614999995
658.0,11.509569245,-44.948490995
659.0,11.697323025,-46.826868774999994
660.0,11.938521479999999,-48.94547081
661.0,11.946823590000001,-48.890032860000005
662.0,12.20714061,-50.25281443
663.0,11.582003555,-48.919301725
664.0,12.344561955,-52.058835445
665.0,11.518484115,-48.61994082
666.0,11.45675294,-49.51702272
667.0,11.839854545,-49.15377223
668.0,11.754972485,-48.68099153
669.0,11.693595084999998,-48.70847514
670.0,11.723380995,-49.091927850000005
671.0,11.73838473,-49.24262858
672.0,11.924953415000001,-49.258915834999996
673.0,11.64945767,-48.55462955
674.0,11.693328075,-49.074026185
675.0,11.66296803,-48.646856655
676.0,11.67038866,-48.787493835
677.0,11.647075995,-48.7877536
678.0,11.685069745,-48.81635165
679.0,11.621717635,-48.624287135
680.0,11.629029769999999,-48.720478225
681.0,11.67281483,-48.719245835
682.0,11.6807075,-49.06783979
683.0,11.735526605,-49.00233825
684.0,11.93337191,-49.2285878
685.0,11.631140795,-48.459567945
686.0,11.62215645,-48.724971215
687.0,11.562557075,-48.595508225
688.0,11.510265145,-48.51248685
689.0,11.571709725,-48.626405770000005
690.0,11.564435995,-48.65473121
691.0,11.496326725,-48.44562528
692.0,11.45380661,-48.58509007
693.0,11.591229165,-48.62637403
694.0,11.510073325,-48.46585009
695.0,11.454908485,-48.21461409
696.0,11.55045591,-48.476422235
697.0,11.50761764,-48.3425089
698.0,11.469284909999999,-48.307960635
699.0,11.53164903,-48.530615155
700.0,11.518130325,-48.508397939999995
701.0,11.486364550000001,-48.307402915
702.0,11.565175360000001,-48.667484145
703.0,11.534297725,-48.3680839
704.0,11.538016645,-48.500866555
705.0,11.526068185,-48.566030825
706.0,11.49551361,-48.459356514999996
707.0,11.565005155,-48.7119601
708.0,11.519042405,-48.410624735
709.0,11.491586165000001,-48.485469210000005
710.0,11.590885674999999,-48.527858805
711.0,11.550181745,-48.360884729999995
712.0,11.483055895,-48.337815145
713.0,11.553569249999999,-48.502464145
714.0,11.480977865,-48.23639561
715.0,11.626220585,-48.17001878
716.0,12.552324039999998,-50.269000635
717.0,12.26121583,-49.88960054
718.0,11.876491099999999,-47.72056227
719.0,12.579371015,-50.23126471
720.0,12.81862046,-51.69653101
721.0,11.973648815,-49.987923545
722.0,11.3157494,-47.3832264
723.0,12.524474735,-51.46503939
724.0,10.1504398235,-45.221309155
725.0,9.3394485425,-46.026230995000006
726.0,10.07251492,-47.469614175000004
727.0,9.9024258435,-45.738351535
728.0,10.720004625,-47.07698449
729.0,10.97570148,-47.150563935
730.0,10.782423365,-46.396554535
731.0,10.866935935,-46.854708945
732.0,11.005950115,-46.866200324999994
733.0,11.265156895,-46.822423064999995
734.0,11.661187275,-46.92196224
735.0,11.607327269999999,-47.53532497
736.0,11.653693245,-47.8809244
737.0,11.67328017,-47.96076981
738.0,11.621490775,-47.717086710000004
739.0,11.59012649,-47.813544805
740.0,11.706594855,-48.023275345
741.0,11.872087615,-48.687089525000005
742.0,11.948772575,-48.811935215
743.0,11.87205088,-48.41529592
744.0,11.90281858,-48.925120835
745.0,11.70584449,-47.9559338
746.0,11.685355900000001,-48.34625496
747.0,11.72574474,-48.72402784
748.0,11.70575689,-48.61914639
749.0,11.710231375,-48.59688267
750.0,11.928469615000001,-49.073423875
751.0,12.04938706,-49.027852894999995
752.0,11.679547750000001,-48.638685715
753.0,11.438737445000001,-49.261461985
754.0,11.446295035,-49.26401905
755.0,11.448549785,-49.233902055
756.0,11.461149595,-49.23328191
757.0,11.464264615000001,-49.19691429
758.0,11.44786761,-49.17441979
759.0,11.470351075,-49.219262584999996
760.0,11.468175604999999,-49.25620295
761.0,11.542530764999999,-49.33213279
762.0,11.80269753,-49.495060535
763.0,11.89811186,-49.98890391
764.0,11.72419829,-49.574015885
765.0,11.564855065,-49.82300726
766.0,11.559622345000001,-49.71164166
767.0,11.462358739999999,-49.516946295
769.0,11.422961149999999,-49.405438239999995
770.0,11.417644,-49.375804384999995
771.0,11.42402243,-49.326308065
772.0,11.70568329,-50.337345215
773.0,11.788823350000001,-50.790273475
774.0,11.619275135,-50.427694725
775.0,11.657945445,-49.32142028
776.0,11.897303735,-49.862903665
777.0,11.691277955,-49.829620164999994
778.0,11.77097936,-50.094735895
779.0,11.81534039,-50.24705873
780.0,11.806847874999999,-50.136445635
781.0,11.714484460000001,-49.83720151
782.0,11.66879435,-49.855518575
783.0,11.609506255,-50.105485045
784.0,11.624359134999999,-49.94374251
785.0,11.68725446,-50.0201291
786.0,11.539907065000001,-49.781563965000004
787.0,11.539854315,-49.875937785000005
788.0,11.554092834999999,-50.199992095
789.0,11.51293017,-49.91525265
790.0,11.447318315,-49.051452045000005
791.0,11.54794367,-49.94454174
792.0,11.46910382,-49.78180482
793.0,11.381582989999998,-49.732621589999994
794.0,11.40142565,-49.22780241
795.0,11.37941785,-49.68701705
796.0,11.41415328,-49.797394645
797.0,11.40428463,-49.69162602
798.0,11.34050294,-49.52413705
799.0,11.367267545,-49.66331184
800.0,11.39846357,-49.6409085
801.0,11.305875570000001,-49.39897786
802.0,11.348915774999998,-49.522692750000004
803.0,11.41016728,-49.62707431
804.0,11.33460329,-49.44731102
805.0,11.338319325,-49.576062335
806.0,11.40989199,-49.695582275
807.0,11.364359555,-49.428179475
808.0,11.302740074999999,-49.509482745
809.0,11.39878801,-49.74529011
810.0,11.39620199,-49.566642845000004
811.0,11.38312196,-49.260958275
812.0,11.40946227,-49.39042986
813.0,11.470498235,-49.54613859
814.0,11.408576825,-49.444883759999996
815.0,11.379012075,-49.42629135
816.0,11.48187007,-49.68817407
817.0,11.429260075,-49.740558445000005
818.0,11.374586399999998,-49.513190115
819.0,11.35026275,-49.32820541
820.0,11.417675135,-49.742561295
821.0,11.450602425,-49.71731837
822.0,11.399441020000001,-49.59483454
823.0,11.421838645000001,-49.675910275
824.0,11.43166131,-49.57371035
825.0,11.43304534,-49.644869944999996
826.0,11.442938345,-49.649763335
827.0,11.183963004999999,-48.5502617
828.0,11.172102265,-49.412180105000004
829.0,10.91593465,-50.611696335
830.0,9.9573877145,-47.20475339
831.0,10.7169167295,-49.92030867
832.0,13.25025108,-51.015514135000004
833.0,12.66992484,-47.629381675000005
834.0,13.00859362,-49.773491845
835.0,12.855596779999999,-49.36238544
836.0,12.799117370000001,-48.94657916
837.0,12.84712378,-49.24775377500001
838.0,12.73479254,-48.993202874999994
839.0,12.70757483,-49.17166666
840.0,12.758438055,-49.145682230000006
841.0,12.705650965,-48.903138495
842.0,12.65481091,-49.039809434999995
843.0,12.63992999,-49.219356905
844.0,12.540641064999999,-49.168119955
845.0,12.49849041,-49.03697428
846.0,12.47737136,-48.743273564999996
847.0,12.430104045,-48.56429736
848.0,12.49012231,-48.862409514999996
849.0,12.47934378,-48.74104423
850.0,12.39430654,-48.47767507
851.0,12.36781004,-48.676268725
852.0,12.40686863,-48.752049485
853.0,12.356094070000001,-48.512696835
854.0,12.271423519999999,-48.420283850000004
855.0,12.320762219999999,-48.936471825
856.0,12.295579875000001,-48.9139712
857.0,12.234831725,-49.14444084
858.0,12.265023105000001,-49.160270155
859.0,12.342653505,-48.99026107
860.0,12.367979875,-48.85402004
861.0,12.388695644999999,-48.777142795
862.0,12.31494895,-48.487900710000005
863.0,12.246955935,-48.4882026
864.0,12.2835149,-48.68714353
865.0,12.256682435,-48.42217451
866.0,12.17067773,-48.386924545
867.0,12.184206615,-48.43117915
868.0,12.206783935,-48.500575354999995
869.0,12.161239165,-48.368538275
870.0,12.116242095,-48.32263942
871.0,12.13112761,-48.35597084
872.0,12.181376185000001,-48.50962572
873.0,12.17812608,-48.441814375
874.0,12.503611724999999,-48.90950253
875.0,12.875765635,-49.795067765
876.0,12.940564080000001,-50.1610289
877.0,12.579898100000001,-49.065352345
878.0,12.57379825,-49.312458285
879.0,12.662583465,-49.768268485
880.0,12.5600956,-49.61298198
881.0,12.53797575,-49.60084712
882.0,12.695654654999998,-49.81359768
883.0,12.683520099999999,-49.58889746
884.0,12.590644869999998,-49.56925351
885.0,12.69461505,-49.916894935
886.0,12.607847935,-49.376239850000005
887.0,12.574953505,-49.342344749999995
888.0,12.667695864999999,-49.380264245
889.0,12.58936152,-49.348939314999996
890.0,12.55823873,-49.227729714999995
891.0,12.661222384999999,-49.38394189
892.0,12.57578528,-49.281140719999996
893.0,12.49390228,-49.012284019999996
894.0,12.624810195,-49.360413025
895.0,12.526999785000001,-49.01886422
896.0,12.45430567,-48.98952365
897.0,12.481877755,-49.218550289999996
898.0,12.48192254,-49.09751553
899.0,12.47208299,-49.127488490000005
900.0,12.563404055,-49.202926025
901.0,12.36684275,-48.641003715
902.0,12.222044085,-48.287767009999996
903.0,12.355616359999999,-49.179983230000005
904.0,12.25200139,-49.11887633
905.0,12.278924625,-48.97994175
906.0,12.29550639,-48.94550119
907.0,12.24353227,-48.84888948
908.0,12.123473624999999,-48.688991834999996
909.0,12.385324465,-49.286183805
910.0,12.71351967,-49.931601040000004
911.0,12.48009344,-48.8743247
912.0,12.80997937,-49.509816115
913.0,12.48304483,-48.08222328
914.0,12.721616435000001,-49.044902925
915.0,12.769395385,-49.165103
916.0,12.282257139999999,-49.888369825
917.0,12.304202674999999,-50.73731342
918.0,12.93384947,-51.558690174999995
919.0,12.310053615,-49.632912175
920.0,12.5411946,-50.490905735
921.0,12.618562755,-50.546812105
922.0,12.54552861,-50.66311294
923.0,12.557608125,-50.6622349
924.0,12.51358965,-50.556925140000004
925.0,12.462637560000001,-50.490906714999994
926.0,12.484567644999998,-50.423025635
927.0,12.513557705,-50.99938741
928.0,12.48170317,-50.564087490000006
929.0,12.626996575,-51.11845606
930.0,12.760313884999999,-51.628477495
931.0,12.62914167,-51.485133864999995
932.0,12.699237305,-51.68361426
933.0,12.74374526,-51.703620075
934.0,12.75846282,-51.74834289
935.0,12.75476021,-51.667239640000005
936.0,12.72224647,-51.23536446
937.0,12.575870585,-50.982502690000004
938.0,11.946654254999999,-49.739015865
939.0,12.8434397,-50.65882412
940.0,13.486385765,-50.547446570000005
941.0,13.150106704999999,-49.650154810000004
942.0,12.890359695,-50.841107425000004
943.0,12.830088935,-51.003794715
944.0,12.72517678,-50.840879575
945.0,12.53262473,-50.563192715
946.0,12.42069182,-50.461462925
947.0,12.4108047,-50.44831215
948.0,12.364809685,-50.544727800000004
949.0,12.323362095,-50.562115
950.0,12.27759282,-50.435188984999996
951.0,12.29140018,-50.466832929999995
952.0,12.3354909,-50.77854206
953.0,12.31029623,-50.47015795
954.0,12.26876135,-50.286197200000004
955.0,12.23561347,-50.563520405
956.0,12.22743539,-50.306458515
957.0,12.220930175,-50.270405085
958.0,12.240235235,-50.195476735
959.0,12.156002910000002,-50.105117840000005
960.0,12.19650533,-50.38856841
961.0,12.19362591,-50.27842518999999
962.0,12.186152065,-50.25286717
963.0,12.203190115,-50.4332498
964.0,12.234788175,-50.41021576
965.0,12.203727109999999,-50.351112525000005
966.0,12.191796454999999,-50.362496234999995
967.0,12.23317826,-50.57798915
968.0,12.17956665,-50.30514655
969.0,12.140122735,-50.30738086
970.0,12.12299945,-50.334637580000006
971.0,12.087431585000001,-50.05311019
972.0,12.073110374999999,-50.057890709999995
973.0,12.06492497,-50.05415495
974.0,12.091067875,-50.240072299999994
975.0,12.09361332,-50.207722915000005
976.0,12.07231528,-49.97693821
977.0,12.063983955000001,-50.12062401
978.0,12.108136585,-50.30912085
979.0,12.103849495,-50.181613639999995
980.0,12.0272226,-49.897490655
981.0,12.036334705000002,-50.095544204999996
982.0,12.053338125,-50.079825535
983.0,12.030936624999999,-49.98205897
984.0,12.005420489999999,-50.05476795
985.0,12.068172545,-50.244678050000005
986.0,12.051328005,-49.83784487
987.0,12.066012815,-49.929063685
988.0,12.049667155,-49.996480864999995
989.0,12.091329175,-50.02169653
990.0,12.048786615000001,-49.826061615
991.0,12.041893345,-49.864859565
992.0,12.065127615000002,-50.04701097
993.0,12.04513414,-49.87821688
994.0,12.028634485000001,-49.870636575
995.0,12.071796729999999,-50.14781695
996.0,12.044190655,-49.90188766
997.0,12.03047215,-49.952531015
998.0,12.06736346,-50.05875761
999.0,12.087506399999999,-50.018796595
1000.0,12.07086038,-49.91665302
1001.0,12.09300323,-50.04112868
1002.0,12.13567981,-50.035592449999996
1003.0,12.092216605,-49.77194764
1004.0,12.082771435,-49.895294135
1005.0,12.10340841,-50.0200756
1006.0,12.08652806,-49.863481164999996
1007.0,12.067635495000001,-49.92058204
1008.0,12.14452,-50.131283815
1009.0,12.468502364999999,-49.116038149999994
1010.0,12.392307745,-48.93963086
1011.0,12.36587084,-49.43268358
1012.0,12.628181565,-50.349756185000004
1013.0,12.65098458,-49.92397269
1014.0,12.559291095,-50.08231431
1015.0,12.62925323,-50.257626395
1016.0,12.544282965,-49.693855935
1017.0,12.577474145,-50.12712498
1018.0,12.565776005,-49.952488235000004
1019.0,12.522117065,-49.62202201
1020.0,12.535375335000001,-49.65505904
1021.0,12.64739685,-49.98882045
1022.0,12.56135677,-49.67752551
1023.0,12.63917102,-49.840392745
1024.0,12.85151286,-50.45487086
1025.0,12.92811001,-50.397595190000004
1026.0,12.968449865,-50.172553199999996
1027.0,12.96604503,-49.983360495
1028.0,12.801521444999999,-49.88319335
1029.0,12.627098095000001,-49.88410831
1030.0,12.63736404,-50.03435613
1031.0,12.63225023,-49.713178455000005
1032.0,12.661554200000001,-49.928842135
1033.0,12.688521080000001,-49.66119349
1034.0,12.658294795,-49.62160106
1035.0,12.64021376,-49.82577016
1036.0,12.62369901,-49.66598893
1037.0,12.60447115,-49.62632327
1038.0,12.55291395,-49.34559522
1039.0,12.572213405,-49.421960080000005
1040.0,12.433992535,-49.55004798
1041.0,11.468441004999999,-47.47255634
1042.0,12.17548299,-49.355481870000006
1043.0,12.181578065,-49.06540433
1044.0,12.169123955,-48.923083399999996
1045.0,12.159389625,-48.708599125
1046.0,12.13921001,-48.772165064999996
1047.0,12.067649289999999,-48.731212385
1048.0,11.893235775,-48.84241653
1049.0,11.32586379,-46.874748045000004
1050.0,11.33901354,-47.1757271
1051.0,11.48251192,-47.333502495000005
1052.0,11.486851269999999,-47.240234895
1053.0,11.436739410000001,-47.099393504999995
1054.0,11.46377609,-47.29027163000001
1055.0,11.499976765,-47.402933614999995
1056.0,11.460028439999999,-47.240905525
1057.0,11.431282385,-47.22516783499999
1058.0,11.49855522,-47.393449079999996
1059.0,11.45452911,-47.108526055
1060.0,11.414228959999999,-47.195421735
1061.0,11.48003344,-47.05869294
1062.0,11.479873099999999,-47.207118595
1063.0,11.506922370000002,-47.46842945
1064.0,11.517714640000001,-47.29411578
1065.0,11.452887555,-46.85620564
1066.0,11.487260275,-47.141760635
1067.0,11.523569135,-47.18847197
1068.0,11.456673235,-46.930165259999995
1069.0,11.561640035,-47.675681465
1070.0,11.609271005,-47.756244545
1071.0,11.73262704,-47.70795218
1072.0,11.729502974999999,-47.4491512
1073.0,11.74632054,-47.60615287
1074.0,11.801235965,-47.82252765
1075.0,11.73692514,-47.65521342
1076.0,11.735818315,-47.550999454999996
1077.0,11.746207779999999,-47.77986258
1078.0,11.831625644999999,-47.453329815000004
1079.0,11.79473257,-47.64304726
1080.0,11.804819025,-47.68171785
1081.0,11.820888165,-47.70987374
1082.0,11.732496815000001,-47.5253637
1083.0,11.781113195,-48.02116816
1084.0,11.756148645,-47.677385295
1085.0,11.77067628,-47.5595968
1086.0,11.936217525,-47.7918856
1087.0,11.927319695,-47.79345327
1088.0,11.850969735,-47.623699735
1089.0,11.89434476,-47.874359999999996
1090.0,11.86809449,-47.741000125
1091.0,11.82594082,-47.70397795
1092.0,11.904017625,-47.811960225
1093.0,11.95935418,-47.643320325
1094.0,11.96979953,-47.500566715000005
1095.0,12.03552457,-47.78993139
1096.0,11.992177250000001,-47.437833635000004
1097.0,11.936280765,-47.39463808
1098.0,11.973416665,-47.662590585000004
1099.0,11.91906507,-47.484355390000005
1100.0,11.91567498,-47.3699419
1101.0,11.98759395,-47.81261578
1102.0,11.951475904999999,-47.501766405
1103.0,11.911021439999999,-47.310005635
1104.0,11.979767055,-47.560490945
1105.0,11.97503838,-47.53462121
1106.0,11.888049745,-47.200141125
1107.0,11.967456405,-47.1368107
1108.0,11.97152867,-47.448157245
1109.0,11.87952564,-47.302203954999996
1110.0,11.894797279999999,-47.237367815
1111.0,12.00734158,-47.5653261
1112.0,12.03371979,-47.415037760000004
1113.0,12.008646605,-47.41192877
1114.0,12.06090519,-47.576034835
1115.0,11.988903924999999,-47.346511065
1116.0,12.018997930000001,-47.600154425
1117.0,12.053733075,-47.74427509
1118.0,12.07389609,-47.74256034
1119.0,11.87386961,-47.62681073
1120.0,12.129983984999999,-48.26274803
1121.0,12.383383095,-48.504866774999996
1122.0,12.518069395,-48.88688239
1123.0,12.451393045,-48.885514485
1124.0,12.58339672,-49.30107327
1125.0,12.59081078,-48.188127515000005
1126.0,11.72871567,-46.02181639
1127.0,12.95904765,-50.778256670000005
1128.0,11.102243475,-47.57550346
1129.0,10.74116935,-49.203271599999994
1130.0,10.76434356,-49.23753038
1131.0,12.415077010000001,-54.434081664999994
1132.0,11.59281309,-48.54120059
1133.0,12.11069524,-50.182916445000004
1134.0,15.17760202,-56.5974276
1135.0,15.46393831,-57.117362150000005
1136.0,16.39243184,-58.404630835000006
1137.0,16.489472805,-60.36430413
1138.0,13.18704847,-55.76923642
1139.0,15.83173944,-57.27559734
1140.0,14.25211658,-53.030919284999996
1141.0,12.409597455,-48.573194130000005
1142.0,13.15200811,-56.33445708
1143.0,12.53926829,-53.110481750000005
1144.0,12.367749695,-55.14178412
1145.0,12.359868445,-55.113081565
1146.0,12.149928055,-54.99963887
1147.0,12.035328889999999,-54.473040355
1148.0,11.965275545,-54.41567688
1149.0,11.986494865000001,-54.40366944
1150.0,11.97513515,-54.31772449
1151.0,11.975940215000001,-54.41417276
1152.0,11.90652107,-54.07559439
1153.0,12.018594494999999,-54.58331887
1154.0,12.043328859999999,-54.503310535
1155.0,12.137948715,-54.705990195
1156.0,12.03234118,-54.417779675
1157.0,12.01149679,-54.21591588
1158.0,11.995482075,-54.538182235
1159.0,12.05700513,-54.323328204999996
1160.0,11.979108005,-54.060949539999996
1161.0,11.935766845,-54.08039995
1162.0,12.00544316,-54.293359
1163.0,11.985606529999998,-54.14913643
1164.0,11.92227401,-53.96623601
1165.0,11.93004075,-53.953027090000006
1166.0,11.79485515,-54.244010610000004
1167.0,11.69226704,-54.16288257
1168.0,11.78135104,-53.741653865
1169.0,11.65333813,-53.623834965
1170.0,11.763235354999999,-53.739244479999996
1171.0,11.749643705,-53.927557109999995
1172.0,11.640670985,-53.470256315
1173.0,11.61713872,-53.461139035
1174.0,11.63057568,-53.545978840000004
1175.0,11.64167062,-53.552249685
1176.0,11.567706765,-53.322950475
1178.0,11.614502569999999,-53.447593010000006
1179.0,11.62107613,-53.24427197
1180.0,11.543055545,-53.16706107500001
1181.0,11.559868915,-53.066746325
1182.0,11.54868132,-53.0925759
1183.0,11.549747100000001,-52.97097807
1184.0,11.381900105,-52.666723375000004
1185.0,11.391596225,-52.44707482
1186.0,11.3762168,-52.4969899
1187.0,11.352010615,-52.191444634999996
1188.0,11.324430849999999,-52.251732685
1189.0,11.783577995,-54.009950375
1190.0,11.875137545000001,-54.181034235
1191.0,11.847910365,-54.346191135
1192.0,11.743820280000001,-54.131692325
1193.0,11.69204682,-53.887647845000004
1194.0,11.76214168,-54.153633944999996
1195.0,11.646297035,-53.702615675000004
1196.0,11.635604155,-53.58968487
1197.0,11.653147235,-53.66737415
1198.0,11.547199205,-53.67342848
1199.0,11.488213495,-53.486472455
1200.0,11.461724185000001,-52.81279811
1201.0,11.7070626,-52.86195679
1202.0,11.403179815000001,-52.918017215000006
1203.0,11.48249018,-52.59681077
1204.0,11.459145249999999,-52.48370342
1205.0,11.50212511,-52.37627029
1206.0,11.667899215,-52.402523535
1207.0,11.65976681,-53.27010763
1208.0,11.702420440000001,-53.790223315
1209.0,11.596972335,-53.429944715000005
1210.0,11.658225405,-53.711399745
1211.0,11.64625025,-53.60019977
1212.0,11.655840340000001,-53.744737895
1213.0,11.605119825,-53.547696404999996
1214.0,11.64144438,-53.628008235
1215.0,11.6406004,-53.621026755
1216.0,11.688289025,-53.768032125
1217.0,11.729336995,-53.692718865
1218.0,11.756801759999998,-53.573090555
1219.0,11.8757848,-53.92133302
1220.0,11.89881244,-53.835447099999996
1221.0,11.897672355000001,-53.828250515
1222.0,11.877319360000001,-53.986366860000004
1223.0,11.956836635,-54.31864867
1224.0,11.890717299999999,-53.853234235
1225.0,11.906744255,-54.05345035
1226.0,11.91359749,-54.088851015
1227.0,11.859948965000001,-53.809149245
1228.0,11.9220476,-53.86195677
1229.0,11.943751259999999,-54.06214373500001
1230.0,11.903084759999999,-53.821130159999996
1231.0,11.86162787,-53.74182463
1232.0,11.867289294999999,-54.007235615
1233.0,11.855812584999999,-53.940194004999995
1234.0,11.782004879999999,-53.79719441
1235.0,11.778400595,-53.735645425
1236.0,11.777574295,-53.777282885
1237.0,11.76428764,-53.680977375
1238.0,11.774485474999999,-53.63955751
1239.0,11.820189995,-53.747219279999996
1240.0,11.81370293,-53.68844453
1241.0,11.831402085,-53.575646425
1242.0,11.85458742,-53.752708595
1243.0,11.87334701,-53.783643255
1244.0,11.80417709,-53.47187987
1245.0,11.87496039,-53.772357525000004
1246.0,11.8746952,-53.79811728999999
1247.0,11.77016826,-53.62847352
1248.0,12.10821296,-53.6422094
1249.0,12.350389074999999,-53.460579030000005
1250.0,12.147571445,-52.914559285
1251.0,12.088961035,-52.933528374999995
1252.0,12.112781275,-53.063246660000004
1253.0,12.167354745,-52.825151700000006
1254.0,12.01562414,-52.37766286
1255.0,11.998884180000001,-53.163188055000006
1256.0,12.009383835000001,-53.41765479
1257.0,11.95618144,-53.162012090000005
1258.0,11.93385957,-53.067373185
1259.0,11.912955335,-53.1275596
1260.0,11.95930745,-53.20192717
1261.0,11.895017525,-52.965345355
1262.0,11.89489779,-52.995421745
1263.0,11.93005925,-53.11227994
1264.0,11.936414345,-53.156266705
1265.0,11.910490515,-53.22846197
1266.0,11.903643985,-53.22423733
1267.0,11.99136195,-53.46537181
1268.0,11.97009976,-53.438118515
1269.0,12.006742424999999,-53.68347134
1270.0,12.065941904999999,-53.53883756
1271.0,11.98506854,-53.11861486
1272.0,12.10237047,-53.376436964999996
1273.0,12.13266333,-53.238485125
1274.0,12.061932695,-53.096090149999995
1275.0,12.15793863,-53.319502955
1276.0,12.107962845,-53.166626315
1277.0,12.013415825,-52.99815391
1278.0,12.034061625,-53.29298824
1279.0,12.10511621,-53.57303604
1280.0,11.997923320000002,-53.26751854
1281.0,12.052855585,-53.425959864999996
1282.0,12.107401045,-53.454674595
1283.0,12.023801435,-53.279774505
1284.0,12.107512695,-53.647203895000004
1285.0,12.08558691,-53.576287245
1286.0,11.961481435,-53.61202064
1287.0,12.020093385,-53.83103783
1288.0,12.027608775000001,-53.64773377
1289.0,11.998400505,-53.047380035
1290.0,11.999443124999999,-53.26104137
1291.0,11.945098210000001,-53.09228664
1292.0,11.917622575,-53.247678820000004
1293.0,11.992088675000002,-53.222653865
1294.0,11.928927484999999,-53.03756926
1295.0,11.898742285,-53.19004972
1296.0,11.95649547,-53.24119926
1297.0,11.912571,-53.137920625
1298.0,11.875639155,-53.17250401
1299.0,11.956138395,-53.340114715
1300.0,11.73986596,-52.53279417
1301.0,11.81539711,-53.017360245
1302.0,11.86476923,-53.05994313
1303.0,11.80984581,-52.959218899999996
1304.0,11.877859699999998,-53.114618480000004
1305.0,11.88583289,-53.08268626
1306.0,11.884516510000001,-52.915750384999996
1307.0,11.842660365,-52.917353295
1308.0,11.909900799999999,-53.07362234
1309.0,11.849953445,-52.978138475
1310.0,11.83554491,-52.989285525
1311.0,11.871899595,-53.13236971
1312.0,11.8461791,-53.00968532
1313.0,11.83707291,-53.058439405
1314.0,11.8770256,-53.19661057
1315.0,11.90451317,-53.017204205
1316.0,11.85400186,-53.146065335
1317.0,11.92423704,-53.29278316
1318.0,11.917657335,-53.039766825
1319.0,11.86111778,-53.16194003
1320.0,11.93683425,-53.08713444
1321.0,11.680026824999999,-52.884240129999995
1322.0,12.10402025,-54.13684911
1323.0,12.219449115,-54.87071766
1324.0,12.052634355,-54.260571514999995
1325.0,12.072633374999999,-54.19654799
1326.0,12.174962104999999,-54.60280352
1327.0,12.011635665,-54.080300375
1328.0,11.953330365,-53.874979159999995
1329.0,11.90030431,-53.752094854999996
1330.0,11.91591496,-53.56132275
1331.0,11.91509299,-53.88212928
1332.0,11.970838185,-53.984681635
1333.0,11.92049773,-53.725744649999996
1334.0,11.883914805,-53.770025739999994
1335.0,11.918738245,-53.79167332
1336.0,11.889493665,-53.655884990000004
1337.0,11.857714470000001,-53.63240333
1338.0,11.875252705000001,-53.885530110000005
1339.0,11.873673974999999,-53.67096109
1340.0,11.827014134999999,-53.603867905
1341.0,11.65000144,-53.578903999999994
1342.0,11.52626142,-52.591903200000004
1343.0,12.573858914999999,-55.220626195
1344.0,11.767879229999998,-54.691607680000004
1345.0,9.922757982,-54.309406625
1346.0,7.9343851945,-58.158676055
1347.0,6.4387702165,-61.782368895000005
1348.0,25.2506788735,-0.5275060800000002
1349.0,41.095566289999994,3.3079034685
1350.0,33.476886109999995,-3.3117946629999997
1351.0,32.225042789999996,-4.3627903015
1352.0,35.05353773,-9.176712456499999
1353.0,35.293724975,-11.673924509999999
1354.0,35.505880919999996,-12.578048585
1355.0,34.10640353,-11.541296625000001
1356.0,33.15583263,-9.8022562
1357.0,38.1304888,-13.66399913
1358.0,23.904415184999998,12.8568055175
1359.0,14.924846955,-8.927833844
1360.0,20.535936104999998,-33.64773138
1361.0,27.911312629999998,-61.744446679999996
1362.0,19.567582765,-54.48223594
1363.0,16.97963266,-53.793674545
1364.0,14.260395345,-55.60510559
1365.0,15.818184255000002,-54.258786375
1366.0,15.86176157,-56.336802129999995
1367.0,14.47284282,-60.95836648
1368.0,14.78923488,-61.775336205
1369.0,14.63814512,-57.584720555000004
1370.0,14.634521285,-57.768628725
1371.0,14.420132415000001,-56.71976993
1372.0,14.441616419999999,-56.66900117
1373.0,14.61666935,-57.160157604999995
1374.0,14.578173840000002,-56.924080675
1375.0,14.54697023,-56.708798869999995
1376.0,14.486324669999998,-56.29723653
1377.0,14.448758484999999,-56.203279095
1378.0,14.60587805,-56.65599674
1379.0,14.594947055,-56.547370244999996
1380.0,14.489803415,-56.264989695
1381.0,14.46279518,-56.193676685
1382.0,14.46144878,-56.48693995
1383.0,14.59435903,-56.6619544
1384.0,14.602200765,-56.537613675
1385.0,14.602351835,-56.26565618
1386.0,14.455653595,-56.343731625000004
1387.0,14.486999465,-56.318230115000006
1388.0,14.532086315,-56.52345281
1389.0,14.406771814999999,-56.17850758
1390.0,14.38729822,-55.988528079999995
1391.0,14.427382435,-56.086049745
1392.0,14.465221965,-56.20704929
1393.0,14.39933855,-55.953272905
1394.0,14.336282115,-55.86201395
1395.0,14.40458311,-56.073859865
1396.0,14.425160495,-56.05698305
1397.0,14.344732149999999,-55.866586285
1398.0,14.328801259999999,-55.732497625
1399.0,14.409590645000002,-56.11598875
1400.0,14.35668179,-55.804062849999994
1401.0,14.24803109,-55.576677725
1402.0,14.267624940000001,-55.90852939
1403.0,14.27843336,-55.93283111
1404.0,14.229585375,-55.542253849999994
1405.0,14.26172739,-55.66245618
1406.0,14.2980406,-55.92376163
1407.0,14.45179758,-56.4952097
1408.0,14.368004535,-55.894611545000004
1409.0,14.379326925,-55.922421545
1410.0,14.45985482,-56.24636130499999
1411.0,14.278500715,-55.612827075
1412.0,14.132535964999999,-55.3373661
1413.0,14.23899028,-55.69356755
1414.0,14.19892513,-55.51698207
1415.0,14.18360983,-55.522058924999996
1416.0,14.478251725,-56.469329744999996
1417.0,14.68096502,-56.159728365
1418.0,14.71631086,-56.07743565
1419.0,14.754424445000001,-56.374416034999996
1420.0,14.468946469999999,-55.88547751
1421.0,14.303664035,-55.64334463
1422.0,14.343735405,-55.803289930000005
1423.0,14.464851675,-57.11437005
1424.0,14.51440966,-56.74182795
1425.0,14.591912010000001,-57.03194522
1426.0,14.550228194999999,-56.821294995
1427.0,14.56020337,-56.918963585
1428.0,14.502604604999998,-56.848628954999995
1429.0,14.37652622,-56.60816312
1430.0,14.34943106,-56.401077675
1431.0,14.459173035,-56.38953044
1432.0,14.48053458,-56.271654425
1433.0,14.3626578,-56.31507623
1434.0,14.451471609999999,-56.362907545
1435.0,14.444399144999998,-56.327028145
1436.0,14.35152016,-56.17115259
1437.0,14.41817674,-56.28947564
1438.0,14.455488599999999,-56.33395658
1439.0,14.396464265,-56.11303376
1440.0,14.398733525,-56.28434509
1441.0,14.445879134999998,-56.291211695
1442.0,14.371795630000001,-56.11506052
1443.0,14.4666222,-56.503167205
1444.0,14.426830495,-56.294693145
1445.0,14.41707579,-56.39548266
1446.0,14.48623052,-56.55260567
1447.0,14.39761685,-56.209199505
1448.0,14.357377055,-56.134011485
1449.0,14.407758470000001,-56.23748693
1450.0,14.34631328,-56.104326775000004
1451.0,14.29158752,-56.030785775
1452.0,14.38682988,-56.36657018
1453.0,14.2818236,-56.063203
1454.0,14.42161135,-56.48570424
1455.0,14.384966685,-56.35250284
1456.0,14.364675585,-56.32293428
1457.0,14.447738919999999,-56.607747525
1458.0,14.48562602,-56.43193533
1459.0,14.474187135000001,-56.32414732
1460.0,14.38483715,-56.06106388
1461.0,14.51508439,-56.318192515
1462.0,14.48436184,-56.180383195000005
1463.0,14.565724125,-56.45830396
1464.0,14.518738240000001,-56.282517764999994
1465.0,14.45305694,-56.241584184999994
1466.0,14.510548159999999,-56.500127045
1467.0,14.49892953,-56.508940745000004
1468.0,14.470306220000001,-56.611445715
1469.0,14.588517790000001,-56.833119105
1470.0,14.515461405,-56.463488145
1471.0,14.541138270000001,-56.36891138
1472.0,14.65204873,-56.65554343
1473.0,14.60901072,-56.673442375
1474.0,14.571229984999999,-56.547839679999996
1475.0,14.663634405,-56.779967775
1476.0,14.913567325,-57.418196019999996
1477.0,15.10080384,-57.17593799
1478.0,14.494674060000001,-55.782267590000004
1479.0,14.46193324,-55.89978802
1480.0,14.41882478,-55.75840024
1481.0,14.365383545,-55.65498642
1482.0,14.31269958,-55.51351857
1483.0,14.36129151,-55.639597124999995
1484.0,14.34413923,-55.35495862
1485.0,14.304201285000001,-55.38598825
1486.0,14.210031690000001,-55.078096155
1487.0,14.22102763,-55.102690089999996
1488.0,14.265078670000001,-55.184078615
1489.0,14.398462425,-55.518948255
1490.0,14.49234684,-55.63518284
1491.0,14.565843465,-56.04948818
1492.0,14.600823845,-55.8411356
1493.0,14.569281375,-55.855264649999995
1494.0,14.56305862,-55.867840154999996
1495.0,14.600016165,-56.065274915
1496.0,14.44293934,-55.733192715
1497.0,14.360796735000001,-55.46581272
1498.0,14.414085575,-55.62024146
1499.0,14.39702851,-55.550093509999996
1500.0,14.45321816,-55.57029017
1501.0,14.375275760000001,-55.55267018
1502.0,14.44594591,-55.65268885
1503.0,14.36353401,-55.509236735
1504.0,14.320497455,-55.456795125
1505.0,14.32035102,-55.489192939999995
1506.0,14.026260385,-54.755383155000004
1507.0,13.555276670000001,-53.452480135
1508.0,13.805349960000001,-54.51578187
1509.0,13.79737852,-54.33256081
1510.0,13.890331374999999,-54.15794181
1511.0,14.716065964999999,-56.880388659999994
1512.0,14.395159435,-55.706298939999996
1513.0,14.336342855,-56.328750064999994
1514.0,12.763268844999999,-49.55756911
1515.0,14.205888465000001,-56.730627095
1516.0,13.323129155,-53.312622965
1517.0,12.815685505000001,-48.235547945
1518.0,13.4875349125,-12.32634972
1519.0,38.985716415,16.636921045
1520.0,68.034824685,7.99780727
1521.0,60.402464925000004,7.773603675
1522.0,43.720113915,19.57596041
1523.0,39.97968916,15.064242570000001
1524.0,37.481714345,12.86296437
1525.0,35.95093683,8.950840765
1526.0,32.06013388,4.697111865
1527.0,25.415087715,-4.243323885500001
1528.0,17.4674658,-30.62378613
1529.0,7.047957341,9.5617068705
1530.0,8.4320502765,17.1037080505
1531.0,7.400664952,9.8793745375
1532.0,7.326156112,4.1704952055
1533.0,7.642147317,5.8660829875000005
1534.0,7.708249175500001,5.7423983455
1535.0,7.68290495,4.981181011
1536.0,7.674725184,4.543067519
1537.0,7.650709411999999,4.5754987709999995
1538.0,7.642738272500001,4.9438722575
1539.0,7.6150401125,3.9198312289999997
1540.0,7.6156756175,3.8956347355
1541.0,7.6482610735000005,4.540247076
1542.0,7.6491830585,3.7099507695
1543.0,7.646716091,3.1427723629999997
1544.0,7.70907708,3.9421601265
1545.0,7.7197504115,4.6576256095
1546.0,7.708207406,3.493884433
1547.0,7.704634658,4.7976099345000005
1548.0,7.546046308,5.6259809595
1549.0,7.602856645,6.809430172
1550.0,7.824405786,6.953890003
1551.0,7.8002916639999995,7.1506852975
1552.0,7.812208348,7.025850462499999
1553.0,7.845028399,6.4652261255
1554.0,7.824320278,7.043871434
1555.0,7.8624159460000005,7.530006617
1556.0,7.7865589655,6.149330044
1557.0,7.847320515,5.383174217500001
1558.0,7.829373866,6.132381285499999
1559.0,7.838264795500001,6.9261242895
1560.0,7.839310088,6.522388061
1561.0,7.8134279605,5.973987968
1562.0,7.841307084,6.0387148150000005
1563.0,7.826436623,7.0174496479999995
1564.0,7.824403272,6.522473208
1565.0,7.850240919999999,6.22515762
1566.0,7.8195637609999995,6.7954466755
1567.0,7.8610014029999995,7.099886948
1568.0,7.845735912,6.4870132135
1569.0,7.857904554499999,7.0627135899999995
1570.0,7.846364256999999,7.280903699
1571.0,7.846434271,6.440493066
1572.0,7.8563959425,6.8672981985
1573.0,7.8382173245,7.2989942160000005
1574.0,7.841471277,6.5813915675
1575.0,7.8630527755,6.620450333
1576.0,7.863393826,7.530048175
1577.0,7.845591958,7.0673733235
1578.0,7.851924045500001,6.606105243
1579.0,7.8603745925,7.661998897
1580.0,7.846609079,7.2349872049999995
1581.0,7.852061877000001,6.693474067
1582.0,7.8550905645,7.5025693255
1583.0,7.87548432,7.5623017675
1584.0,7.8393957365,6.7832927865
1585.0,7.863901305000001,7.5673753195
1586.0,7.872410483,7.605778476
1587.0,7.846281932,7.0606869745
1588.0,7.861699097000001,6.8215577320000005
1589.0,7.86945604,7.8457233875
1590.0,7.841889908500001,7.3401431715
1591.0,7.8673828,6.7750313285
1592.0,7.8646886695,7.682755751
1593.0,7.856536639,7.334857492499999
1594.0,7.8433880160000005,6.261438799
1595.0,8.1297820115,6.682635788
1596.0,8.2226321595,8.192790397500001
1597.0,8.069028508999999,7.1276695100000005
1598.0,8.0918352045,7.632278834
1599.0,8.009353582,7.6291926565
1600.0,8.231802097,8.619241504
1601.0,8.24082293,11.984075332
1602.0,8.171873778,6.940908220000001
1603.0,8.143857736,7.496042886
1604.0,8.1128229385,6.5376907225
1605.0,8.1662533415,5.11075721
1606.0,8.188308396,6.6941985595
1607.0,8.159160329999999,5.6022316345
1608.0,8.128065009,5.790086818000001
1609.0,7.9900819565,5.9642907935
1610.0,8.1675497365,5.464766215
1611.0,8.158733298,5.629478855
1612.0,8.1212844115,5.9328104370000005
1613.0,8.0914641615,6.0588046785
1614.0,8.1176040125,7.046495818
1615.0,8.144612884499999,7.4510698085
1616.0,8.1294268765,6.186324247
1617.0,8.1310366945,6.4683361905000005
1618.0,8.154805945500001,6.9139502855
1619.0,8.1495231585,7.143086556
1620.0,8.124883699,6.304236433
1621.0,8.149620184,6.4605729830000005
1622.0,8.1364632115,6.468980656499999
1623.0,8.158885628499998,6.0146414145
1624.0,8.1661889955,6.2756802925
1625.0,8.171648579,5.726484182
1626.0,8.150363941,5.871375512
1627.0,8.175306389,5.694266325
1628.0,8.177758744999998,5.6296402825000005
1629.0,8.201483265,5.506035731000001
1630.0,8.1604468685,5.978149612499999
1631.0,8.170705246,6.4514995315
1632.0,8.477894859,1.3505521205000002
1633.0,8.0415591895,-5.1329060525
1634.0,7.8055977145,-0.6192313040499999
1635.0,7.7163745555,0.89113393995
1636.0,7.6797258085,0.7004858759
1637.0,7.734727634,0.6529085969
1638.0,7.714726188,1.05368113355
1639.0,7.6929624605,0.8741761292500001
1640.0,7.7240679,1.24558699955
1641.0,7.730064163,2.031924994
1642.0,7.725610238,3.0295289795
1643.0,7.7514603775,2.476682902
1644.0,7.7498985855,2.1568004135
1645.0,7.7617381729999995,2.540845773
1646.0,7.7427597635000005,3.0853225130000004
1647.0,7.748655439,3.144003282
1648.0,7.7604290675000005,2.5328526545
1649.0,7.759496734,2.699373042
1650.0,7.7911072015,3.7430539435
1651.0,7.766712822,3.942563114
1652.0,7.794445818,3.4166353405
1653.0,7.794451690500001,3.72103179
1654.0,7.850403283,2.9439771285000003
1655.0,7.818412889499999,3.2733513225
1656.0,7.8991965135,2.211916318
1657.0,8.096013659,2.374741232
1658.0,8.074608705,3.1993843295
1659.0,8.062753787,3.766553005
1660.0,8.090386199000001,3.0692843859999996
1661.0,8.0888861855,3.26019931
1662.0,8.095918918999999,3.6587902999999997
1663.0,8.10885514,3.441303625
1664.0,8.104315088,3.45052945
1665.0,8.120300905499999,4.156538379500001
1666.0,8.121300761,3.0278109695
1667.0,8.1334848105,3.1653806485000002
1668.0,8.1288540795,4.3290021285
1669.0,8.123192848999999,3.777224086
1670.0,8.084417460000001,3.3675332840000003
1671.0,8.1364585875,4.638852267500001
1672.0,8.1101534915,4.273178232
1673.0,8.1250846935,3.7423589350000004
1674.0,8.154445073,4.832337433
1675.0,8.111065354499999,4.824190553499999
1676.0,8.1617390835,3.8218059035
1677.0,8.122397842,4.4723775535
1678.0,8.1251721135,4.516185072500001
1679.0,8.1665183095,4.222362383
1680.0,8.18720701,5.103643905
1681.0,8.089509203999999,2.254010991
1682.0,8.1305642305,1.490059822
1683.0,8.104529519,2.0705366845
1684.0,8.3024939635,8.2874450035
1685.0,7.9224218615,5.216511517000001
1686.0,7.73461743,4.012264405
1687.0,7.1544191655,11.0758943215
1688.0,7.522079374,31.26811615
1689.0,8.0727995115,31.1483701
1690.0,7.4589711515,12.859119964
1691.0,8.289806929000001,-13.018638453000001
1692.0,7.811217976,-36.11163524
1693.0,22.946320284000002,-6.842776609999998
1694.0,29.957140835,31.252747630000002
1695.0,24.454860255,35.016589190000005
1696.0,38.52600816,8.457571365
1697.0,37.46418008,20.08520063
1698.0,33.018983275,3.8453230935000002
1699.0,36.287663585000004,-3.3723114395
1700.0,34.558834855,-41.346652435
1701.0,26.14983358,-91.065335515
1702.0,8.827519555,-22.84712625
1703.0,9.206958989,-32.151155245
1704.0,9.1079829325,-24.695866979999998
1705.0,8.893264839499999,-23.85206424
1706.0,8.9093927385,-23.368630075
1707.0,8.9199802085,-22.236412010000002
1708.0,8.821881587,-21.669627335
1709.0,8.6107691165,-23.07365703
1710.0,8.534397805000001,-22.52973284
1711.0,8.5188239905,-23.2861516
1712.0,8.5434238795,-23.288623020000003
1713.0,8.528748465,-23.278069955
1714.0,8.535698461,-23.3918161
1715.0,8.556701218499999,-23.012095315
1716.0,8.7008201315,-24.654376805
1717.0,8.640888866000001,-24.23636496
1718.0,8.6717057115,-25.066687514999998
1719.0,8.6818201755,-25.260674335
1720.0,8.6969039755,-25.292636289999997
1721.0,8.701951745,-25.00357994
1722.0,8.7253677155,-24.775226770000003
1723.0,8.7316284035,-24.19407303
1724.0,8.707786816,-24.853169295
1725.0,8.763925692499999,-25.3188841
1726.0,8.7523557125,-25.162740985
1727.0,8.7663200935,-24.488355335
1728.0,8.714050425,-25.13155766
1729.0,8.7104644215,-25.121879919999998
1730.0,8.7130257785,-24.962943025
1731.0,8.7223937665,-25.311851775
1732.0,8.723725499,-24.5880339
1733.0,8.73493312,-24.599706855
1734.0,8.710464819,-24.916565185
1735.0,8.74407564,-25.192707375
1736.0,8.7222185955,-25.276312895
1737.0,8.768554988,-24.783487819999998
1738.0,8.725259404500001,-24.359292275
1739.0,8.702790608,-25.26518
1740.0,8.7630226105,-25.274515774999998
1741.0,8.772648668,-24.907951895
1742.0,8.7309414755,-24.51458236
1743.0,8.774437865,-24.98514706
1744.0,8.755351431,-24.904937545
1745.0,8.7230570805,-24.408711580000002
1746.0,8.734400597,-24.925592350000002
1747.0,8.7566063015,-24.963833809999997
1748.0,8.729343161,-24.24165422
1749.0,8.766008820500002,-24.718405085
1750.0,8.7175169505,-24.837612195
1751.0,8.7786403695,-25.261761025
1752.0,8.809162687,-25.49119768
1753.0,8.7869482035,-25.170780445
1754.0,8.623434553500001,-24.666870785
1755.0,8.8854234105,-26.51335751
1756.0,8.790216471,-25.38979162
1757.0,8.8268640915,-26.330126825
1758.0,8.8403995015,-26.082492965
1759.0,8.574288139499998,-22.458944915
1760.0,8.3989188155,-22.543338560000002
1761.0,8.406629376000001,-21.450320915
1762.0,8.365353106499999,-21.234163955
1763.0,8.398831615999999,-22.224945575
1764.0,8.429890456999999,-22.155927095
1765.0,8.37026874,-21.78349665
1766.0,8.3960508965,-22.185761624999998
1767.0,8.378261172,-21.642897975
1768.0,8.394488131500001,-21.827039040000003
1769.0,8.421549807,-21.64914642
1770.0,8.427878737,-21.497356465000003
1771.0,8.516779906,-22.732369225
1772.0,8.525993230000001,-22.375986235
1773.0,8.4661894435,-21.600327815
1774.0,8.4627600915,-22.297986695
1775.0,8.5087537255,-22.485717755
1776.0,8.5030697165,-22.069257864999997
1777.0,8.483898288,-22.494671054999998
1778.0,8.5240538655,-22.731636415
1779.0,8.563895334,-22.901161555
1780.0,8.626010225,-24.18059606
1781.0,8.611292876,-23.91103502
1782.0,8.592517845,-20.93589819
1783.0,8.643150385999999,-22.939573125000003
1784.0,8.5371120665,-21.79591518
1785.0,8.4334327775,-21.865701275
1786.0,8.440256146,-22.65678539
1787.0,8.476694952999999,-22.20642762
1788.0,8.5012340645,-22.383894885
1789.0,8.580601641,-22.18137601
1790.0,8.55607026,-22.83904243
1791.0,8.5643440345,-22.68261889
1792.0,8.551581834,-22.8104011
1793.0,8.5930252765,-22.87953222
1794.0,8.5953097425,-23.009538605
1795.0,8.614172452,-23.47035051
1796.0,8.6195606865,-22.981458234999998
1797.0,8.5774753785,-22.902149545
1798.0,8.6017918105,-23.390477760000003
1799.0,8.6071420885,-22.87636628
1800.0,8.566253407000001,-22.76650315
1801.0,8.5852780685,-23.292123055
1802.0,8.604884199,-22.91478979
1803.0,8.639225514,-23.284021345
1804.0,8.6527603625,-23.445709135
1805.0,8.648410794,-22.895050490000003
1806.0,8.625006602500001,-22.92687084
1807.0,8.646014386000001,-23.024768385
1808.0,8.6447373815,-23.00857653
1809.0,8.6485923785,-22.754343329999998
1810.0,8.6849674795,-23.812530170000002
1811.0,8.677815157000001,-23.379708219999998
1812.0,8.639848006000001,-23.085679845
1813.0,8.634719167,-23.651546555000003
1814.0,8.584079405,-23.08492437
1815.0,8.561256492,-23.145898735
1816.0,8.606664292,-23.81078486
1817.0,8.6831328465,-23.967451595
1818.0,8.627250234,-23.12067392
1819.0,8.635854769,-23.313688655
1820.0,8.639250976500001,-23.29691907
1821.0,8.688920856,-23.54358825
1822.0,8.6979031085,-23.95296165
1823.0,8.710973267,-23.789788605
1824.0,8.712514243000001,-23.334262565
1825.0,8.698025956,-23.940404075
1826.0,8.753927277999999,-23.92949255
1827.0,8.711300181999999,-23.770497310000003
1828.0,8.718524652,-24.538984555
1829.0,8.745374808,-24.26460572
1830.0,8.721001714,-23.585091255000002
1831.0,8.7437395225,-24.42891357
1832.0,8.7525722425,-24.082283755
1833.0,8.675209016,-23.50440086
1834.0,8.7026411905,-24.346809264999997
1835.0,8.7146325195,-24.054584475
1836.0,8.675498216000001,-23.477136520000002
1837.0,8.680273685,-23.78763268
1838.0,8.7218587895,-24.196060795
1839.0,8.6944891635,-23.153156905
1840.0,8.7384260625,-23.423182005
1841.0,8.693658426,-23.39614361
1842.0,8.7341760205,-23.303225814999998
1843.0,8.736037119,-23.504562434999997
1844.0,8.755784267,-23.664760925
1845.0,8.763368451,-23.409485699999998
1846.0,8.7922763595,-23.752234215
1847.0,8.755252602999999,-23.657565915
1848.0,8.7103160865,-22.459279119999998
1849.0,8.741974674,-23.660771525
1850.0,8.756107398,-23.53271942
1851.0,8.740692956499998,-23.149479125
1852.0,8.773947318,-23.997392849999997
1853.0,8.80317304,-23.13460598
1854.0,8.7579188855,-23.577589285000002
1855.0,8.805705418999999,-24.139355435
1856.0,8.781729698,-23.542174115
1857.0,8.754586813500001,-23.20768805
1858.0,8.7701473665,-23.860865275000002
1859.0,8.7984730635,-23.587868725
1860.0,8.7823990375,-23.323177135
1861.0,8.786779514500001,-23.933991685000002
1862.0,8.798852909,-23.84385504
1863.0,8.7713393165,-23.1597813
1864.0,8.810241805499999,-23.934934480000003
1865.0,8.7986352525,-24.51417305
1866.0,8.867322342000001,-24.59874352
1867.0,8.933112425,-24.57823198
1868.0,8.89455082,-24.574659429999997
1869.0,8.8565833175,-24.007209070000002
1870.0,8.9008457685,-25.081908245
1871.0,8.953653104,-24.89976042
1872.0,8.8501925935,-22.909813705
1873.0,8.9547540835,-25.01474837
1874.0,8.9778012395,-24.37370385
1875.0,8.937819261000001,-24.33538133
1876.0,8.995543270999999,-24.991333085
1877.0,8.969641031,-24.55079808
1878.0,8.9462072265,-24.292175195
1879.0,8.985139179,-24.92911255
1880.0,8.969432445999999,-24.52303232
1881.0,8.9500365505,-24.186457495
1882.0,9.0076504505,-24.940602325
1883.0,8.9757723075,-24.225186655
1884.0,8.913493914,-24.62217382
1885.0,8.968982099,-24.77955763
1886.0,8.9638130475,-24.710614675000002
1887.0,8.934723208,-24.26360386
1888.0,8.962758328,-25.255202734999997
1889.0,8.945603307999999,-24.09652533
1890.0,8.9376780525,-24.54745125
1891.0,8.868635485999999,-24.5055052
1892.0,8.798961744,-23.5392706
1893.0,8.871209653000001,-24.70732915
1894.0,6.463688986499999,-17.52669591
1895.0,7.2719059875,-10.061167572999999
1896.0,8.0837359505,-25.935764925
1897.0,7.821813522499999,-30.45045779
1898.0,7.313153609,-10.1722138015
1899.0,6.969777683,-1.539739821
1900.0,6.7031279205,26.208010115
1901.0,6.4592217545,30.037417904999998
1902.0,9.8674181025,-7.6140670355
1903.0,11.31828357,-46.11439404
1904.0,7.1994663345,-12.4451025095
1905.0,7.6095392115,-11.2643436735
1906.0,8.574324781,-24.6485164
1907.0,8.381716539500001,-25.057950375
1908.0,8.399486972,-25.6642434
1909.0,8.401598668,-25.6535073
1910.0,8.448729862,-26.713530050000003
1911.0,8.8957219735,-26.78450023
1912.0,8.701027704000001,-24.721092835
1913.0,8.758044576500001,-25.80358106
1914.0,8.791249646499999,-25.99586651
1915.0,8.7677841275,-26.023399374999997
1916.0,8.769321888,-25.73132992
1917.0,8.854969268,-25.52450118
1918.0,8.98498019,-27.99441315
1919.0,8.7696319965,-26.895446305
1920.0,8.636025086,-25.94203128
1921.0,8.7191649975,-26.80677685
1922.0,8.6556789775,-26.065256135
1923.0,8.650094732500001,-26.130412645
1924.0,8.661999111499998,-26.542837409999997
1925.0,8.620509769,-26.499612745
1926.0,8.618802789,-26.25143286
1927.0,8.628390600500001,-26.70238917
1928.0,8.643063809000001,-26.7950977
1929.0,8.642550345,-26.747946965
1930.0,8.667151324,-26.735384500000002
1931.0,8.5791427975,-26.001602935
1932.0,8.5157621175,-25.668555445000003
1933.0,8.5435785155,-26.643198075
1934.0,8.553697237000002,-26.476688414999998
1935.0,8.568152265999998,-26.361551640000002
1936.0,8.5504979915,-25.656130555
1937.0,8.557501203,-26.1405387
1938.0,8.582768783,-26.58841915
1939.0,8.5992723835,-26.228545625
1940.0,8.5696416145,-25.883164805
1941.0,8.509331161,-25.24519895
1942.0,8.548478834,-26.111698580000002
1943.0,8.568060407,-26.24082373
1944.0,8.5574658655,-25.856778894999998
1945.0,8.544241886,-25.7380923
1946.0,8.534179769000001,-25.38619199
1947.0,8.542511701,-26.072960695
1948.0,8.569917314,-26.007576025
1949.0,8.573807312,-26.03757848
1950.0,8.576160346,-26.41353555
1951.0,8.5808605435,-26.223698419999998
1952.0,8.5509699015,-25.67145832
1953.0,8.559281298,-25.609200684999998
1954.0,8.603091082,-26.705809369999997
1955.0,8.7890511365,-29.09790756
1956.0,8.5413076065,-29.67528995
1957.0,8.1584170045,-10.760621834
1958.0,9.052990431,-34.559929894999996
1959.0,9.1172492515,-36.79641484
1960.0,8.7413798935,-31.641601205
1961.0,9.9013386805,-39.987010095
1962.0,17.602200465,-68.046505735
1963.0,36.169349804999996,-9.374095339999998
1964.0,49.732052374999995,-17.416682027
1965.0,48.72688384,-0.14384572453
1966.0,44.74172764,-13.755327519
1967.0,36.52005336,-3.4234551445
1968.0,25.40641393,24.28255704
1969.0,12.93265695,0.8845051853
1970.0,20.59702776,-4.7902133055
1971.0,49.268263185,11.7901127065
1972.0,28.45763839,18.843900471
1973.0,14.85200468,22.6672196
1974.0,15.467283094999999,35.48533845
1975.0,15.63330354,30.43756036
1976.0,14.53505132,29.213199005
1977.0,13.773231055,23.8938561
1978.0,21.29073534,87.82512599
1979.0,11.766313870000001,36.730111750000006
1980.0,13.485377345,36.096262335
1981.0,14.33936246,21.040254179999998
1982.0,21.72992339,-10.138635175000001
1983.0,12.042925475,-49.61901917
1984.0,10.658333753,-45.54996787
1985.0,8.9242068685,-45.398040345
1986.0,8.792252949,-44.895300155
1987.0,9.2922049695,-45.847819375
1988.0,9.596392991,-46.684887325
1989.0,9.636077805500001,-46.749851385
1990.0,9.636145741,-46.352130349999996
1991.0,9.671617660999999,-46.85621001
1992.0,9.614046924,-46.30712531
1993.0,9.5736136155,-46.28749559
1994.0,9.595177447,-46.51931659
1995.0,9.646347207,-46.843633280000006
1996.0,9.606623595,-46.715776919999996
1997.0,9.580955497000001,-46.31111659
1998.0,9.551469502,-46.47550185
1999.0,9.572781198000001,-46.902268135
2000.0,9.619618749,-46.942735150000004
2001.0,9.64984901,-47.482970195
2002.0,9.5993304075,-46.72119617
2003.0,9.539215757000001,-46.39281501
2004.0,9.518305188,-46.023045655000004
2005.0,9.586465576,-46.814663034999995
2006.0,9.608367337,-47.0563573
2007.0,9.5749465015,-46.432104515
2008.0,9.52947889,-46.251194615
2009.0,9.5693474375,-46.724900129999995
2010.0,9.5934131615,-46.702068690000004
2011.0,9.527517866499998,-46.212151325
2012.0,9.5053388255,-46.187128595000004
2013.0,9.5661809865,-46.5701564
2014.0,9.5850472045,-46.624029735
2015.0,9.513292793,-46.208114135
2016.0,9.531419946,-46.291558895
2017.0,9.591221236500001,-46.643248325
2018.0,9.6169313065,-46.34828287
2019.0,9.561677874,-45.990957945000005
2020.0,9.569346497,-46.311786
2021.0,9.628504261,-46.434117740000005
2022.0,9.5652909715,-46.34355354
2023.0,9.546407367,-46.08650269
2024.0,9.5899244135,-46.61506508
2025.0,9.642576927,-46.527338305
2026.0,9.6181978965,-46.125870684999995
2027.0,9.64275625,-46.63256535
2028.0,9.6495743865,-46.793885395000004
2029.0,9.898745433999999,-48.3501071
2030.0,9.6878082445,-47.222698565
2031.0,9.8033828565,-47.767841985000004
2032.0,9.8087929635,-47.828249815
2033.0,9.706697387,-47.340182385000006
2034.0,9.8020837075,-48.083879124999996
2035.0,9.768116114,-47.58916603
2036.0,9.673933274500001,-46.993734180000004
2037.0,9.7078719165,-47.321910955
2038.0,9.7380096965,-47.27956072
2039.0,9.637408673,-46.694019905000005
2040.0,9.6902557445,-47.313954519999996
2041.0,9.754770025500001,-47.547754115000004
2042.0,9.6777297625,-47.130456475
2043.0,9.676904873,-47.053891615
2044.0,9.723099076499999,-47.4089492
2045.0,9.75637324,-47.59567511
2046.0,9.629292531499999,-46.77030869
2047.0,9.765075027,-47.756692555
2048.0,9.7756842955,-47.889178135
2049.0,9.80068302,-47.86883217
2050.0,9.789189687,-47.899827635
2051.0,9.796869017999999,-47.94621102
2052.0,9.7446303925,-47.60873782
2053.0,9.767192683000001,-47.72658465000001
2054.0,9.8121286415,-48.010353625
2055.0,9.7431007265,-47.67665468
2056.0,9.776741175000002,-47.83372313
2057.0,9.816908357500001,-47.970189500000004
2058.0,9.7958875135,-48.167757545
2059.0,9.7485725395,-47.72990633
2060.0,9.773012342,-47.951955815000005
2061.0,9.789662728,-48.28800292
2062.0,9.7928611675,-47.832576365
2063.0,9.7220691265,-47.67969542
2064.0,9.797414801999999,-48.058441994999995
2065.0,9.734292832,-47.59878175
2066.0,9.776650758,-47.759956470000006
2067.0,9.802603104,-48.061561174999994
2068.0,9.815535862499999,-48.29629654
2069.0,9.7034189965,-47.873469195
2070.0,9.640251858,-47.728856664999995
2071.0,9.794424473,-47.80464232
2072.0,9.473601355,-47.626149935
2073.0,9.757055137,-48.98629926
2074.0,9.782081728,-48.913084209999994
2075.0,9.851892987,-48.51154064
2076.0,9.766453398,-48.187584965
2077.0,9.608268423,-47.357902035
2078.0,9.578182117,-47.30511473
2079.0,9.621278688499999,-47.553399865
2080.0,9.5775890195,-47.318431634999996
2081.0,9.5394534905,-47.08581459
2082.0,9.6068980795,-47.461351394999994
2083.0,9.602556538,-47.533920495000004
2084.0,9.627425938,-47.533930985
2085.0,9.641867666,-47.61512161
2086.0,9.6249731235,-47.523400190000004
2087.0,9.557484523,-46.98195109
2088.0,9.579680766,-47.217459055
2089.0,9.6189992855,-47.42856865
2090.0,9.5824975755,-47.03482987
2091.0,9.54553207,-46.972214095
2092.0,9.6666534215,-47.84782584
2093.0,9.648190312,-47.57455666
2094.0,9.5797062595,-47.04285973
2095.0,9.6142959625,-47.528015265
2096.0,9.644457918,-47.62412124
2097.0,9.616832438,-47.30152913
2098.0,9.69556751,-47.45469844
2099.0,9.741158666,-48.338411995
2100.0,9.6856955845,-47.79811223
2101.0,9.673958329,-47.8513156
2102.0,9.773312424,-47.621461935
2103.0,9.8502205315,-48.30868882
2104.0,9.772216859,-47.78604407
2105.0,9.767417357,-47.78365024
2106.0,9.8320066335,-47.889065900000006
2107.0,9.755927038,-47.28754543
2108.0,9.635642078,-47.103284245
2109.0,9.6570303295,-47.241777485
2110.0,9.6936972305,-47.109212604999996
2111.0,9.6610053135,-47.34195555
2112.0,9.6327665845,-46.93025508
2113.0,9.6580018765,-47.339542115
2114.0,9.686425645,-47.37937966
2115.0,9.6549293925,-47.05722618
2116.0,9.594979777999999,-47.038177024999996
2117.0,9.6201951205,-47.60822536
2118.0,9.6298095925,-47.51828663
2119.0,9.624566412,-47.41714607
2120.0,9.729462709,-48.23298728
2121.0,9.734088457,-48.01235896
2122.0,9.635490446,-47.0433742
2123.0,9.6982388575,-47.821827909999996
2124.0,9.748822651000001,-48.074333429999996
2125.0,9.7611413605,-47.879790975000006
2126.0,9.7523386625,-47.723517425
2127.0,9.843301712999999,-48.537719525
2128.0,9.324743280500002,-39.899573005
2129.0,9.8575538665,-44.16627483
2130.0,10.015435639,-46.18424759
2131.0,9.9136965005,-45.753100970000006
2132.0,9.407229327500001,-40.9875454
2133.0,9.711138186,-47.386255875
2134.0,9.5522596665,-45.28694364
2135.0,9.513008074999998,-45.098532235
2136.0,9.5348125695,-45.207055690000004
2137.0,9.581036543,-45.58307689
2138.0,9.659111775,-46.109877875
2139.0,9.3841422735,-42.66711028
2140.0,8.281466654,-32.20110865
2141.0,8.7361647435,-36.697360065
2142.0,9.764822104499999,-41.587409765000004
2143.0,8.9987412885,-51.769780235
2144.0,8.156357884,-43.925376735
2145.0,8.743466044,-39.835063675
2146.0,8.660245901,-44.138571015
2147.0,9.024044299,-45.991757525
2148.0,9.355522877,-48.0974809
2149.0,9.716368867,-46.07486723
2150.0,9.7718398325,-46.288234855
2151.0,9.833826124,-46.41398094
2152.0,9.783643249,-46.18355849
2153.0,9.821021801499999,-46.242556365
2154.0,9.820394846,-46.193800350000004
2155.0,9.838984428,-45.916035615
2156.0,9.8336660045,-45.70372146
2157.0,9.8388543855,-45.662656244999994
2158.0,9.835981004,-45.62770404
2159.0,9.8522179665,-45.614608805
2160.0,9.8588062585,-45.593440924999996
2161.0,9.861698221000001,-45.488710760000004
2162.0,9.833280987,-45.589676405
2163.0,9.852695727,-45.31975196
2164.0,9.805187815,-45.2490652
2165.0,9.795927150499999,-45.284726055
2166.0,9.8324568945,-45.341998225
2167.0,9.855718991500002,-45.451360625
2168.0,9.91356886,-45.748229894999994
2169.0,9.9110962585,-45.751782434999996
2170.0,9.873170754,-45.612194575000004
2171.0,9.8544713685,-45.427402455
2172.0,9.872983255000001,-45.497436125
2173.0,9.854321829,-45.48486172
2174.0,9.839469931,-45.45769179
2175.0,9.829435259,-45.460965225
2176.0,9.836864929499999,-45.44658795
2177.0,9.8428223095,-45.533422355
2178.0,9.835358103499999,-45.335035180000006
2179.0,9.817384209,-45.26330466
2180.0,9.8395815255,-45.409083100000004
2181.0,9.872027427999999,-45.377929054999996
2182.0,9.8210780325,-45.211980205
2183.0,9.7810893545,-45.019053695
2184.0,9.808102246,-45.280023955
2185.0,9.812207968500001,-45.08361069
2186.0,9.784356568,-44.97550359
2187.0,9.782672401500001,-44.953436030000006
2188.0,9.7948023675,-45.06580611
2189.0,9.7509552265,-44.930501065
2190.0,9.759295054999999,-44.888010835
2191.0,9.774564876,-44.965239115
2192.0,9.7776704925,-44.939272095
2193.0,9.7896077085,-44.98020083
2194.0,9.828566816,-45.19914135
2195.0,9.794164213999998,-45.005020314999996
2196.0,9.8282781175,-45.0468367
2197.0,9.8347524505,-44.22111615
2198.0,10.170625314999999,-44.7521689
2199.0,10.08591341,-44.40375318
2200.0,10.055553775,-44.914234185
2201.0,9.934130653,-44.779434484999996
2202.0,9.934754468,-44.888150620000005
2203.0,9.875220193,-44.590369545
2204.0,9.926524926999999,-44.904080585
2205.0,9.911628502500001,-44.84355357
2206.0,9.905811031999999,-44.75634474
2207.0,10.07412145,-45.733976674999994
2208.0,10.0338007545,-45.475382894999996
2209.0,10.000908836499999,-45.409700185
2210.0,10.0179910265,-45.48597455
2211.0,10.094181915,-45.54632772
2212.0,10.009825441,-45.566394900000006
2213.0,9.989516263,-45.5733992
2214.0,10.027887074999999,-46.260037725000004
2215.0,10.012593725,-46.646740905
2216.0,9.94434687,-46.655267710000004
2217.0,10.045660210000001,-46.13927746
2218.0,10.123209549999999,-46.443669745
2219.0,10.134417514999999,-46.559361945
2220.0,10.10162582,-46.351048309999996
2221.0,10.058925841499999,-45.3112217
2222.0,10.20250789,-46.668614475
2223.0,10.18601016,-46.225742069999995
2224.0,10.16448158,-46.35750401
2225.0,10.25469842,-46.15423884
2226.0,10.176977985,-46.20556963
2227.0,10.203031115,-46.225087535
2228.0,10.23498453,-46.548479795
2229.0,10.2344924,-46.290877135
2230.0,10.244164275,-46.533510879999994
2231.0,10.20070367,-46.46415081
2232.0,10.18113043,-46.2839482
2233.0,10.174045615,-46.180193790000004
2234.0,10.211496915,-46.468481365
2235.0,10.178775095,-46.288300934999995
2236.0,10.161069184999999,-45.795940825
2237.0,10.293504265,-47.13811934
2238.0,10.257182414999999,-46.88123582
2239.0,10.259430495,-46.801512645
2240.0,10.2165489,-46.243648730000004
2241.0,10.262014015,-46.8172965
2242.0,10.22661542,-46.504997565
2243.0,10.235164715,-46.55750055
2244.0,10.238859025,-46.423407014999995
2245.0,10.231731345,-46.520039065000006
2246.0,10.241612765,-46.46356369
2247.0,10.25635098,-46.699373120000004
2248.0,10.266385885,-46.521498705
2249.0,10.24984297,-46.553850080000004
2250.0,10.30544135,-46.75518004
2251.0,10.2355651,-46.289692439999996
2252.0,10.31358289,-46.456392445000006
2253.0,10.35623351,-47.343562195
2254.0,10.405668635,-47.29524784
2255.0,10.295995535,-46.137332040000004
2256.0,10.329058700000001,-46.165555014999995
2257.0,10.32473354,-45.82243466
2258.0,10.282544305,-45.99148568
2259.0,10.36016656,-46.474726669999995
2260.0,10.30408767,-46.60505053
2261.0,10.305428034999998,-46.406351029999996
2262.0,10.30863024,-46.456138905
2263.0,10.369221459999999,-46.941937485
2264.0,10.262042600000001,-46.27848178
2265.0,9.8403098835,-40.61548432
2266.0,10.484415219999999,-48.485748195
2267.0,10.0203882075,-41.92825578
2268.0,8.646597101000001,-28.413640774999998
2269.0,8.5825462385,-17.48820836
2270.0,9.0644504215,-9.667411079499999
2271.0,11.024681125,-20.41522848
2272.0,12.244180109999999,-34.099755495
2273.0,12.199314855,-38.169634805
2274.0,12.34998298,-48.402002095
2275.0,10.7952156,-40.47657474
2276.0,9.307848473,-28.384607175
2277.0,10.2884893385,-34.563955115
2278.0,11.90432708,-45.497775065
2279.0,11.1410288,-52.562691810000004
2280.0,10.45136995,-43.682217505
2281.0,10.93734588,-47.70159756
2282.0,11.13371046,-48.19051915
2283.0,11.22084667,-49.081185649999995
2284.0,11.182881134999999,-48.845741185
2285.0,11.186691804999999,-48.98027528
2286.0,11.271507119999999,-49.151040685
2287.0,11.19937176,-49.23188777
2288.0,11.2489663,-49.547078185000004
2289.0,11.297893855,-50.037284920000005
2290.0,11.301813925000001,-49.999775514999996
2291.0,11.27192366,-49.462540430000004
2292.0,11.314136040000001,-49.441114035
2293.0,11.50959345,-49.736266785
2294.0,11.473490954999999,-49.499517010000005
2295.0,11.44410039,-49.541658125
2296.0,11.389913960000001,-49.045771895
2297.0,11.393508675,-49.184536775
2298.0,11.39747281,-49.151840645
2299.0,11.380811115,-49.09029484
2300.0,11.36859634,-49.04090454
2301.0,11.44740893,-49.23149592
2302.0,11.425841155,-49.175613835
2303.0,11.44674954,-49.27972623
2304.0,11.538026,-50.22729143
2305.0,11.51795942,-49.692312895
2306.0,11.54695122,-49.877537059999995
2307.0,11.560152219999999,-49.868223515
2308.0,11.574889285000001,-49.9624694
2309.0,11.537843644999999,-49.776977314999996
2310.0,11.53822561,-49.758886335
2311.0,11.555192420000001,-49.943037395000005
2312.0,11.528091960000001,-49.72457564
2313.0,11.520225445000001,-49.648235715
2314.0,11.557822965,-49.788461595
2315.0,11.517745125000001,-49.693818005
2316.0,11.505166855,-49.778617625
2317.0,11.534935690000001,-49.850035855
2318.0,11.51313983,-49.71864624
2319.0,11.505449859999999,-49.56639991
2320.0,11.508315715,-49.760851095
2321.0,11.496265305000001,-49.7366641
2322.0,11.4632799,-49.481870985
2323.0,11.475361204999999,-49.528377205
2324.0,11.471914720000001,-49.62963143
2325.0,11.466224839999999,-49.47890959
2326.0,11.43379442,-49.38003648
2327.0,11.464333535,-49.51712741
2328.0,11.462735899999998,-49.48405051
2329.0,11.419652385,-49.147048170000005
2330.0,11.46566317,-49.34528366
2331.0,11.4531174,-49.355530325000004
2332.0,11.41398377,-49.252150055
2333.0,11.445359215,-49.237936395
2334.0,11.457406285000001,-49.398610415
2335.0,11.41895961,-49.11437442
2336.0,11.45141884,-49.272395855
2337.0,11.449641945,-49.31591098
2338.0,11.418001664999998,-49.147680045
2339.0,11.419851730000001,-49.17126323
2340.0,11.43463438,-49.20577589
2341.0,11.40204246,-49.005745919999995
2342.0,11.395624015,-49.066350145
2343.0,11.433283670000002,-49.251360055000006
2344.0,11.38943952,-49.07440962
2345.0,11.40266458,-48.98673699
2346.0,11.418243905,-49.289306214999996
2347.0,11.390366775,-49.02010257
2348.0,11.384989535,-49.024657585
2349.0,11.39979618,-49.01138477
2350.0,11.38328424,-48.848422189999994
2351.0,11.355266,-48.74693604
2352.0,11.36240288,-48.88826021
2353.0,11.403180855,-49.012490154999995
2354.0,11.335661865,-48.91385765
2355.0,11.304288665000001,-48.87116024
2356.0,11.303520305,-49.134921705
2357.0,11.219274105,-49.005718605
2358.0,11.203930289999999,-49.069607774999994
2359.0,11.19459522,-49.2576302
2360.0,11.103516295,-49.346724545
2361.0,11.038066825,-49.568873235
2362.0,11.08929137,-49.754901520000004
2363.0,11.030049835,-49.5789819
2364.0,11.010429134999999,-49.566716965
2365.0,11.067618634999999,-49.809937745
2366.0,11.053294950000002,-49.73145807
2367.0,11.04286058,-49.6757579
2368.0,11.132893835,-50.16352519
2369.0,11.07517636,-49.9929698
2370.0,10.800906725,-50.277081505
2371.0,10.075847055,-50.65542508
2372.0,9.9001654295,-48.708429025
2373.0,11.394398169999999,-55.588010705
2374.0,11.755023395,-55.980042065
2375.0,11.08784835,-51.471030525
2376.0,11.199726205000001,-52.718787954999996
2377.0,11.16544653,-52.55024949
2378.0,11.14974049,-52.604282600000005
2379.0,11.18301293,-52.76370649
2380.0,11.130571695,-52.46544054
2381.0,11.4711225,-52.514790665
2382.0,11.47560941,-51.852781575
2383.0,11.356763315,-51.65174845
2384.0,11.23700147,-51.274243935
2385.0,11.3406846,-52.0806134
2386.0,11.79176358,-53.68215512
2387.0,11.504037499999999,-52.796320195
2388.0,11.42384409,-51.30533221
2389.0,11.45027748,-50.278802155
2390.0,11.435286195,-49.99514251
2391.0,11.41303413,-50.080752965
2392.0,11.548910719999999,-50.824763680000004
2393.0,11.55547641,-49.373128495
2394.0,11.966127335,-50.695817059999996
2395.0,11.964018379999999,-51.04406239
2396.0,11.215340365,-43.131431575
2397.0,25.573491565,-14.617777166
2398.0,38.76176325,-9.6790258505
2399.0,49.507607,-0.9679742950000003
2400.0,42.45119817,-2.647299714
2401.0,46.046176544999994,-8.934562086
2402.0,43.730059725000004,-10.744661996000001
2403.0,45.84588995,-6.18721889
2404.0,43.534067205,-10.4066275655
2405.0,40.03990456,-14.533313029999999
2406.0,34.214672985,-14.16495584
2407.0,9.985372078,-35.3438623
2408.0,8.076487355000001,-38.383534045
2409.0,7.614726686999999,-26.14530348
2410.0,7.0702804095000005,-26.212486425
2411.0,7.1517264224999995,-19.054741630000002
2412.0,7.287063059499999,-19.700176185
2413.0,7.4191569755,-22.90999129
2414.0,7.3869241685,-20.725359365
2415.0,7.462753462,-22.05423795
2416.0,7.3746765110000005,-20.9986195
2417.0,7.3358892855,-20.845910205000003
2418.0,7.3403069445,-21.0264028
2419.0,7.296743414,-20.934862425
2420.0,7.295303656,-20.4583544
2421.0,7.3208064475,-21.008564545
2422.0,7.348314499500001,-21.166297434999997
2423.0,7.296678632,-20.554369835000003
2424.0,7.318421499499999,-21.10201022
2425.0,7.3492352035,-20.80781197
2426.0,7.3377418905,-20.479596649999998
2427.0,7.377520965,-20.86223949
2428.0,7.431785939,-20.96748057
2429.0,7.379130973,-20.36441515
2430.0,7.365087065,-20.55195355
2431.0,7.369669991,-21.06118388
2432.0,7.3854224465,-20.407224380000002
2433.0,7.3724479765,-20.477076025
2434.0,7.389689524,-21.054866065
2435.0,7.367820782,-20.441230775
2436.0,7.3424693045,-20.08726171
2437.0,7.373255846999999,-20.66662925
2438.0,7.3895595395,-20.575900815
2439.0,7.3580876855,-20.45270553
2440.0,7.3999246395,-21.29905871
2441.0,7.398418425,-20.493863345
2442.0,7.3741434555000005,-20.466752704999998
2443.0,7.4023654325,-21.18834399
2444.0,7.389706016,-20.84659403
2445.0,7.3554744675,-20.66937896
2446.0,7.374690707,-20.79134542
2447.0,7.366078787,-20.54435563
2448.0,7.363424624,-20.143147885
2449.0,7.3860799355,-20.68115065
2450.0,7.3910484284999995,-20.23614092
2451.0,7.349258259,-20.122673714999998
2452.0,7.367545997500001,-20.544270665
2453.0,7.374565188,-21.260058455
2454.0,7.39964342,-20.47661795
2455.0,7.4006673455000005,-20.501259315
2456.0,7.41866967,-20.92781151
2457.0,7.4369217095,-20.899248964999998
2458.0,7.397723171,-20.04998005
2459.0,7.39504204,-20.139188975
2460.0,7.442820052,-20.815962865
2461.0,7.423459225,-20.32603996
2462.0,7.375190617,-19.929092330000003
2463.0,7.4137285525,-20.245722465
2464.0,7.400891593,-19.97406592
2465.0,7.417435869,-19.992254005
2466.0,7.460733536,-20.59796805
2467.0,7.437444537999999,-20.084640985
2468.0,7.41372505,-19.5680672
2469.0,7.431972443499999,-19.987882325
2470.0,7.4418624545,-19.987597055000002
2471.0,7.416089027,-19.83186851
2472.0,7.368827448,-19.22643768
2473.0,7.421480433499999,-19.843533965
2474.0,7.406916884999999,-19.78110688
2475.0,7.4283150195,-19.885164465000003
2476.0,7.4684414445,-20.472453514999998
2477.0,7.452656168000001,-20.213001775000002
2478.0,7.424349994,-19.898047375
2479.0,7.470638135,-20.03793893
2480.0,7.4611340770000005,-20.35340039
2481.0,7.4537464035,-19.95520791
2482.0,7.409354427,-19.43553944
2483.0,7.477147351,-20.30578914
2484.0,7.4439907965,-19.903504079999998
2485.0,7.432019507,-19.476401925
2486.0,7.459096255,-20.144094105
2487.0,7.4642481515,-19.946131190000003
2488.0,7.430630594,-19.606057315
2489.0,7.46684808,-19.97592967
2490.0,7.4903226735,-19.951264985
2491.0,7.4413845384999995,-19.524533675
2492.0,7.4488203075,-19.682403795
2493.0,7.490234346499999,-19.968198455
2494.0,7.444732355999999,-19.439921685
2495.0,7.442219352,-19.53911257
2496.0,7.480128318,-19.796219255
2497.0,7.4662530235,-19.2871658
2498.0,7.4518267835,-19.445724374999998
2499.0,7.4872072355,-19.818206945
2500.0,7.485514889499999,-19.470758655
2501.0,7.468857315499999,-19.233367475
2502.0,7.4908938670000005,-19.45157933
2503.0,7.499720023,-19.48558391
2504.0,7.469937186499999,-19.172791035000003
2505.0,7.448142995,-19.1130918
2506.0,7.485199613000001,-19.543604045000002
2507.0,7.493465958,-19.471327145
2508.0,7.453238997,-18.88056152
2509.0,7.490461161,-19.614297535
2510.0,7.4868057055,-19.49177021
2511.0,7.448896424,-19.008335295000002
2512.0,7.494842752,-19.381991965
2513.0,7.489125040999999,-19.39493092
2514.0,7.450250873,-18.88438217
2515.0,7.4712658350000005,-19.288759115
2516.0,7.460995687,-19.09549707
2517.0,7.4164061629999996,-18.617067419999998
2518.0,7.4477154035,-19.10655057
2519.0,7.473371569999999,-19.224511095
2520.0,7.4347574585,-18.718105905
2521.0,7.4279235645,-18.84306443
2522.0,7.4660539415,-19.35435947
2523.0,7.459425144,-18.93170611
2524.0,7.458672713,-19.000903450000003
2525.0,7.481114854,-19.210023535
2526.0,7.4311310105,-18.710898425
2527.0,7.4732228225,-19.028608665
2528.0,7.4847883490000005,-19.48304091
2529.0,7.4371390525,-18.60062593
2530.0,7.4550167405,-18.900984145000002
2531.0,7.458194711,-19.17509925
2532.0,7.449862522,-18.83789727
2533.0,7.417410089500001,-18.61018301
2534.0,7.4589571905,-19.048359365
2535.0,7.4841656985,-19.09451431
2536.0,7.417635508,-18.24516865
2537.0,7.4504941295,-18.95175064
2538.0,7.469408175,-18.82545037
2539.0,7.441829486,-18.69594658
2540.0,7.4626531709999995,-19.228675055
2541.0,7.46340318,-18.786184
2542.0,7.4497995745,-18.664787525
2543.0,7.458448014,-19.04607296
2544.0,7.5049780275,-19.093426845
2545.0,7.474367621,-19.018391665
2546.0,7.4402952505,-18.5286057
2547.0,7.475322069500001,-19.249737590000002
2548.0,7.4670435805,-18.674666205
2549.0,7.414566607,-18.769751735
2550.0,7.468250288,-19.03588944
2551.0,7.4626063689999995,-18.712840540000002
2552.0,7.4466850595,-18.33456639
2553.0,7.460121073,-18.77712734
2554.0,7.4645475185,-18.98715074
2555.0,7.44988309,-18.552439704999998
2556.0,7.416570774,-18.33721352
2557.0,7.471216763,-18.902490685
2558.0,7.4708452035,-18.530679575
2559.0,7.419029353,-18.202895415
2560.0,7.470005386,-18.593685635
2561.0,7.4901417105,-18.80331032
2562.0,7.4427398485000005,-18.400708355
2563.0,7.4478212665,-18.522346685
2564.0,7.4772824265,-18.64736858
2565.0,7.4563939784999995,-18.27930087
2566.0,7.4402284265,-18.25402681
2567.0,7.470261811,-18.70378045
2568.0,7.4356849605,-18.270546725
2569.0,7.452642167,-18.20298068
2570.0,7.462760009,-18.485954675
2571.0,7.450979717999999,-18.219511375
2572.0,7.409496988,-18.181135115
2573.0,7.4593076714999995,-18.613099955
2574.0,7.453569465999999,-18.40573177
2575.0,7.4092360645,-18.020496729999998
2576.0,7.4633209175,-18.526887835
2577.0,7.478716882,-18.724817135000002
2578.0,7.4546407855000005,-18.206094659999998
2579.0,7.47276284,-18.751002030000002
2580.0,7.5175904885,-18.999889425
2581.0,7.4796157325,-18.394484225
2582.0,7.460952829,-18.18944472
2583.0,7.4722257039999995,-18.519706845
2584.0,7.48634663,-18.585749695
2585.0,7.479969262499999,-18.559688995000002
2586.0,7.521305798,-18.74324451
2587.0,7.5617485445,-19.36004812
2588.0,7.564505458999999,-19.062709140000003
2589.0,7.509456976,-18.504708975
2590.0,7.5606785455,-18.883093375
2591.0,7.574437387,-19.234934715
2592.0,7.529128178000001,-18.629167395
2593.0,7.536906581,-18.744112955
2594.0,7.5604243965,-19.137535915
2595.0,7.519201369999999,-18.515655764999998
2596.0,7.549627674,-18.643451725
2597.0,7.611245782,-19.383825415
2598.0,7.593373724,-19.220157635
2599.0,7.5698780445,-18.832537170000002
2600.0,7.6141428855,-19.252818035
2601.0,7.6078968915,-19.20033927
2602.0,7.576850061,-18.66080458
2603.0,7.5824123285,-19.219903455
2604.0,7.6138203335,-19.316863765
2605.0,7.5831883195,-18.967217294999998
2606.0,7.559624555,-18.76195477
2607.0,7.564678695,-19.12515896
2608.0,7.584055222,-19.180630084999997
2609.0,7.1691314864999995,-20.327995255
2610.0,7.369376023,-3.3092528549999995
2611.0,8.0617946695,-24.146143005
2612.0,8.180537615,-7.849335979000001
2613.0,8.007797755,-6.1758446515
2614.0,7.58010023,3.0875563702999997
2615.0,7.17017564,-5.749584352499999
2616.0,7.507248143,-12.5921267
2617.0,7.216770704,-12.500508985
2618.0,7.982038165500001,-10.1466996285
2619.0,8.9231181645,-13.308207141
2620.0,9.294875087000001,-27.207765205
2621.0,9.515711682,-24.463470495
2622.0,9.089269423000001,-26.0185015
2623.0,8.46403093,-22.83248358
2624.0,8.464792081,-23.706271905
2625.0,8.4615502425,-23.776913479999997
2626.0,8.456341879,-23.533065665000002
2627.0,8.498270999999999,-24.195587805000002
2628.0,8.47482826,-24.11237612
2629.0,8.4742992505,-23.591651295
2630.0,8.469912683,-23.981412515
2631.0,8.5511559875,-24.534706585000002
2632.0,8.532999705,-24.778326285
2633.0,8.533597112,-24.56714745
2634.0,8.461800331500001,-24.047162665000002
2635.0,8.476875864499998,-24.83943574
2636.0,8.456976066,-24.07011601
2637.0,8.498424552,-24.297397529999998
2638.0,8.509651891,-24.53469662
2639.0,8.5380634185,-24.89256057
2640.0,8.501834858,-24.344934485
2641.0,8.4997549515,-24.475290725
2642.0,8.5289139285,-24.746927585
2643.0,8.5229387365,-24.870882005
2644.0,8.505557125500001,-24.36767691
2645.0,8.498982051,-24.351338575
2646.0,8.5167344765,-25.008246345
2647.0,8.5101916715,-24.74046461
2648.0,8.477370517,-24.36125845
2649.0,8.513353215999999,-24.88105108
2650.0,8.503392702,-24.555516675
2651.0,8.453052873,-24.174428035
2652.0,8.557190818,-24.75819137
2653.0,8.510257599,-24.61866211
2654.0,8.494396949,-24.07547508
2655.0,8.501227132,-24.487278985
2656.0,8.5382612485,-24.653755255
2657.0,8.495907991,-24.16040756
2658.0,8.524524477,-23.60282045
2659.0,8.713455613,-28.692048545
2660.0,8.794941088000002,-31.0203795
2661.0,8.682091741,-30.145018094999998
2662.0,8.702690461,-30.267043479999998
2663.0,8.782130907500001,-30.87196007
2664.0,8.7315230635,-30.287022335
2665.0,8.7274347305,-30.19529542
2666.0,8.786344523,-30.76659763
2667.0,8.763185210500001,-30.224983175
2668.0,8.722056541,-30.03202364
2669.0,8.809632515,-30.704242569999998
2670.0,8.7973668125,-30.443069335
2671.0,8.7479797805,-30.062882665
2672.0,8.808036491500001,-30.68948999
2673.0,8.741929387999999,-29.505367905
2674.0,8.630407833,-26.38118859
2675.0,8.5632089,-26.00561203
2676.0,8.5565901735,-25.220138655
2677.0,8.478835118500001,-24.659334270000002
2678.0,8.4976512265,-24.91963697
2679.0,8.5141125025,-24.957740264999998
2680.0,8.435258226999998,-24.296277985
2681.0,8.422141069,-24.43937007
2682.0,8.4571746905,-24.814654015000002
2683.0,8.3886613325,-23.800931975
2684.0,8.369559169,-23.61447848
2685.0,8.408149086,-24.165952330000003
2686.0,8.405308725000001,-24.64803733
2687.0,8.393550292,-23.83583642
2688.0,8.4232983705,-24.762766815
2689.0,8.535502790999999,-25.867428595
2690.0,8.631311234,-25.06169402
2691.0,8.637953899,-25.80439971
2692.0,8.605845403,-25.637322195
2693.0,8.519477540499999,-24.901114985
2694.0,8.649795844,-26.297040405
2695.0,8.6229605115,-25.84989559
2696.0,8.639345798,-25.7764982
2697.0,8.6259448945,-26.161975035
2698.0,8.498729198500001,-26.462829365
2699.0,8.521260016500001,-26.071015975
2700.0,8.657694100499999,-26.77257898
2701.0,8.685205741499999,-27.888091095
2702.0,8.65105437,-27.37520016
2703.0,8.6708961895,-27.59269666
2704.0,8.634199479,-27.532823645
2705.0,8.67798391,-26.964125709999998
2706.0,8.769437598,-27.95200307
2707.0,8.780809501,-27.894762985
2708.0,8.785811305,-26.484217854999997
2709.0,8.932563405,-27.24315453
2710.0,8.893061096,-26.694325355
2711.0,8.788334855999999,-25.963171345
2712.0,8.8042411115,-26.640771195
2713.0,8.8168415105,-26.466895875
2714.0,8.766253094500001,-25.867742235
2715.0,8.815012704,-26.449644225
2716.0,8.857330922500001,-26.815759995
2717.0,8.868402802999999,-27.218613505
2718.0,8.990061118,-28.333166939999998
2719.0,9.0098296465,-28.56972729
2720.0,8.955974123,-27.847841205
2721.0,8.991363691,-28.62239861
2722.0,9.033737671499999,-27.919772485
2723.0,8.971653198,-27.876508845
2724.0,9.016442422,-28.646846175
2725.0,9.177959097999999,-31.77597492
2726.0,9.7997554795,-39.314374005000005
2727.0,8.9280276735,-25.945430895
2728.0,9.398000381,-38.355224199999995
2729.0,8.736073153,-20.965910775
2730.0,8.9066338,-5.0589421745
2731.0,9.163451045999999,-6.802324168
2732.0,8.9461050195,-13.288804575
2733.0,9.185473582,-6.7554181335
2734.0,7.60845466,18.573600404999997
2735.0,8.291107373,2.523905521
2736.0,8.4520271975,-0.2964806885
2737.0,8.8835571515,-11.1629050475
2738.0,9.4138083335,-23.1157594
2739.0,9.350326302,-22.41833036
2740.0,9.3668262395,-21.4245867
2741.0,9.404862922,-21.926478475
2742.0,9.4212609585,-22.445544455
2743.0,9.491246309000001,-22.507270905
2744.0,9.497186582,-22.81045403
2745.0,9.509000284999999,-22.487224245
2746.0,9.4837895185,-22.60346629
2747.0,9.483913511499999,-22.461235350000003
2748.0,9.498737284,-22.835792769999998
2749.0,9.4841452695,-22.74222576
2750.0,9.5102759235,-22.69048432
2751.0,9.533073506000001,-22.791371050000002
2752.0,9.510992562,-22.401616410000003
2753.0,9.492989727000001,-22.288314125
2754.0,9.5041930885,-22.312608275000002
2755.0,9.5049911865,-22.275054105
2756.0,9.494124547,-21.76657635
2757.0,11.349013785499999,-31.576306685
2758.0,11.340445015,-13.125855130000001
2759.0,10.70707474,-12.57714984
