"Time (s)","Sound pressure level (dB)"
0.000000000E0,-∞
6.762634700E-2,-∞
5.786024230E-1,-5.091837158E1
1.107953807E0,-5.125956285E1
1.631236538E0,-5.274823216E1
2.152376422E0,-3.952853372E1
2.672346576E0,-5.176227667E1
3.194945691E0,-5.079606459E1
3.716794844E0,-4.949913424E1
4.225247151E0,-4.311503689E1
4.743835497E0,-5.142880199E1
5.267105420E0,-5.126898166E1
5.788051573E0,-5.352433467E1
6.309194342E0,-4.946821052E1
6.824279149E0,-5.084252282E1
7.346571534E0,-4.621914730E1
7.874458649E0,-5.045195669E1
8.395482302E0,-5.098828877E1
8.920106917E0,-4.940721410E1
9.434549917E0,-4.329063861E1
9.962641455E0,-2.882181796E1
1.048157661E1,-4.187392419E1
1.100434853E1,-3.975168295E1
1.152537449E1,-4.218570626E1
1.204791761E1,-1.031415983E1
1.256898614E1,-4.032698107E1
1.308920638E1,-3.937740149E1
1.361132364E1,-4.240997721E1
1.412720811E1,-4.405855814E1
1.464570226E1,-3.545278592E1
1.516733903E1,-4.721064348E1
1.568905445E1,-4.730213166E1
1.621356364E1,-4.385944997E1
1.673368495E1,-4.379527296E1
1.725482314E1,-4.113439729E1
1.777714522E1,-4.529071826E1
1.829739026E1,-4.036307955E1
1.881906733E1,-4.021290902E1
1.933636441E1,-4.287760125E1
1.985285141E1,-3.963377555E1
2.036848202E1,-4.359006044E1
2.088890856E1,-4.561500454E1
2.140337356E1,-4.603891813E1
2.192091525E1,-4.200330920E1
2.243939833E1,-4.920826823E1
2.296030648E1,-4.726570473E1
2.347861952E1,-4.775804215E1
2.399726552E1,-3.573690989E1
2.451342191E1,-5.008153782E1
2.503140229E1,-3.835058620E1
2.555880871E1,-3.698676877E1
2.608087514E1,-3.899843391E1
2.660101321E1,-5.056552604E1
2.712162637E1,-4.810426285E1
2.764476098E1,-4.366774020E1
2.816479560E1,-4.641235622E1
2.868509652E1,-4.468257301E1
2.919917236E1,-4.747916939E1
2.972066367E1,-4.908301776E1
3.024231544E1,-4.617127725E1
3.076374821E1,-5.217495481E1
3.128400544E1,-4.798297756E1
3.180047244E1,-4.746911627E1
3.232349209E1,-5.225125597E1
3.284280144E1,-4.610496531E1
3.336226525E1,-4.862336331E1
3.388440659E1,-5.060792933E1
3.440349378E1,-4.908287913E1
3.492288824E1,-4.731805961E1
3.544029001E1,-5.095856326E1
3.595747267E1,-4.679883396E1
3.647671740E1,-4.579253100E1
3.699264886E1,-5.287314953E1
3.751357767E1,-4.804783478E1
3.803630890E1,-5.227872766E1
3.855615532E1,-4.716949918E1
3.907529924E1,-4.671423572E1
3.959660620E1,-4.647266134E1
4.011734805E1,-4.470012549E1
4.063281801E1,-5.041172311E1
4.114643236E1,-4.537248358E1
4.166883324E1,-4.778647988E1
4.218912659E1,-4.835955078E1
4.270825474E1,-4.986253101E1
4.323045659E1,-4.704961611E1
4.374550870E1,-4.994410722E1
4.426567785E1,-4.568273410E1
4.478767847E1,-4.810176357E1
4.530786097E1,-5.101959528E1
4.582162147E1,-5.030858397E1
4.634401916E1,-4.709828076E1
4.686144062E1,-4.941717050E1
4.738115031E1,-5.134538841E1
4.790592227E1,-4.748139226E1
4.842524743E1,-4.772855138E1
4.894638674E1,-4.859349034E1
4.946061631E1,-4.968945120E1
4.998195823E1,-4.927004526E1
5.049555335E1,-5.059934387E1
5.101130531E1,-5.062763756E1
5.152466027E1,-4.753165026E1
5.203983458E1,-4.550819730E1
5.256027012E1,-4.759716416E1
5.307602377E1,-4.626900927E1
5.359781846E1,-4.862800205E1
5.411936104E1,-4.461379874E1
5.464138165E1,-5.210526632E1
5.515914908E1,-4.805826067E1
5.568039012E1,-5.214078517E1
5.620121265E1,-4.511121278E1
5.671695623E1,-5.046818425E1
5.722902458E1,-4.974357924E1
5.775213365E1,-4.717041223E1
5.827941865E1,-5.205636860E1
5.879883484E1,-4.883051807E1
5.931083442E1,-5.047585454E1
5.982795400E1,-4.909932236E1
6.034811357E1,-4.944121921E1
6.086215280E1,-4.951476105E1
6.138301900E1,-4.938864153E1
6.190111738E1,-5.005922000E1
6.242223323E1,-4.904229313E1
6.294280699E1,-4.641385994E1
6.346243538E1,-4.676434598E1
6.398479992E1,-4.270394196E1
6.450262434E1,-4.947029671E1
6.502420553E1,-5.014670231E1
6.554190134E1,-5.227805956E1
6.606311318E1,-4.727480673E1
6.658657845E1,-5.031810508E1
6.710733407E1,-4.989769535E1
6.762662484E1,-4.873548477E1
6.814054480E1,-5.195199604E1
6.866138730E1,-4.909106555E1
6.918045095E1,-4.969343809E1
6.969911314E1,-4.786279151E1
7.021665968E1,-4.045810288E1
7.073271756E1,-4.763719417E1
7.125242541E1,-4.703967136E1
7.177109764E1,-4.996039925E1
7.229175714E1,-3.987666352E1
7.280568249E1,-4.554761407E1
7.332776679E1,-2.794982214E1
7.385116756E1,-1.897344254E1
7.436486518E1,-4.935024478E1
7.488636641E1,-5.066775850E1
7.540944668E1,-4.710128610E1
7.592471487E1,-4.992798118E1
7.644477037E1,-4.744126487E1
7.696736756E1,-4.575981986E1
7.748780748E1,-3.692555528E1
7.801068521E1,-4.325065920E1
7.852959214E1,-2.739762526E1
7.904991144E1,-4.063472350E1
7.957007129E1,-4.268040838E1
8.008346129E1,-3.697760695E1
8.060493133E1,-4.257475951E1
8.112365140E1,-4.043218231E1
8.164157129E1,-4.499016423E1
8.215595190E1,-4.357467193E1
8.267415006E1,-4.631685681E1
8.319547586E1,-4.143877429E1
8.371023290E1,-4.848569414E1
8.422684025E1,-4.094565158E1
8.474975436E1,-4.497516914E1
8.527318090E1,-4.375114887E1
8.579299379E1,-4.673579891E1
8.631308636E1,-3.983393973E1
8.682874886E1,-4.993125843E1
8.734208078E1,-4.673643463E1
8.786474544E1,-4.423532966E1
8.838480998E1,-4.613223900E1
8.890719901E1,-4.013036263E1
8.942714571E1,-4.360022379E1
8.994572351E1,-4.448920641E1
9.046064836E1,-4.539003331E1
9.098184136E1,-4.755190921E1
9.150209978E1,-4.412634000E1
9.202384590E1,-4.095655402E1
9.254481366E1,-4.064101460E1
9.306379113E1,-4.717045396E1
9.358348720E1,-3.882362761E1
9.410438940E1,-4.573130647E1
9.462588743E1,-4.866218839E1
9.513907224E1,-4.592102102E1
9.566019205E1,-4.333710067E1
9.617501193E1,-4.440044647E1
9.668941859E1,-4.566690441E1
9.720402097E1,-4.726793918E1
9.772598212E1,-4.538080887E1
9.824709324E1,-4.710191564E1
9.876877843E1,-4.694540065E1
9.929030497E1,-4.744163729E1
9.980916724E1,-4.746425258E1
1.003301506E2,-4.515050213E1
1.008514525E2,-4.843901521E1
1.013663926E2,-4.607864741E1
1.018878405E2,-4.666404869E1
1.024044047E2,-4.796972602E1
1.029264121E2,-4.612457159E1
1.034449836E2,-4.948048672E1
1.039661223E2,-3.748655349E1
1.044864695E2,-3.666193637E1
1.050017738E2,-4.726649067E1
1.055250865E2,-4.778874515E1
1.060461831E2,-4.825914355E1
1.065641786E2,-4.335639312E1
1.070823636E2,-4.327222782E1
1.076034620E2,-4.545169662E1
1.081254972E2,-4.343361244E1
1.086464627E2,-4.730636474E1
1.091678560E2,-4.417554045E1
1.096896778E2,-4.488841435E1
1.102088254E2,-4.436755779E1
1.107303295E2,-4.191243470E1
1.112520122E2,-4.703033831E1
1.117751226E2,-4.457755685E1
1.122898689E2,-4.615833284E1
1.128116756E2,-4.621069721E1
1.133317578E2,-4.226289909E1
1.138524472E2,-4.002370487E1
1.143727692E2,-4.607567330E1
1.148955522E2,-4.503706561E1
1.154102011E2,-4.353208043E1
1.159301929E2,-4.451283123E1
1.164466603E2,-4.465364135E1
1.169648168E2,-4.330351853E1
1.174860899E2,-4.649196190E1
1.180074262E2,-4.661125179E1
1.185251079E2,-4.783340219E1
1.190470251E2,-5.029274023E1
1.195656491E2,-3.786529264E1
1.200856747E2,-4.871637000E1
1.206055892E2,-5.097823365E1
1.211277603E2,-2.635749724E1
1.216543096E2,-2.107432120E1
1.221763042E2,-1.914379877E1
1.226934705E2,-2.872727551E1
1.232130106E2,-4.321097846E1
1.237328385E2,-2.876106392E1
1.242541783E2,-3.063365928E1
1.247733404E2,-4.261211685E1
1.252943068E2,-2.708203490E1
1.258081425E2,-4.468644755E1
1.263237083E2,-4.191648265E1
1.268394656E2,-4.499104188E1
1.273609122E2,-4.428624034E1
1.278794358E2,-4.651576242E1
1.284013313E2,-3.863713108E1
1.289212040E2,-4.388424451E1
1.294397468E2,-4.388997254E1
1.299527855E2,-4.427983819E1
1.304728626E2,-4.593419927E1
1.309966807E2,-4.547795771E1
1.315134471E2,-4.459879925E1
1.320332347E2,-4.378140594E1
1.325561253E2,-3.756989831E1
1.330786435E2,-1.989212174E1
1.336016044E2,-2.180586469E1
1.341191514E2,-2.026688717E1
1.346405086E2,-2.659088425E1
1.351634386E2,-2.990038160E1
1.356826504E2,-3.363359027E1
1.362054787E2,-4.500227568E1
1.367246509E2,-4.861474940E1
1.372386957E2,-4.537801655E1
1.377594308E2,-4.699770760E1
1.382833175E2,-4.653631656E1
1.388037462E2,-4.658656362E1
1.393198811E2,-4.880374872E1
1.398431656E2,-4.672764906E1
1.403657447E2,-4.375835878E1
1.408944762E2,-4.483485129E1
1.414431363E2,-4.598645944E1
1.419736139E2,-4.600794015E1
1.425191801E2,-4.639581452E1
1.430800590E2,-4.779226200E1
1.436092496E2,-4.799119718E1
1.441495927E2,-4.526502557E1
1.447018491E2,-4.941083436E1
1.452506630E2,-4.102788120E1
1.458031579E2,-4.792043819E1
1.463523210E2,-4.917446252E1
1.468961914E2,-4.707341963E1
1.474318127E2,-3.978047503E1
1.479839287E2,-4.586832104E1
1.485445671E2,-4.565746980E1
1.490841741E2,-4.939440204E1
1.496560816E2,-4.621442062E1
1.501977256E2,-2.725161831E1
1.507332174E2,-5.354457729E1
1.512835867E2,-5.413222695E1
1.518197235E2,-4.030190752E1
1.523626490E2,-3.378453814E1
1.528932843E2,-2.208714144E1
1.534385834E2,-4.679241008E1
1.539686897E2,-4.471472749E1
1.545102050E2,-4.384413447E1
1.550573786E2,-4.648716357E1
1.556099735E2,-4.647693586E1
1.561517601E2,-4.715675590E1
1.566970001E2,-4.669723552E1
1.572461707E2,-4.822633805E1
1.577979200E2,-4.706007070E1
1.583412085E2,-4.707124276E1
1.588768428E2,-4.941480537E1
1.594134611E2,-4.727064060E1
1.599498544E2,-4.673382573E1
1.604912721E2,-4.754564964E1
1.610574207E2,-4.613609496E1
1.616058731E2,-3.379661893E1
1.621521967E2,-4.820067619E1
1.627084089E2,-4.813741879E1
1.632434493E2,-5.026707998E1
1.637936708E2,-4.717907671E1
1.643479030E2,-4.888588425E1
1.648950483E2,-4.722136424E1
1.654436232E2,-4.628102157E1
1.659988488E2,-4.918703049E1
1.665354816E2,-5.149837844E1
1.670801656E2,-5.131233002E1
1.676272272E2,-4.896421871E1
1.681878189E2,-4.998529583E1
1.687352793E2,-4.825378103E1
1.692894106E2,-4.936808915E1
1.698446887E2,-4.610023351E1
1.703744145E2,-5.228753874E1
1.709184940E2,-4.826181042E1
1.714614373E2,-4.936957621E1
1.719927600E2,-4.825455005E1
1.725373652E2,-5.007507625E1
1.730998436E2,-5.225633440E1
1.736536644E2,-5.018188595E1
1.741991972E2,-4.638458543E1
1.747401367E2,-2.176942676E1
1.752914753E2,-4.572182489E1
1.758383964E2,-4.630271822E1
1.763927084E2,-4.915675084E1
1.769394735E2,-4.924883530E1
1.774896190E2,-5.050287265E1
1.780331584E2,-4.936861971E1
1.785854738E2,-4.868439681E1
1.791436808E2,-4.995919502E1
1.796710559E2,-4.855194750E1
1.802231299E2,-4.721625027E1
1.807804776E2,-5.008039584E1
1.813292063E2,-4.922084511E1
1.818668007E2,-4.947769415E1
1.824185661E2,-4.990942826E1
1.829574821E2,-5.236420189E1
1.834990615E2,-4.748607728E1
1.840582064E2,-5.178044936E1
1.846115343E2,-5.132272466E1
1.851378726E2,-4.954167274E1
1.856779553E2,-4.846412317E1
1.862237045E2,-4.765657224E1
1.867585727E2,-4.950547037E1
1.873031611E2,-4.863605691E1
1.878391669E2,-4.676256771E1
1.884051748E2,-5.205255361E1
1.889447428E2,-5.066775084E1
1.894990763E2,-4.682841355E1
1.900623182E2,-4.543938614E1
1.906141877E2,-4.239313361E1
1.911544285E2,-4.832237148E1
1.917052465E2,-4.582664439E1
1.922509764E2,-4.392693966E1
1.928055699E2,-4.188109925E1
1.933595240E2,-4.493163215E1
1.939104981E2,-3.982937262E1
1.944538619E2,-4.511421727E1
1.949917401E2,-5.036633029E1
1.955174909E2,-4.211121624E1
1.960629174E2,-4.265506561E1
1.965967113E2,-4.664521559E1
1.971431282E2,-4.717335391E1
1.976864641E2,-4.633391018E1
1.982379377E2,-4.631258657E1
1.987880637E2,-4.219066671E1
1.993332577E2,-4.889456590E1
1.998767552E2,-4.794233355E1
2.004248259E2,-4.204152197E1
2.009537967E2,-4.809321748E1
2.014840933E2,-4.589110909E1
2.020347221E2,-4.617717869E1
2.025931100E2,-4.462794533E1
2.031531705E2,-4.080243681E1
2.036958794E2,-4.615782595E1
2.042422539E2,-4.504761468E1
2.047836254E2,-4.877522479E1
2.053451165E2,-4.523419937E1
2.058916311E2,-4.736737104E1
2.064225054E2,-4.476372360E1
2.069697654E2,-4.413699798E1
2.075017868E2,-3.797600304E1
2.080508706E2,-4.415898112E1
2.085849415E2,-3.696789071E1
2.091310051E2,-4.759099256E1
2.096822024E2,-4.840670582E1
2.102303422E2,-4.414039443E1
2.107641748E2,-4.971376337E1
2.113208937E2,-4.938281336E1
2.118576956E2,-5.087838380E1
2.124129419E2,-4.962654065E1
2.129674515E2,-4.891072910E1
2.135155267E2,-5.112574902E1
2.140721989E2,-4.776238622E1
2.146199132E2,-4.704901299E1
2.151654923E2,-4.929802318E1
2.157125039E2,-4.857076715E1
2.162685520E2,-5.063496858E1
2.168139635E2,-4.942283900E1
2.173452299E2,-4.609810039E1
2.178928610E2,-4.785811247E1
2.184318012E2,-4.983419410E1
2.189884152E2,-4.958298882E1
2.195470378E2,-4.384156071E1
2.200901899E2,-4.636882124E1
2.206264939E2,-4.889072644E1
2.211716986E2,-4.811669400E1
2.217125068E2,-4.657707437E1
2.222649367E2,-4.856115497E1
2.228074788E2,-4.904388594E1
2.233619223E2,-5.236166948E1
2.239036075E2,-4.872861058E1
2.244532316E2,-4.913178310E1
2.249916426E2,-4.973574341E1
2.255337680E2,-5.036379900E1
2.260762576E2,-4.778581241E1
2.266176233E2,-4.686526880E1
2.271614015E2,-2.639756098E1
2.276944795E2,-4.762762773E1
2.282311214E2,-3.977074935E1
2.287772765E2,-4.507798253E1
2.293313027E2,-4.538788894E1
2.298718945E2,-4.333214140E1
2.304249373E2,-4.355932353E1
2.309730210E2,-4.176521394E1
2.315245936E2,-3.841361808E1
2.320724316E2,-3.304442037E1
2.326175263E2,-3.693793348E1
2.331714053E2,-2.867005470E1
2.337198711E2,-1.907130204E1
2.342713139E2,-2.199450972E1
2.348095179E2,-3.133745768E1
2.353838644E2,-4.732885958E1
2.359239406E2,-4.400293635E1
2.364742468E2,-1.133939409E1
2.370401759E2,-5.404384272E1
2.375851015E2,-4.631016903E1
2.381255865E2,-4.871739530E1
2.386577096E2,-3.299796041E1
2.392015888E2,-3.311446577E1
2.397397171E2,-4.263724987E1
2.402874997E2,-4.965129516E1
2.408336404E2,-4.696895860E1
2.413954659E2,-4.711242449E1
2.419429089E2,-4.780768690E1
2.424675496E2,-4.196169169E1
2.430137833E2,-4.535700532E1
2.435618868E2,-4.392837950E1
2.440855659E2,-4.341457183E1
2.446287887E2,-2.869989213E1
2.451765176E2,-4.168496776E1
2.457287765E2,-3.769367348E1
2.462754857E2,-4.391486911E1
2.468102682E2,-3.818957928E1
2.473677171E2,-3.978759874E1
2.479206499E2,-3.349107127E1
2.484682159E2,-3.760336138E1
2.490003835E2,-4.910849999E1
2.495469136E2,-4.896354045E1
2.500887274E2,-4.514518377E1
2.506234619E2,-3.238171581E1
2.511752702E2,-2.412448274E1
2.517178037E2,-4.159357204E1
2.522591544E2,-3.285082512E1
2.528110223E2,-1.710580077E1
2.533595751E2,-2.237341767E1
2.539113510E2,-4.508518459E1
2.544622430E2,-4.429449694E1
2.550034979E2,-3.748457965E1
2.555451821E2,-4.421863088E1
2.560947514E2,-3.949704371E1
2.566474739E2,-3.879208656E1
2.572119648E2,-4.356359029E1
2.577516549E2,-3.802709321E1
2.582786659E2,-3.042959905E1
2.588332962E2,-4.678500283E1
2.593673998E2,-3.738484182E1
2.599183901E2,-4.899254664E1
2.604457219E2,-3.856268145E1
2.610045437E2,-4.011278945E1
2.615562867E2,-3.367923262E1
2.621067202E2,-5.211529605E1
2.626649083E2,-4.372549411E1
2.631907094E2,-3.628541064E1
2.637350805E2,-4.264430837E1
2.642739972E2,-4.650382400E1
2.648227185E2,-4.187336541E1
2.653584423E2,-4.061347412E1
2.659078530E2,-4.139243446E1
2.664487912E2,-4.243630542E1
2.669872295E2,-4.365216450E1
2.675289501E2,-4.348687450E1
2.680744028E2,-4.308508863E1
2.686279596E2,-4.363006390E1
2.691784729E2,-4.501333184E1
2.697226650E2,-4.328964049E1
2.702716849E2,-4.383800205E1
2.708006010E2,-4.120845486E1
2.713451938E2,-4.696565407E1
2.718910993E2,-4.776757860E1
2.724380007E2,-4.810430293E1
2.729930442E2,-4.752229888E1
2.735474059E2,-4.865002861E1
2.740773875E2,-5.147662031E1
2.746143120E2,-4.606895899E1
2.751338260E2,-4.545496824E1
2.756618512E2,-4.580585051E1
2.761909595E2,-5.046771875E1
2.767129926E2,-4.907064556E1
2.772374013E2,-4.829483012E1
2.777568334E2,-4.921833194E1
2.782682120E2,-1.673178853E1
2.787786865E2,-1.699055987E1
2.793156291E2,-5.216624466E1
2.798474908E2,-5.053449270E1
2.803884352E2,-4.796880965E1
2.809283685E2,-4.932222881E1
2.814778760E2,-3.876996011E1
2.820262882E2,-4.841251520E1
2.825545333E2,-4.699570461E1
2.830987640E2,-4.941080346E1
2.836254248E2,-3.348043104E1
2.841850754E2,-4.613413368E1
2.847337812E2,-4.725658754E1
2.852930377E2,-4.860675827E1
2.858424004E2,-3.812259403E1
2.863926276E2,-1.598945142E1
2.869454395E2,-3.229538788E1
2.874761478E2,-3.137513413E1
2.880222443E2,-5.228133240E1
2.885612663E2,-4.851234613E1
2.890997976E2,-4.177766159E1
2.896381204E2,-4.597266891E1
2.901477028E2,-4.048190070E1
2.906702351E2,-4.545847265E1
2.911854536E2,-4.437254071E1
2.916997562E2,-3.320141765E1
2.922156736E2,-3.269469380E1
2.927333042E2,-4.352022356E1
2.932496124E2,-4.478490001E1
2.937688833E2,-4.078991084E1
2.942914922E2,-4.618073351E1
2.948137764E2,-4.513201414E1
2.953306669E2,-4.391060751E1
2.958498139E2,-4.448592115E1
2.963619877E2,-4.185626527E1
2.968873859E2,-3.646901526E1
2.974255944E2,-6.959374351E0
2.979543609E2,-2.984746865E1
2.984971172E2,-2.443744306E1
2.990277621E2,-4.882410379E1
2.995802332E2,-4.744680860E1
3.001068966E2,-3.860721505E1
3.006549030E2,-4.286898219E1
3.011789276E2,-4.160186508E1
3.017287275E2,-2.832363770E1
3.022796966E2,-3.683941580E1
3.028351268E2,-3.570862184E1
3.033624112E2,-3.700184523E1
3.039169211E2,-2.976966184E1
3.044394812E2,-3.605290486E1
3.049812770E2,-3.595758872E1
3.055364879E2,-3.760749829E1
3.060657718E2,-3.695703572E1
3.066084292E2,-3.937218456E1
3.071558065E2,-3.478970057E1
3.077038215E2,-4.496030613E1
3.082495550E2,-3.332730311E1
3.087876690E2,-4.786831863E1
3.093096054E2,-3.902986646E1
3.098442662E2,-4.470831750E1
3.103993224E2,-3.931132599E1
3.109446087E2,-3.699219349E1
3.114865532E2,-3.403872895E1
3.120365025E2,-4.482314531E1
3.125858539E2,-4.101112051E1
3.131360342E2,-4.178769707E1
3.136808654E2,-4.229318173E1
3.142296495E2,-4.213168256E1
3.147545804E2,-5.012565719E1
3.153131637E2,-4.761467060E1
3.158644864E2,-3.961169850E1
3.164099179E2,-4.219697911E1
3.169451902E2,-3.968506296E1
3.174761785E2,-4.206480672E1
3.180410051E2,-3.397435429E1
3.186071422E2,-3.673880887E1
3.191476301E2,-4.422062396E1
3.196815767E2,-4.668729248E1
3.202236919E2,-4.780267693E1
3.207718030E2,-4.985498810E1
3.213234092E2,-4.828686184E1
3.218519192E2,-5.113372611E1
3.223761438E2,-1.606089091E1
3.229179925E2,-1.259008861E1
3.234445869E2,-4.537276794E1
3.239987097E2,-4.810346379E1
3.245558661E2,-5.094724043E1
3.250764032E2,-4.881662970E1
3.256267711E2,-4.135725588E1
3.261677497E2,-4.486700461E1
3.266991964E2,-3.471323936E1
3.272438108E2,-1.694153600E1
3.278095583E2,-2.683828594E1
3.283306805E2,-1.604504403E1
3.288797767E2,-3.574159480E1
3.294158907E2,-2.585192935E1
3.299629755E2,-3.618476294E1
3.304986997E2,-4.813624097E1
3.310507552E2,-4.518712253E1
3.316055650E2,-3.862073998E1
3.321497068E2,-4.402797081E1
3.326679100E2,-4.467714387E1
3.331902045E2,-4.671951630E1
3.337092087E2,-4.822470484E1
3.342568820E2,-4.775044756E1
3.347930630E2,-3.292309754E1
3.353404636E2,-5.033924545E1
3.358707145E2,-5.078982829E1
3.364167181E2,-4.804613567E1
3.369466561E2,-5.038432273E1
3.374613958E2,-5.117696091E1
3.379789116E2,-4.595346610E1
3.384952183E2,-4.972398559E1
3.390141278E2,-5.126553086E1
3.395364681E2,-4.636052907E1
3.400760845E2,-1.253337031E1
3.406173779E2,-1.021853787E1
3.411598401E2,-6.172374703E1
3.417069003E2,-5.381532878E1
3.422578616E2,-5.055484836E1
3.427977623E2,-4.523127892E1
3.433490900E2,-4.691328343E1
3.438981620E2,-4.490801058E1
3.444463077E2,-5.249263344E1
3.449850096E2,-4.406161918E1
3.455395496E2,-4.589680919E1
3.460831243E2,-5.053307106E1
3.466339613E2,-4.690581327E1
3.471543532E2,-5.110795945E1
3.477070044E2,-4.660307004E1
3.482550961E2,-4.710596033E1
3.488040336E2,-5.277150344E1
3.493350883E2,-5.050321042E1
3.498657737E2,-4.813793235E1
3.504168240E2,-4.990509340E1
3.509696745E2,-4.187121161E1
3.515432407E2,-4.681715008E1
3.520933962E2,-4.075026564E1
3.526442758E2,-4.492349479E1
3.532093691E2,-3.770464340E1
3.537691914E2,-4.423554650E1
3.543276711E2,-4.281460382E1
3.548767159E2,-4.299755174E1
3.554219525E2,-4.310076043E1
3.559737876E2,-4.048124925E1
3.565469219E2,-4.350921731E1
3.570931398E2,-4.261404889E1
3.576234832E2,-4.261772347E1
3.581664861E2,-3.836905146E1
3.587079258E2,-4.097079869E1
3.592689923E2,-3.566931618E1
3.598185350E2,-3.143168769E1
3.603368504E2,-3.824595152E1
3.608873568E2,-4.401500525E1
3.614374543E2,-4.358306787E1
3.619742530E2,-4.705107832E1
3.625194803E2,-4.399659437E1
3.630706468E2,-4.347913482E1
3.636163843E2,-2.606530796E1
3.641708372E2,-1.587399204E1
3.647217634E2,-4.766966021E1
3.652663860E2,-4.499288950E1
3.658170244E2,-2.841704581E1
3.663745700E2,-3.051549097E1
3.669228563E2,-2.735135960E1
3.674823385E2,-2.910989321E1
3.680444861E2,-3.281917298E1
3.685757710E2,-3.825882218E1
3.691268251E2,-3.954194328E1
3.696571827E2,-3.874079285E1
3.702004578E2,-3.459693687E1
3.707474762E2,-4.117369595E1
3.712916398E2,-4.064862347E1
3.718339996E2,-3.660785069E1
3.723893265E2,-3.952859301E1
3.729308215E2,-3.231038146E1
3.734801938E2,-3.518667279E1
3.740058907E2,-3.416708224E1
3.745563743E2,-3.683639687E1
3.751174078E2,-3.982547570E1
3.756705902E2,-3.784627648E1
3.762045491E2,-3.362078117E1
3.767509450E2,-3.671080524E1
3.772919115E2,-4.261990305E1
3.778511203E2,-4.157804560E1
3.783967357E2,-4.547032345E1
3.789479024E2,-4.773185535E1
3.794898613E2,-4.221484953E1
3.800471940E2,-4.026387706E1
3.805716583E2,-4.093812725E1
3.811179940E2,-4.123661417E1
3.816451052E2,-4.016403882E1
3.821878447E2,-4.164254265E1
3.827137976E2,-4.071738888E1
3.832564884E2,-3.888306643E1
3.837993343E2,-3.940710068E1
3.843672116E2,-4.688152955E1
3.848938770E2,-4.086926678E1
3.854609023E2,-3.944393716E1
3.860063818E2,-2.646026245E1
3.865442817E2,-3.061463498E1
3.870836505E2,-3.572488405E1
3.876328686E2,-2.920419617E1
3.881771442E2,-3.662036920E1
3.887287862E2,-3.453955526E1
3.892848551E2,-2.737666851E1
3.898297305E2,-3.979402896E1
3.903796663E2,-3.640016224E1
3.909048808E2,-3.616263683E1
3.914431977E2,-3.115009783E1
3.919982289E2,-4.154321552E1
3.925545596E2,-4.030088156E1
3.931033803E2,-4.031026673E1
3.936438228E2,-4.432988838E1
3.941880027E2,-3.567432596E1
3.947432707E2,-4.283884874E1
3.952913700E2,-4.002542361E1
3.958475238E2,-4.408922342E1
3.963843355E2,-4.290216796E1
3.969247094E2,-3.535997191E1
3.974713064E2,-4.178841146E1
3.980185203E2,-3.928563064E1
3.985797073E2,-3.958838529E1
3.991284871E2,-3.674493973E1
3.996775977E2,-3.131360573E1
4.002209739E2,-4.069604239E1
4.007599780E2,-4.164276491E1
4.013093012E2,-3.887876894E1
4.018575341E2,-3.892651167E1
4.024033738E2,-4.285525120E1
4.029434644E2,-3.442345541E1
4.034844824E2,-4.081024599E1
4.040400169E2,-4.320134365E1
4.046088048E2,-4.029117174E1
4.051658739E2,-4.343677193E1
4.057230367E2,-4.250588560E1
4.062578511E2,-3.849621833E1
4.068033230E2,-4.031449646E1
4.073480749E2,-4.220912872E1
4.079080757E2,-3.011544884E1
4.084684513E2,-3.365910811E1
4.090359293E2,-4.774713413E1
4.095892498E2,-4.683576353E1
4.101206326E2,-4.723735670E1
4.106509956E2,-4.508002380E1
4.111895281E2,-3.259430795E1
4.117142254E2,-4.923113584E1
4.122686631E2,-4.776484343E1
4.128094554E2,-4.088572972E1
4.133652004E2,-3.387464611E1
4.139112333E2,-3.792636660E1
4.144756178E2,-3.492010646E1
4.150272330E2,-4.780736352E1
4.155858943E2,-4.059951364E1
4.161388250E2,-4.410188587E1
4.166823924E2,-4.150929291E1
4.172288214E2,-4.525974375E1
4.177795375E2,-4.051505244E1
4.183035699E2,-4.561712338E1
4.188433993E2,-4.939164242E1
4.193872718E2,-4.552283852E1
4.199284090E2,-4.536187964E1
4.204652023E2,-4.384406341E1
4.209985217E2,-4.343359650E1
4.215497831E2,-4.104515726E1
4.220757581E2,-3.956748782E1
4.226188463E2,-3.983899332E1
4.231645602E2,-4.065634823E1
4.237289002E2,-4.315322392E1
4.242790379E2,-4.604635335E1
4.248241595E2,-4.420957751E1
4.253743537E2,-4.496826236E1
4.259214894E2,-4.370809104E1
4.264708866E2,-4.684310364E1
4.270282510E2,-4.697297186E1
4.275735244E2,-4.438409089E1
4.281146498E2,-4.703282360E1
4.286638056E2,-4.470618877E1
4.292118537E2,-4.459090340E1
4.297666452E2,-4.261244293E1
4.303164865E2,-4.378778411E1
4.308692839E2,-4.429081853E1
4.314259164E2,-4.711914552E1
4.319641513E2,-4.394694992E1
4.325195636E2,-4.670309691E1
4.330504781E2,-4.570927999E1
4.335982009E2,-4.756445585E1
4.341370181E2,-4.402779063E1
4.346827575E2,-4.247588680E1
4.352282835E2,-4.345871912E1
4.357766138E2,-4.940310651E1
4.363209777E2,-4.808196889E1
4.368759731E2,-4.760880466E1
4.374201435E2,-4.909805344E1
4.379560595E2,-4.655669723E1
4.384869380E2,-4.599538197E1
4.390338054E2,-4.179888701E1
4.395653715E2,-3.545882114E1
4.401103168E2,-4.435804274E1
4.406433010E2,-3.667406705E1
4.411868293E2,-4.330762521E1
4.417316189E2,-4.486680201E1
4.422742831E2,-4.327629293E1
4.428353918E2,-4.296713154E1
4.433950303E2,-2.822867575E1
4.439142853E2,-3.066772300E1
4.444535722E2,-4.285301370E1
4.449731395E2,-3.106059049E1
4.455232951E2,-4.379651525E1
4.460684633E2,-4.508730913E1
4.466112414E2,-4.539026425E1
4.471652438E2,-3.433135046E1
4.477175207E2,-4.041981589E1
4.482827073E2,-4.219617620E1
4.488475147E2,-4.591038113E1
4.493911255E2,-4.720788334E1
4.499423432E2,-4.581730215E1
4.504841463E2,-4.254637475E1
4.510364868E2,-4.727678047E1
4.515791645E2,-4.660139295E1
4.521289716E2,-4.607108016E1
4.526834895E2,-4.361982768E1
4.532251414E2,-4.366516790E1
4.537888586E2,-4.208271972E1
4.543430318E2,-4.162826217E1
4.548712932E2,-3.742058190E1
4.554149041E2,-3.255611229E1
4.559511952E2,-4.059476148E1
4.564967546E2,-3.253367612E1
4.570416522E2,-3.845853992E1
4.575920405E2,-4.475696529E1
4.581371145E2,-4.029200443E1
4.586822792E2,-4.625123577E1
4.592194832E2,-3.500599766E1
4.597674029E2,-4.541546662E1
4.603033989E2,-3.625609650E1
4.608378049E2,-3.372867952E1
4.613866554E2,-4.693695886E1
4.619321803E2,-4.628035917E1
4.624752393E2,-4.395925067E1
4.630376782E2,-4.658927792E1
4.635789230E2,-4.524543281E1
4.641307243E2,-4.440126927E1
4.646713849E2,-4.593273537E1
4.651994786E2,-4.299676192E1
4.657433866E2,-4.343287655E1
4.662849992E2,-4.369671924E1
4.668256146E2,-4.292870846E1
4.673718215E2,-3.127223856E1
4.679226156E2,-4.230449893E1
4.684725618E2,-4.659527438E1
4.690186197E2,-4.407969843E1
4.695736951E2,-4.382177618E1
4.701212755E2,-4.606367925E1
4.706424479E2,-4.412433217E1
4.711912243E2,-3.916274138E1
4.717382999E2,-4.334391730E1
4.722882735E2,-4.483856181E1
4.728292237E2,-4.321786425E1
4.733783525E2,-4.297573460E1
4.739255116E2,-4.436637964E1
4.744737098E2,-4.731150432E1
4.750269013E2,-4.484239082E1
4.755766228E2,-4.694882461E1
4.761020780E2,-5.113886064E1
4.766269950E2,-4.822484090E1
4.771801102E2,-4.963775351E1
4.777324939E2,-5.069650411E1
4.782866758E2,-4.823567152E1
4.788163448E2,-3.618234941E1
4.793696648E2,-4.172528928E1
4.799230369E2,-4.915842354E1
4.804651963E2,-4.791426166E1
4.810113432E2,-4.876353607E1
4.815508477E2,-5.085535809E1
4.821040465E2,-4.341440118E1
4.826529644E2,-3.927651410E1
4.832030632E2,-4.584084258E1
4.837522686E2,-4.379044203E1
4.842960354E2,-4.699719520E1
4.848436780E2,-4.644659514E1
4.853946389E2,-4.633227505E1
4.859452535E2,-4.874178895E1
4.864994036E2,-4.514492716E1
4.870465480E2,-3.953128578E1
4.875911698E2,-4.753594405E1
4.881471538E2,-4.673254729E1
4.886883875E2,-4.279039734E1
4.892245324E2,-4.527192179E1
4.897688135E2,-3.170925004E1
4.903105301E2,-4.152969010E1
4.908639829E2,-4.055924868E1
4.914018410E2,-2.076270668E1
4.919224227E2,-3.989540339E1
4.924392554E2,-4.816130960E1
4.929841269E2,-3.368254717E1
4.935370222E2,-1.666253287E1
4.940910554E2,-2.292753369E1
4.946577415E2,-3.233715803E1
4.951976313E2,-4.606969545E1
4.957404760E2,-4.861349515E1
4.962746687E2,-4.512261127E1
4.967910995E2,-4.778353228E1
4.973315695E2,-4.747703269E1
4.978645517E2,-4.800084071E1
4.984083695E2,-3.997645152E1
4.989518619E2,-4.547137828E0
4.995023548E2,-6.054780016E1
5.000555266E2,-5.047668182E1
5.006069416E2,-5.086650653E1
5.011553239E2,-5.243926006E1
5.016997756E2,-4.681679953E1
5.022354544E2,-4.594841103E1
5.027701053E2,-4.612033279E1
5.033030145E2,-4.497662623E1
5.038390273E2,-4.414409131E1
5.043970621E2,-4.626442085E1
5.049474755E2,-4.408491848E1
5.054912014E2,-4.753295058E1
5.060245774E2,-4.714971610E1
5.065574692E2,-4.606874025E1
5.071154798E2,-4.847201307E1
5.076649651E2,-4.586268151E1
5.082247899E2,-4.680470828E1
5.087544981E2,-4.344878959E1
5.093027178E2,-4.309320968E1
5.098477784E2,-4.748578955E1
5.103910761E2,-4.872863447E1
5.109478213E2,-4.765327948E1
5.115023998E2,-4.850477347E1
5.120530150E2,-4.556465845E1
5.126004535E2,-4.867741254E1
5.131381715E2,-4.453229779E1
5.136745662E2,-4.540250863E1
5.142291969E2,-4.767270675E1
5.147638642E2,-4.541928840E1
5.153174216E2,-4.421947952E1
5.158638841E2,-3.936790258E1
5.164075531E2,-3.986094683E1
5.169516163E2,-4.596901778E1
5.175050821E2,-4.914717719E1
5.180530366E2,-4.404777641E1
5.186121349E2,-4.849135862E1
5.191290774E2,-4.576056724E1
5.196747216E2,-4.845082284E1
5.202175452E2,-4.727881474E1
5.207655509E2,-4.361717778E1
5.213280886E2,-4.970630272E1
5.218637513E2,-4.580957757E1
5.223931984E2,-3.825533568E1
5.229478777E2,-4.530975960E1
5.234963790E2,-4.752712173E1
5.240367058E2,-4.406916097E1
5.245826222E2,-4.355202462E1
5.251289779E2,-4.605858817E1
5.256794965E2,-4.827774757E1
5.262317227E2,-4.479666758E1
5.267803179E2,-4.799461852E1
5.273068145E2,-5.107966135E1
5.278543453E2,-4.521943170E1
5.284030640E2,-5.010553920E1
5.289469369E2,-4.783568777E1
5.295014435E2,-4.995222701E1
5.300370973E2,-4.941766110E1
5.305873649E2,-4.965149004E1
5.311302765E2,-5.092799632E1
5.316831787E2,-4.757236524E1
5.322272273E2,-4.833257792E1
5.327665590E2,-4.896068028E1
5.333027513E2,-5.003524131E1
5.338279725E2,-4.915078696E1
5.343879374E2,-4.890575899E1
5.349226060E2,-4.580784683E1
5.354493063E2,-4.955707651E1
5.360120795E2,-4.632060992E1
5.365489963E2,-4.796099265E1
5.370797162E2,-4.703548966E1
5.376295990E2,-5.100483044E1
5.381645562E2,-5.115572049E1
5.387278067E2,-5.394661455E1
5.392665270E2,-4.882360927E1
5.398308255E2,-4.807655198E1
5.403655120E2,-4.961763437E1
5.408911062E2,-5.041789552E1
5.414350576E2,-5.022171043E1
5.419586018E2,-4.999665748E1
5.425045163E2,-5.025807591E1
5.430729636E2,-4.961830574E1
5.436058169E2,-5.093220965E1
5.441631940E2,-4.561014487E1
5.446906893E2,-4.449318743E1
5.452347087E2,-3.949536533E1
5.457857348E2,-3.935164980E1
5.463507751E2,-4.210295074E1
5.468996911E2,-4.595460987E1
5.474396190E2,-4.341392005E1
5.479977805E2,-4.396782066E1
5.485433938E2,-4.314112008E1
5.490855187E2,-4.080953987E1
5.496233092E2,-4.349307373E1
5.501528822E2,-4.297290679E1
5.506898560E2,-4.299811436E1
5.512219704E2,-4.324536992E1
5.517556873E2,-4.180372454E1
5.523190588E2,-4.338831936E1
5.528667493E2,-4.436386013E1
5.534175596E2,-4.207609258E1
5.539770412E2,-4.425555882E1
5.545153290E2,-4.232841812E1
5.550645057E2,-4.340546287E1
5.555997806E2,-4.546149067E1
5.561361574E2,-4.344964596E1
5.566915988E2,-4.193543517E1
5.572404133E2,-4.467233829E1
5.577762246E2,-4.168887381E1
5.583257700E2,-4.824551981E1
5.588737039E2,-4.477788740E1
5.594265654E2,-4.485520599E1
5.599868011E2,-4.706931414E1
5.605252557E2,-4.101361847E1
5.610742250E2,-4.554907981E1
5.616186106E2,-4.578864471E1
5.621502613E2,-4.026980232E1
5.626930176E2,-3.733252197E1
5.632517892E2,-3.641836747E1
5.637871226E2,-3.628934885E1
5.643336352E2,-3.722818059E1
5.648769164E2,-4.730456495E1
5.654315664E2,-4.150270613E1
5.659665272E2,-4.792145760E1
5.665148414E2,-4.428355146E1
5.670662774E2,-4.644768560E1
5.675919181E2,-4.755219061E1
5.681221592E2,-4.817414310E1
5.686675499E2,-4.931534232E1
5.692264867E2,-5.181355289E1
5.697624536E2,-4.923273562E1
5.703122104E2,-5.088820226E1
5.708687784E2,-5.138308943E1
5.714190763E2,-4.985866403E1
5.719536887E2,-4.934063244E1
5.724819505E2,-4.799971297E1
5.730153464E2,-4.966948088E1
5.735532232E2,-5.099032731E1
5.740992194E2,-4.594270845E1
5.746234182E2,-4.451724006E1
5.751656727E2,-4.906616517E1
5.757117981E2,-4.774813976E1
5.762624702E2,-4.420025478E1
5.768070214E2,-4.282057443E1
5.773484765E2,-4.400714073E1
5.778952070E2,-2.773031920E1
5.784468929E2,-3.693252111E1
5.789993157E2,-3.728340082E1
5.795515799E2,-3.558733536E1
5.800907496E2,-4.325108810E1
5.806304616E2,-3.754320736E1
5.811696701E2,-3.851818230E1
5.817154770E2,-2.052144276E1
5.822561192E2,-3.249771860E1
5.827963472E2,-4.261298798E1
5.833532097E2,-4.814147000E1
5.838819780E2,-2.254799065E1
5.844258376E2,-1.075445766E1
5.849689194E2,-3.195268366E1
5.855147434E2,-2.378960538E1
5.860566894E2,-1.843521413E1
5.865978105E2,-3.137642975E1
5.871510022E2,-3.512426794E1
5.876918877E2,-3.634349370E1
5.882284047E2,-4.634963127E1
5.887772902E2,-2.804214846E1
5.893194484E2,-2.450610115E1
5.898651520E2,-3.378267132E1
5.903761113E2,-3.583014933E1
5.909063245E2,-3.650247229E1
5.914312994E2,-3.540458293E1
5.919705452E2,-3.734379865E1
5.925115052E2,-3.859847778E1
5.930591645E2,-3.247305529E1
5.936007327E2,-1.501899637E1
5.941416929E2,-3.867205827E1
5.946672469E2,-3.759145572E1
5.952185852E2,-3.855815341E1
5.957615462E2,-4.196898119E1
5.963008706E2,-3.814692090E1
5.968546388E2,-3.911997862E1
5.973988635E2,-3.400426023E1
5.979527164E2,-2.310804393E1
5.984894894E2,-3.537231798E1
5.990299617E2,-3.272718650E1
5.995651441E2,-3.430906315E1
6.000933231E2,-3.220511378E1
6.006405987E2,-3.306180680E1
6.011858715E2,-3.405204803E1
6.017301921E2,-3.286598753E1
6.022826048E2,-3.061516240E1
6.028096381E2,-2.722355615E1
6.033311919E2,-2.002368140E1
6.038704054E2,-3.006319777E1
6.044158452E2,-3.631087534E1
6.049498383E2,-3.231973701E1
6.054781401E2,-2.997817771E1
6.060235551E2,-1.654311941E1
6.065646058E2,-1.896780537E1
6.071009869E2,-2.410868067E1
6.076457317E2,-2.805567076E1
6.082029489E2,-2.964506365E1
6.087356113E2,-3.417607778E1
6.092892572E2,-3.758948769E1
6.098264977E2,-2.760604858E1
6.103498345E2,-3.805874123E1
6.108874437E2,-5.140870960E1
6.114395282E2,-3.248714756E1
6.119862063E2,-1.989284490E1
6.125271590E2,-4.782410062E1
6.130690981E2,-3.487548381E1
6.135982419E2,-3.901209070E1
6.141347785E2,-3.948332178E1
6.146753634E2,-3.260428176E1
6.152274678E2,-2.752642828E1
6.157707681E2,-3.881924273E1
6.162999200E2,-5.818602263E1
6.168492905E2,-4.371992239E1
6.174145098E2,-4.760132913E1
6.179732083E2,-3.040255199E1
6.185347462E2,-3.023614285E1
6.190915189E2,-2.899028936E1
6.196299588E2,-3.394841498E1
6.201648226E2,-4.618521646E1
6.207061497E2,-6.459461829E1
6.212655966E2,-6.746961992E1
6.218027109E2,-5.993258270E1
6.223363660E2,-3.530748524E1
6.228847668E2,-6.232529523E1
6.234364468E2,-6.191193004E1
6.239838999E2,-6.324693972E1
6.245298736E2,-4.878906036E1
6.250830587E2,-1.462096887E1
6.256298451E2,-2.408542795E1
6.261719018E2,-3.844891086E1
6.266937417E2,-4.102688587E1
6.272419130E2,-2.243697438E1
6.277830254E2,-2.936603153E1
6.283311300E2,-3.238659507E1
6.288746146E2,-2.998332545E1
6.294243620E2,-2.637016352E1
6.299712975E2,-3.320509853E1
6.305226606E2,-1.284556246E1
6.310788596E2,-3.179415003E1
6.316217689E2,-3.046685446E1
6.321696055E2,-3.510288085E1
6.327076580E2,-4.009095615E1
6.332498912E2,-4.623408392E1
6.337968764E2,-6.493476961E1
6.343453692E2,-3.401708180E1
6.348924859E2,-5.400629502E1
6.354414962E2,-4.107839651E1
6.359839691E2,-4.835039396E1
6.365238240E2,-6.170481252E1
6.370655359E2,-4.730492601E1
6.376094734E2,-6.990272810E1
6.381396874E2,-6.797396110E1
6.386893316E2,-2.788958536E1
6.392397103E2,-2.668198950E1
6.397969137E2,-4.503682621E1
6.403370837E2,-5.422663507E1
6.408990712E2,-3.706482354E1
6.414377775E2,-5.218136816E1
6.419956191E2,-6.019690608E1
6.425878441E2,-6.859400127E1
6.431326634E2,-6.713716978E1
6.436606879E2,-6.165491117E1
6.441877302E2,-6.915141014E1
6.447346630E2,-5.430970743E1
6.452783953E2,-6.756289866E1
6.458238529E2,-6.533259082E1
6.463597094E2,-6.654722264E1
6.468947813E2,-6.652832207E1
6.474431580E2,-5.461636255E1
6.479883454E2,-5.636300822E1
6.485221952E2,-6.564206447E1
6.490571355E2,-5.913908386E1
6.495979630E2,-6.835079753E1
6.501448592E2,-6.708952094E1
6.506974137E2,-6.742288324E1
6.512429257E2,-6.896438534E1
6.517930701E2,-6.561702141E1
6.523353979E2,-6.790703317E1
6.528933409E2,-6.869112751E1
6.534419152E2,-6.708133743E1
6.539908405E2,-6.820455379E1
6.545507111E2,-6.675785329E1
6.550925980E2,-6.795968357E1
6.556666146E2,-6.836575197E1
6.562236970E2,-6.549860549E1
6.567626458E2,-6.605499485E1
6.573037098E2,-6.761630214E1
6.578490781E2,-6.682985496E1
6.584136665E2,-6.841014370E1
6.589550532E2,-6.726840404E1
6.594757148E2,-6.856256256E1
6.600184517E2,-6.643013440E1
6.605595998E2,-6.880117854E1
6.611034828E2,-6.970249238E1
6.616592451E2,-6.547403506E1
6.622201938E2,-6.673441484E1
6.627710508E2,-6.520237589E1
6.633332832E2,-6.649706545E1
6.638764109E2,-6.149896553E1
6.644261326E2,-6.691008063E1
6.649534291E2,-6.502486712E1
6.654776213E2,-6.627736436E1
6.660304051E2,-6.314573709E1
6.665816096E2,-6.562049355E1
6.671232104E2,-6.559076620E1
6.676729561E2,-6.250418138E1
6.682241760E2,-5.712812524E1
6.688085817E2,-6.416598636E1
6.693626850E2,-6.480939210E1
6.699352721E2,-6.442381666E1
6.704582259E2,-6.659236416E1
6.710081445E2,-6.752030092E1
6.715334387E2,-5.764573980E1
6.720715343E2,-4.997070862E1
6.726346036E2,-6.705828272E1
6.731735605E2,-6.663434457E1
6.737196121E2,-6.713916653E1
6.742634311E2,-5.761055980E1
6.748117500E2,-3.234803979E1
6.753742328E2,-4.539321159E1
6.759250263E2,-4.343861037E1
6.764662335E2,-4.989580215E1
6.770166292E2,-5.020870000E1
6.775573185E2,-4.516023638E1
6.780983960E2,-4.516804084E1
6.786676866E2,-3.848812365E1
6.792280661E2,-4.795456849E1
6.797706634E2,-4.712702639E1
6.803251872E2,-2.579917553E1
6.808426834E2,-3.624526227E1
6.813912873E2,-4.173632125E1
6.819231459E2,-3.039121750E1
6.824864801E2,-3.920324807E1
6.830499470E2,-3.883307010E1
6.836036358E2,-4.808244462E1
6.841411333E2,-3.132636701E1
6.846858262E2,-2.595886580E1
6.852403570E2,-2.963525287E1
6.857908422E2,-3.625832513E1
6.863429381E2,-4.311527721E1
6.868905707E2,-3.301651864E1
6.874316594E2,-6.195304938E1
6.879988331E2,-2.383400743E1
6.885341475E2,-2.044636446E1
6.890783209E2,-2.524375652E1
6.896197317E2,-2.551699570E1
6.901734365E2,-2.999280707E1
6.907464742E2,-1.879936452E1
6.912955421E2,-2.706722106E1
6.918283920E2,-3.327399988E1
6.923746880E2,-2.740075075E1
6.929104906E2,-3.439626793E1
6.934647599E2,-3.295772006E1
6.940095752E2,-5.362899957E1
6.945521118E2,-1.681922109E1
6.951110010E2,-1.262236682E1
6.956569039E2,-2.024788274E1
6.962044169E2,-2.192432070E1
6.967502809E2,-3.625658071E1
6.972824955E2,-5.753229832E1
6.978279318E2,-5.847240523E1
6.983686054E2,-3.707996418E1
6.989084389E2,-3.099326418E1
6.994369654E2,-4.696478457E1
6.999975581E2,-5.883862578E1
7.005397617E2,-6.689240342E1
7.011029943E2,-3.595406294E1
7.016488846E2,-5.404594626E1
7.021907347E2,-4.867992193E1
7.027158445E2,-5.097713478E1
7.032659222E2,-5.293479269E1
7.038145923E2,-3.711616329E1
7.043425683E2,-3.604697686E1
7.048836910E2,-4.280557495E1
7.054297534E2,-4.990776916E1
7.059914452E2,-5.265996691E1
7.065431265E2,-5.705461180E1
7.070942213E2,-6.085122620E1
7.076400920E2,-6.008041919E1
7.081880238E2,-5.738781569E1
7.087389110E2,-6.006373669E1
7.092762381E2,-6.380293690E1
7.098228309E2,-4.116076336E1
7.103682961E2,-5.458393188E1
7.109233341E2,-2.781652759E1
7.114787910E2,-3.958670249E1
7.120366926E2,-5.624364799E1
7.125946678E2,-5.746992579E1
7.131397246E2,-6.727758733E1
7.136849151E2,-6.461045303E1
7.142280695E2,-6.542241651E1
7.147632383E2,-6.528533642E1
7.153136164E2,-6.269014298E1
7.158592204E2,-6.594004075E1
7.164078558E2,-6.164309320E1
7.169567792E2,-6.366061707E1
7.175118921E2,-5.183862183E1
7.180613838E2,-6.320540592E1
7.186084441E2,-6.768226350E1
7.191578623E2,-6.503223256E1
7.197078189E2,-6.769702448E1
7.202602046E2,-6.835945213E1
7.208106719E2,-6.297458834E1
7.213550942E2,-6.602288640E1
7.218871913E2,-6.726885331E1
7.224323339E2,-6.666936304E1
7.229742896E2,-6.422967921E1
7.235347828E2,-5.901527707E1
7.240812008E2,-6.280342623E1
7.246083276E2,-6.503373615E1
7.251653064E2,-6.425913747E1
7.257124209E2,-6.607223329E1
7.262621657E2,-6.207586249E1
7.268005884E2,-6.842390891E1
7.273425407E2,-6.185855344E1
7.279043301E2,-6.613375588E1
7.284478490E2,-6.761309102E1
7.290005342E2,-6.323481936E1
7.295281430E2,-6.743717003E1
7.300812968E2,-6.524796396E1
7.306327671E2,-6.407915632E1
7.311799847E2,-5.789499299E1
7.317250876E2,-6.055911966E1
7.322762020E2,-6.661618286E1
7.328172538E2,-6.805122294E1
7.333654067E2,-6.419791540E1
7.339133032E2,-6.644393473E1
7.344542662E2,-5.272418766E1
7.349976369E2,-6.175412010E1
7.355311850E2,-6.473565638E1
7.360746971E2,-6.662438651E1
7.366289086E2,-6.709370479E1
7.371804304E2,-6.631980908E1
7.377266710E2,-6.342513051E1
7.382671861E2,-6.495141210E1
7.388246261E2,-6.869740329E1
7.393739776E2,-6.275540569E1
7.399236837E2,-6.169604227E1
7.404670417E2,-6.267745268E1
7.410239647E2,-6.332315111E1
7.415720347E2,-5.756261502E1
7.421221350E2,-5.254566533E1
7.426522124E2,-5.093857885E1
7.432041024E2,-6.749151794E1
7.437626648E2,-6.665517195E1
7.442798319E2,-6.515054164E1
7.448201732E2,-5.314734044E1
7.453396032E2,-4.854121907E1
7.458639712E2,-5.630030242E1
7.464144795E2,-5.265288710E1
7.469629881E2,-3.981172909E1
7.475061656E2,-6.691970492E1
7.480528455E2,-6.391708987E1
7.485995306E2,-7.062405247E1
7.491594525E2,-6.632674045E1
7.496966388E2,-6.582551746E1
7.502472010E2,-6.153120245E1
7.508026949E2,-6.436449307E1
7.513609717E2,-6.551763226E1
7.519233499E2,-6.267706871E1
7.524782973E2,-6.636564221E1
7.530303718E2,-6.426177147E1
7.535751466E2,-6.483241546E1
7.541211058E2,-6.808241915E1
7.546667200E2,-6.756823844E1
7.551995717E2,-6.399669242E1
7.557557297E2,-6.591649437E1
7.562819055E2,-6.668197539E1
7.568265646E2,-6.445685498E1
7.573709933E2,-6.599062527E1
7.579273518E2,-6.532400359E1
7.584715597E2,-6.264136407E1
7.590196196E2,-6.153801484E1
7.595773521E2,-6.790314224E1
7.601345280E2,-6.313205101E1
7.607034881E2,-6.645947914E1
7.612515736E2,-6.593110344E1
7.618053900E2,-6.733850090E1
7.623447223E2,-6.743421929E1
7.629006582E2,-6.197986390E1
7.634488123E2,-6.593017903E1
7.639877808E2,-6.684597436E1
7.645392792E2,-6.253174075E1
7.651024360E2,-6.721491519E1
7.656457642E2,-6.637458485E1
7.661937264E2,-6.734570218E1
7.667435671E2,-6.497244829E1
7.672796980E2,-6.439671969E1
7.677993369E2,-6.199581842E1
7.683443968E2,-6.793289116E1
7.689011430E2,-6.951604034E1
7.694407066E2,-6.195417778E1
7.699863179E2,-6.420503681E1
7.705299473E2,-6.421768546E1
7.710696257E2,-6.718887451E1
7.716066388E2,-6.727133411E1
7.721627668E2,-6.279838353E1
7.726930577E2,-6.830891154E1
7.732461371E2,-6.501693629E1
7.737937801E2,-6.644539152E1
7.743423923E2,-6.646514343E1
7.748880360E2,-6.769463516E1
7.754317198E2,-6.744622147E1
7.759731108E2,-6.559021060E1
7.765231994E2,-6.464942901E1
7.770652528E2,-6.554151545E1
7.776027458E2,-6.525262715E1
7.781303930E2,-6.746426837E1
7.786750449E2,-6.932003888E1
7.792252706E2,-6.738221158E1
7.797808473E2,-6.085311485E1
7.803194178E2,-5.649900677E1
7.808725708E2,-5.014873831E1
7.814160117E2,-2.770062546E1
7.819752594E2,-5.112869030E1
7.825338754E2,-3.100237634E1
7.830783505E2,-4.359398548E1
7.836256294E2,-4.986527591E1
7.841746343E2,-3.124421068E1
7.847183169E2,-6.255801497E1
7.852680467E2,-6.488030373E1
7.858165763E2,-5.903166502E1
7.863699407E2,-6.543402089E1
7.869212116E2,-6.696611189E1
7.874674099E2,-6.459052311E1
7.880165826E2,-6.386544175E1
7.885641819E2,-6.027650325E1
7.890969356E2,-6.249539189E1
7.896407417E2,-6.463818093E1
7.901982915E2,-6.283409083E1
7.907570891E2,-6.577897043E1
7.913006604E2,-5.787366285E1
7.918485207E2,-6.681603721E1
7.924049275E2,-6.812367647E1
7.929477544E2,-6.474379271E1
7.934986370E2,-6.285350491E1
7.940469795E2,-6.110823090E1
7.945875035E2,-6.589956040E1
7.951336756E2,-6.679461920E1
7.956708403E2,-5.970355476E1
7.962122387E2,-6.693364905E1
7.967554107E2,-6.940699150E1
7.973076646E2,-6.565533131E1
7.978493845E2,-5.801992019E1
7.983947312E2,-6.285020959E1
7.989424135E2,-6.347522581E1
7.995075824E2,-5.739795410E1
8.000291255E2,-6.699802553E1
8.005908116E2,-6.562174174E1
8.011211582E2,-6.267280043E1
8.016734776E2,-6.438627323E1
8.021998003E2,-6.090998698E1
8.027392350E2,-6.803164167E1
8.032784151E2,-6.541213202E1
8.038441583E2,-6.671247753E1
8.044338387E2,-6.993119905E1
8.049709646E2,-6.782668026E1
8.055071608E2,-6.557439664E1
8.060645455E2,-6.323385403E1
8.065991770E2,-6.216073434E1
8.071254493E2,-6.228693606E1
8.076721039E2,-6.574595214E1
8.082350305E2,-6.576273482E1
8.087721236E2,-6.520750462E1
8.093243051E2,-6.326691065E1
8.098674596E2,-6.720506632E1
8.104064322E2,-6.522847913E1
8.109481344E2,-6.738459189E1
8.114952626E2,-6.883293100E1
8.120472270E2,-6.597983333E1
8.126037474E2,-6.687230384E1
8.131509278E2,-5.865823793E1
8.136892666E2,-6.597242023E1
8.142346394E2,-6.698899292E1
8.148048938E2,-5.978928751E1
8.153531346E2,-6.275278109E1
8.158883603E2,-5.796943427E1
8.164186515E2,-6.682786554E1
8.169379044E2,-6.815330597E1
8.174564398E2,-6.833983675E1
8.179777633E2,-6.551759023E1
8.184997378E2,-3.506617112E1
8.190188408E2,-6.500962878E1
8.195636916E2,-3.754279427E1
8.200883665E2,-6.606787637E1
8.206123331E2,-6.375655757E1
8.211350780E2,-6.018135385E1
8.216649243E2,-6.105772642E1
8.221938624E2,-6.354922675E1
8.227196253E2,-6.702401345E1
8.232413331E2,-6.443786424E1
8.237606161E2,-5.422976579E1
8.242882412E2,-6.609715635E1
8.248226772E2,-6.244061231E1
8.253655623E2,-6.720066771E1
8.258862842E2,-6.350840223E1
8.264104781E2,-6.704160460E1
8.269285999E2,-6.420801566E1
8.274506079E2,-6.125278237E1
8.279721816E2,-6.784921696E1
8.284975253E2,-6.443699342E1
8.290469016E2,-6.311007774E1
8.295878714E2,-6.071999288E1
8.301444419E2,-4.706652415E1
8.306799085E2,-2.734738815E1
8.312300079E2,-4.064691488E1
8.317589796E2,-3.947456913E1
8.322775721E2,-4.370184003E1
8.328230494E2,-3.594949864E1
8.333610529E2,-5.623049983E1
8.339163604E2,-3.221612832E1
8.344668259E2,-2.845567626E1
8.350040135E2,-2.991839377E1
8.355531911E2,-4.718932366E1
8.360889954E2,-5.997144656E1
8.366435151E2,-5.874470363E1
8.371611347E2,-5.801961789E1
8.376795041E2,-6.268769834E1
8.382075518E2,-5.711190436E1
8.387559856E2,-5.065322793E1
8.392912662E2,-6.313910045E1
8.398504014E2,-1.321931428E1
8.403882388E2,-5.452840918E1
8.409428762E2,-5.425448198E1
8.414768947E2,-5.105800895E1
8.420122982E2,-4.363564496E1
8.425443162E2,-4.475596747E1
8.430621175E2,-5.068160038E1
8.436006448E2,-4.274457856E1
8.441264124E2,-4.425869308E1
8.446482355E2,-4.957496803E1
8.451716175E2,-4.512904624E1
8.456933065E2,-5.071289177E1
8.462117309E2,-4.319290761E1
8.467398545E2,-4.416073540E1
8.472674109E2,-4.928157534E1
8.477965143E2,-4.813004123E1
8.483475105E2,-5.005931397E1
8.489016017E2,-5.112552124E1
8.494459608E2,-5.498513396E1
8.499918041E2,-4.395720646E1
8.505399915E2,-5.122172572E1
8.510603524E2,-5.110949487E1
8.515889712E2,-4.883604171E1
8.521078796E2,-4.183514551E1
8.526242875E2,-5.390427584E1
8.531485873E2,-4.852003294E1
8.536707060E2,-4.514798572E1
8.541941804E2,-5.030958902E1
8.547214850E2,-5.148632161E1
8.552483697E2,-4.741583756E1
8.557728753E2,-5.006078674E1
8.563004002E2,-5.327630207E1
8.568274615E2,-4.776416537E1
8.573498882E2,-5.496259530E1
8.578725702E2,-5.253059945E1
8.583975545E2,-4.776807140E1
8.589151901E2,-5.357891334E1
8.594439165E2,-5.555144929E1
8.599896481E2,-5.004508295E1
8.605372699E2,-5.210246283E1
8.610774363E2,-5.347603732E1
8.616099947E2,-4.856788493E1
8.621630823E2,-5.173288464E1
8.627036573E2,-5.569675052E1
8.632392358E2,-4.695381911E1
8.637654198E2,-5.322080129E1
8.643019816E2,-4.828023000E1
8.648315361E2,-4.964167923E1
8.653643072E2,-4.743354091E1
8.659032786E2,-5.046353599E1
8.664229327E2,-5.378418712E1
8.669647391E2,-4.600602239E1
8.674944762E2,-5.501264384E1
8.680367070E2,-4.989618750E1
8.685864670E2,-4.822877714E1
8.691393416E2,-5.297223854E1
8.696719497E2,-5.155842081E1
8.702235196E2,-4.807330049E1
8.707541709E2,-5.175682665E1
8.712975793E2,-4.893398144E1
8.718343186E2,-4.755514680E1
8.723790325E2,-5.715303399E1
8.729258287E2,-5.430735089E1
8.734675548E2,-4.791348377E1
8.740164603E2,-5.497113729E1
8.745394367E2,-5.214118138E1
8.750692017E2,-4.831767404E1
8.755982511E2,-5.224697447E1
8.761276063E2,-4.893432346E1
8.766650509E2,-4.630556709E1
8.772166732E2,-5.619588249E1
8.777498453E2,-4.862390221E1
8.783031152E2,-4.340307319E1
8.788484325E2,-4.612603835E1
8.793734694E2,-4.716473022E1
8.799273686E2,-4.807477962E1
8.804787863E2,-4.778493494E1
8.810237378E2,-4.914309475E1
8.815544409E2,-4.886290121E1
8.820959921E2,-4.648870010E1
8.826276832E2,-4.836906427E1
8.831853600E2,-4.988884961E1
8.837222609E2,-4.778825040E1
8.842648763E2,-4.908286153E1
8.847959234E2,-5.038733141E1
8.853503421E2,-4.608931970E1
8.858866606E2,-4.695911865E1
8.864385697E2,-4.891083638E1
8.869867041E2,-4.976980603E1
8.875109595E2,-5.491666692E1
8.880634038E2,-5.221540544E1
8.886036583E2,-5.020986614E1
8.891507332E2,-5.182473804E1
8.897049042E2,-5.018677945E1
8.902470622E2,-5.167336033E1
8.907988610E2,-5.256059098E1
8.913243977E2,-4.629177914E1
8.918586207E2,-4.993054072E1
8.923986158E2,-5.493184850E1
8.929356397E2,-4.859549785E1
8.934847117E2,-5.517062411E1
8.940411304E2,-4.805363688E1
8.945636960E2,-4.707137258E1
8.951179013E2,-4.437981821E1
8.956658829E2,-5.040722037E1
8.962121555E2,-5.435286410E1
8.967630577E2,-4.598381487E1
8.972904431E2,-5.104591965E1
8.978468642E2,-4.446971370E1
8.983911690E2,-4.193620627E1
8.989396042E2,-4.713174515E1
8.994873191E2,-5.197991654E1
9.000415775E2,-5.252894585E1
9.005878404E2,-5.257216284E1
9.011240117E2,-4.739425724E1
9.016754339E2,-4.886536608E1
9.022144714E2,-5.122242508E1
9.027884078E2,-5.001436563E1
9.033290283E2,-5.237682406E1
9.038672208E2,-5.181886658E1
9.044119438E2,-5.450416062E1
9.049722565E2,-5.223114084E1
9.055200470E2,-5.274310382E1
9.060706521E2,-5.276380042E1
9.066214713E2,-5.405398142E1
9.071763866E2,-5.027639423E1
9.077084654E2,-5.238904597E1
9.082605377E2,-5.035345437E1
9.087985559E2,-4.918120873E1
9.093367541E2,-5.151536989E1
9.098922940E2,-5.416541420E1
9.104436831E2,-5.284954466E1
9.109834025E2,-5.139598277E1
9.115268605E2,-5.276493365E1
9.120642771E2,-3.597518024E1
9.126141603E2,-4.548751120E1
9.131669437E2,-4.054315877E1
9.137098266E2,-5.431413718E1
9.142638648E2,-5.345226079E1
9.148281972E2,-4.904368270E1
9.153688548E2,-5.278351727E1
9.159028152E2,-4.065307119E1
9.164394031E2,-3.729031010E1
9.169850313E2,-3.912475779E1
9.175276003E2,-2.586227216E1
9.180499665E2,-3.547127155E1
9.186036760E2,-4.340311846E1
9.191452471E2,-4.746894285E1
9.196876895E2,-4.736793905E1
9.202353793E2,-5.256957142E1
9.207916756E2,-5.704145622E1
9.213451153E2,-4.147141872E1
9.218938437E2,-4.427195630E1
9.224452962E2,-5.095956095E1
9.229915215E2,-2.929754832E1
9.235314693E2,-2.881545920E1
9.240651722E2,-3.285362950E1
9.246084290E2,-3.689195373E1
9.251546555E2,-5.307659278E1
9.257018917E2,-5.392604841E1
9.262430538E2,-5.241378119E1
9.267927063E2,-4.455331515E1
9.273392833E2,-3.821889653E1
9.278909592E2,-4.852019931E1
9.284409035E2,-5.207629414E1
9.289788281E2,-2.469000024E1
9.295057608E2,-3.370680583E1
9.300538417E2,-1.681382863E1
9.306073280E2,-2.559903765E1
9.311479064E2,-3.287234040E1
9.316966326E2,-1.664709917E1
9.322344796E2,-2.606866055E1
9.327723876E2,-2.512914811E1
9.333230388E2,-2.841767115E1
9.338704183E2,-4.861018353E1
9.344099354E2,-4.313688132E1
9.349641161E2,-3.173805519E1
9.355162584E2,-4.816890512E1
9.360573629E2,-4.152061203E1
9.366053456E2,-4.766091154E1
9.371433408E2,-2.254970430E1
9.376812449E2,-4.951901715E1
9.382320123E2,-5.438107327E1
9.387804050E2,-4.849265408E1
9.393070718E2,-3.761506850E1
9.398558171E2,-3.474388936E1
9.403971759E2,-6.562722450E1
9.409483606E2,-6.850000183E1
9.414972369E2,-6.797982075E1
9.420477272E2,-6.899362737E1
9.425883379E2,-6.494851981E1
9.431690551E2,-6.545895763E1
9.437082302E2,-6.419064640E1
9.442421565E2,-6.621818850E1
9.448037708E2,-6.672611985E1
9.453493693E2,-6.545135276E1
9.458936355E2,-6.227192163E1
9.464479269E2,-6.667070954E1
9.470122478E2,-6.657457591E1
9.475586110E2,-6.448862562E1
9.481145570E2,-6.329450620E1
9.486533647E2,-6.529765263E1
9.492068563E2,-6.735280548E1
9.497533228E2,-6.558868459E1
9.503097550E2,-6.737727061E1
9.508363124E2,-6.481026438E1
9.513855647E2,-6.447416762E1
9.519236609E2,-6.460934233E1
9.524718950E2,-3.873039499E1
9.530185928E2,-3.836353832E1
9.535792796E2,-3.034471805E1
9.541319741E2,-3.981150353E1
9.546870190E2,-4.786522003E1
9.552451551E2,-3.088659224E1
9.557961536E2,-3.273679576E1
9.563295620E2,-3.993260173E1
9.568784852E2,-4.547199777E1
9.574134405E2,-6.310019410E1
9.579522674E2,-6.529852595E1
9.584976350E2,-6.465246819E1
9.590443328E2,-5.783836118E1
9.595844659E2,-6.826320954E1
9.601338377E2,-6.384904406E1
9.606857525E2,-6.666158190E1
9.612425525E2,-6.845984963E1
9.617747644E2,-6.796405787E1
9.623145507E2,-6.210073043E1
9.628694579E2,-3.469793157E1
9.634123472E2,-6.613817943E1
9.639676862E2,-4.993084889E1
9.645039503E2,-3.676454167E1
9.650667677E2,-4.666050841E1
9.656045924E2,-5.161431309E1
9.661691751E2,-4.117673211E1
9.667099839E2,-4.805296483E1
9.672717967E2,-3.394148100E1
9.678293880E2,-5.417609984E1
9.683941977E2,-6.629202864E1
9.689419120E2,-6.744368554E1
9.694973573E2,-6.621947974E1
9.700359195E2,-6.650249278E1
9.705809202E2,-6.597892520E1
9.711393643E2,-6.537423230E1
9.716829126E2,-6.535821759E1
9.722313478E2,-6.412866163E1
9.727977872E2,-6.588997322E1
9.733347111E2,-6.417551444E1
9.738911100E2,-6.222992660E1
9.744197187E2,-6.588506341E1
9.749653780E2,-6.394844310E1
9.754927632E2,-6.521133557E1
9.760459803E2,-6.624794201E1
9.765829785E2,-6.587107054E1
9.771345112E2,-6.554262641E1
9.776822018E2,-6.211753946E1
9.782099972E2,-6.201435009E1
9.787591859E2,-6.439788402E1
9.793123639E2,-6.480606276E1
9.798821863E2,-6.074347478E1
9.804196961E2,-6.380476583E1
9.809550658E2,-6.630451109E1
9.814989063E2,-5.581467242E1
9.820471686E2,-5.807417449E1
9.826085599E2,-6.307974391E1
9.831394208E2,-6.477871918E1
9.836856347E2,-6.759594689E1
9.842173042E2,-6.712759983E1
9.847706940E2,-6.480714337E1
9.853251435E2,-6.485037352E1
9.858807386E2,-6.329776048E1
9.864187312E2,-6.826814949E1
9.869643416E2,-6.507047768E1
9.875064867E2,-6.831043031E1
9.880595098E2,-6.355874637E1
9.885884755E2,-6.666327770E1
9.891305211E2,-6.859633056E1
9.896774043E2,-7.188176248E1
9.902310555E2,-7.189073919E1
9.907739110E2,-7.394792440E1
9.913281327E2,-7.322755272E1
9.918523334E2,-7.335786829E1
9.923891771E2,-7.038094228E1
9.929335305E2,-7.412864855E1
9.934609879E2,-7.264493220E1
9.940011355E2,-7.488017412E1
9.945443288E2,-7.289584095E1
9.950911862E2,-7.462175156E1
9.956357810E2,-7.397279943E1
9.961863529E2,-7.364834515E1
9.967518179E2,-7.239492880E1
9.972945405E2,-7.354232928E1
9.978438092E2,-7.256233907E1
9.983911834E2,-6.969373570E1
9.989360213E2,-7.480238458E1
9.994754604E2,-7.447653852E1
1.000026128E3,-7.218315142E1
1.000567681E3,-7.404418354E1
1.001112860E3,-6.075233362E1
1.001662232E3,-7.260204306E1
1.002216289E3,-7.408845670E1
1.002755329E3,-7.337983217E1
1.003304240E3,-7.332893620E1
1.003852219E3,-7.444898958E1
1.004404181E3,-7.440754936E1
1.004933504E3,-7.393814770E1
1.005467417E3,-5.444938721E1
1.006009229E3,-3.715333816E1
1.006555451E3,-3.384110389E1
1.007109366E3,-3.668425163E1
1.007648807E3,-4.459246925E1
1.008194756E3,-7.213695461E1
1.008731266E3,-7.454726549E1
1.009290637E3,-7.409191436E1
1.009833371E3,-7.322631269E1
1.010383619E3,-7.260416060E1
1.010936136E3,-7.395520856E1
1.011498923E3,-7.448188013E1
1.012052567E3,-7.171789105E1
1.012599374E3,-7.203756851E1
1.013155117E3,-7.270974043E1
1.013697621E3,-7.039806762E1
1.014249023E3,-6.814200777E1
1.014801945E3,-6.532672621E1
1.015327457E3,-6.002888790E1
1.015874744E3,-5.820521593E1
1.016426193E3,-5.403339103E1
1.016976925E3,-6.649535811E1
1.017528890E3,-5.876082334E1
1.018067259E3,-6.053104650E1
1.018608224E3,-5.730629377E1
1.019147355E3,-5.512186376E1
1.019699484E3,-5.624360257E1
1.020253260E3,-5.820884387E1
1.020794357E3,-5.821853695E1
1.021349682E3,-7.339844177E1
1.021894179E3,-7.396011340E1
1.022463785E3,-7.431016798E1
1.023009164E3,-7.416890773E1
1.023572716E3,-7.387241610E1
1.024114654E3,-7.392360697E1
1.024658447E3,-6.195924201E1
1.025209154E3,-2.622759711E1
1.025760579E3,-5.282399095E1
1.026283928E3,-7.548580222E1
1.026825372E3,-7.368492290E1
1.027368915E3,-7.439468866E1
1.027921349E3,-7.381354082E1
1.028458742E3,-7.333979498E1
1.028997205E3,-7.096565573E1
1.029542870E3,-7.435697686E1
1.030089752E3,-7.366171733E1
1.030634205E3,-7.298238110E1
1.031185339E3,-7.364506705E1
1.031735623E3,-7.323745027E1
1.032293394E3,-7.095762231E1
1.032844763E3,-7.427656231E1
1.033395353E3,-7.479114521E1
1.033947266E3,-7.410200049E1
1.034489482E3,-7.381236493E1
1.035034472E3,-7.426772859E1
1.035582913E3,-7.489710793E1
1.036136995E3,-7.364448193E1
1.036678352E3,-7.256869781E1
1.037209368E3,-4.908997767E1
1.037757181E3,-6.688424551E1
1.038304245E3,-3.398142799E1
1.038860769E3,-2.489311875E1
1.039417913E3,-4.986104707E1
1.039974673E3,-6.544196124E1
1.040528377E3,-4.576067906E1
1.041079505E3,-4.288370903E1
1.041630487E3,-3.450277272E1
1.042181246E3,-4.289136371E1
1.042746488E3,-3.361432345E1
1.043304681E3,-2.359390551E1
1.043845110E3,-3.122950091E1
1.044389161E3,-3.594495950E1
1.044928365E3,-3.942608135E1
1.045482491E3,-5.063016572E1
1.046027487E3,-4.380982626E1
1.046576961E3,-3.473423627E1
1.047146258E3,-4.677436337E1
1.047685646E3,-4.313807181E1
1.048225488E3,-4.511223813E1
1.048749943E3,-4.375752584E1
1.049292325E3,-5.131134706E1
1.049817696E3,-5.387062175E1
1.050365537E3,-2.933395567E1
1.050910322E3,-2.790968248E1
1.051457722E3,-3.227922734E1
1.052003006E3,-5.164655495E1
1.052548776E3,-4.388199141E1
1.053090610E3,-5.434224077E1
1.053631646E3,-3.563859263E1
1.054169545E3,-3.853163717E1
1.054722148E3,-3.645479505E1
1.055256276E3,-5.465633466E1
1.055806516E3,-5.982050055E1
1.056349607E3,-5.900245325E1
1.056897977E3,-5.146819765E1
1.057438620E3,-4.716605680E1
1.057993674E3,-5.748269828E1
1.058549081E3,-4.763634338E1
1.059085780E3,-5.063895550E1
1.059636591E3,-4.843791913E1
1.060181767E3,-5.706188563E1
1.060738785E3,-2.736722390E1
1.061285978E3,-2.812864459E1
1.061836741E3,-4.312592505E1
1.062386745E3,-5.270282494E1
1.062939244E3,-5.274957748E1
1.063493522E3,-3.478820229E1
1.064039574E3,-4.523202262E1
1.064595396E3,-5.160878165E1
1.065132895E3,-5.523920777E1
1.065685737E3,-5.642299919E1
1.066219741E3,-4.917901230E1
1.066772294E3,-3.705869570E1
1.067305333E3,-2.252093296E1
1.067850298E3,-3.215265368E1
1.068396438E3,-2.323698729E1
1.068946188E3,-5.898428850E1
1.069467507E3,-5.799485398E1
1.070015730E3,-5.908708438E1
1.070567860E3,-4.345459477E1
1.071110434E3,-4.159954027E1
1.071654540E3,-4.057715494E1
1.072207565E3,-4.333941861E1
1.072771203E3,-4.600491693E1
1.073320610E3,-5.403447214E1
1.073835077E3,-4.484469506E1
1.074384571E3,-3.421394949E1
1.074931773E3,-3.665875741E1
1.075487222E3,-2.997288151E1
1.076034520E3,-4.169553918E1
1.076596980E3,-2.736008661E1
1.077120959E3,-3.380854972E1
1.077661732E3,-3.009454245E1
1.078206663E3,-3.210306575E1
1.078754240E3,-2.300644789E1
1.079302914E3,-4.733834019E1
1.079845938E3,-2.610808098E1
1.080365587E3,-4.327539856E1
1.080913755E3,-5.290582751E1
1.081457493E3,-5.561756509E1
1.082010389E3,-4.825680536E1
1.082558592E3,-5.081773448E1
1.083109176E3,-3.815544765E1
1.083667338E3,-4.158003273E1
1.084220868E3,-5.523009382E1
1.084755416E3,-4.327573008E1
1.085291036E3,-5.299738122E1
1.085826452E3,-6.069581231E1
1.086368264E3,-4.683425529E1
1.086908560E3,-4.936041482E1
1.087463263E3,-6.559360027E1
1.087994675E3,-7.276236250E1
1.088544609E3,-6.451796343E1
1.089094468E3,-4.506635322E1
1.089637946E3,-5.600016978E1
1.090178531E3,-5.674577490E1
1.090714953E3,-5.531541954E1
1.091246524E3,-7.076154995E1
1.091796672E3,-7.419362425E1
1.092337218E3,-4.076032201E1
1.092881982E3,-4.358600104E1
1.093425550E3,-3.707507528E1
1.093967278E3,-4.573371921E1
1.094519853E3,-7.484393194E1
1.095075864E3,-4.377423490E1
1.095611383E3,-3.535361373E1
1.096167917E3,-3.507472023E1
1.096723158E3,-3.496565361E1
1.097265809E3,-3.508426364E1
1.097814855E3,-3.659389497E1
1.098373277E3,-5.572803275E1
1.098951310E3,-4.105944114E1
1.099501734E3,-7.386830736E1
1.100040389E3,-7.383545430E1
1.100583668E3,-4.024004044E1
1.101128484E3,-7.479795656E1
1.101677349E3,-7.459963091E1
1.102209475E3,-4.330263281E1
1.102767212E3,-3.138336697E1
1.103313090E3,-2.936272499E1
1.103861400E3,-2.865593224E1
1.104403949E3,-3.580479087E1
1.104954589E3,-3.340873062E1
1.105490548E3,-2.760969079E1
1.106037345E3,-3.826939029E1
1.106583818E3,-3.656696472E1
1.107126437E3,-4.424569059E1
1.107688989E3,-5.743112132E1
1.108243212E3,-5.203936268E1
1.108783972E3,-7.024467703E1
1.109328469E3,-7.253421694E1
1.109864830E3,-7.018523185E1
1.110413396E3,-6.853267191E1
1.110966152E3,-5.775339137E1
1.111517604E3,-7.233156390E1
1.112049638E3,-7.104799766E1
1.112574797E3,-7.047536735E1
1.113117315E3,-7.402907095E1
1.113665467E3,-7.249925851E1
1.114209704E3,-6.949092164E1
1.114761059E3,-7.324772640E1
1.115305671E3,-7.206828299E1
1.115857774E3,-7.152373287E1
1.116394808E3,-6.658610925E1
1.116954272E3,-7.278528064E1
1.117491854E3,-7.357214813E1
1.118025818E3,-7.162568973E1
1.118572438E3,-7.418778553E1
1.119121740E3,-7.335068097E1
1.119664297E3,-6.952208990E1
1.120194365E3,-7.426349837E1
1.120762877E3,-7.315502456E1
1.121283588E3,-7.371534410E1
1.121832060E3,-7.291690248E1
1.122370124E3,-7.141813033E1
1.122913569E3,-7.230982368E1
1.123453654E3,-7.234721739E1
1.123984498E3,-7.315234210E1
1.124530588E3,-7.223731418E1
1.125073143E3,-7.299267463E1
1.125618804E3,-7.311399401E1
1.126155916E3,-7.258718794E1
1.126704947E3,-7.447644403E1
1.127248182E3,-7.403145814E1
1.127789707E3,-7.325510179E1
1.128350906E3,-7.322620641E1
1.128900242E3,-7.462512339E1
1.129467216E3,-7.302427722E1
1.130020043E3,-7.365377508E1
1.130556318E3,-7.403184192E1
1.131107541E3,-7.050813134E1
1.131649318E3,-7.322008244E1
1.132190941E3,-7.329249149E1
1.132730420E3,-7.417855691E1
1.133280121E3,-7.132334654E1
1.133831722E3,-7.354179594E1
1.134357062E3,-7.350167870E1
1.134895463E3,-7.361304089E1
1.135442707E3,-7.386760926E1
1.135995494E3,-7.332429592E1
1.136531042E3,-7.379266552E1
1.137064234E3,-7.486656075E1
1.137616199E3,-7.398046258E1
1.138173778E3,-7.434518142E1
1.138728099E3,-6.666585784E1
1.139288173E3,-7.285402186E1
1.139835793E3,-6.723967568E1
1.140379341E3,-6.755108791E1
1.140918483E3,-4.627398221E1
1.141466586E3,-5.023462245E1
1.142016478E3,-7.262563981E1
1.142559733E3,-7.244900125E1
1.143109202E3,-7.314764309E1
1.143674759E3,-7.385272947E1
1.144214610E3,-7.325945451E1
1.144745197E3,-7.475603846E1
1.145289248E3,-7.348367472E1
1.145828125E3,-7.410959135E1
1.146371547E3,-7.418266100E1
1.146915803E3,-7.455149308E1
1.147457555E3,-7.360143928E1
1.148001316E3,-7.418274930E1
1.148548855E3,-7.371724756E1
1.149083636E3,-7.373381908E1
1.149627678E3,-7.451607037E1
1.150158237E3,-7.438108020E1
1.150680570E3,-7.448576046E1
1.151209284E3,-7.410933087E1
1.151755509E3,-7.327268213E1
1.152307599E3,-7.231593790E1
1.152866446E3,-7.443371302E1
1.153421968E3,-7.275717644E1
1.153965286E3,-7.331188579E1
1.154525195E3,-7.408590845E1
1.155075754E3,-7.111821778E1
1.155627173E3,-7.369422417E1
1.156151647E3,-7.487312918E1
1.156709163E3,-7.105430921E1
1.157264962E3,-7.342090870E1
1.157812503E3,-7.230899189E1
1.158347095E3,-7.360990540E1
1.158904553E3,-7.400879019E1
1.159452277E3,-7.315697647E1
1.160001894E3,-7.471038112E1
1.160545517E3,-7.381820697E1
1.161090404E3,-7.394294974E1
1.161635777E3,-7.428469077E1
1.162187282E3,-7.352362523E1
1.162739616E3,-6.874379743E1
1.163283859E3,-7.424903879E1
1.163836487E3,-7.214352020E1
1.164383018E3,-7.432834704E1
1.164938485E3,-7.388930272E1
1.165494922E3,-6.980563623E1
1.166044260E3,-7.218306784E1
1.166572256E3,-6.931515649E1
1.167117210E3,-7.298097476E1
1.167663072E3,-5.610460351E1
1.168205606E3,-7.154049625E1
1.168741139E3,-7.284723166E1
1.169289220E3,-7.061926865E1
1.169831995E3,-6.148453366E1
1.170375279E3,-6.172697395E1
1.170920702E3,-6.893384880E1
1.171480098E3,-6.604631307E1
1.172024917E3,-6.514545765E1
1.172566292E3,-6.989234191E1
1.173099269E3,-6.371950504E1
1.173650469E3,-5.865350017E1
1.174189973E3,-7.084461934E1
1.174744683E3,-7.378613229E1
1.175275213E3,-7.469912842E1
1.175824284E3,-7.371562164E1
1.176388241E3,-7.221354183E1
1.176939326E3,-7.378005151E1
1.177468479E3,-7.350065975E1
1.178018661E3,-7.194066949E1
1.178563372E3,-7.451912256E1
1.179112371E3,-7.299633521E1
1.179659212E3,-7.404863341E1
1.180205851E3,-7.323684655E1
1.180759161E3,-7.252049486E1
1.181313121E3,-7.293157416E1
1.181854721E3,-7.176725452E1
1.182406325E3,-7.266860800E1
1.182939231E3,-7.331962439E1
1.183490478E3,-7.379395720E1
1.184022173E3,-7.061936583E1
1.184558627E3,-7.256252149E1
1.185116797E3,-7.072089208E1
1.185655978E3,-7.081906521E1
1.186191914E3,-7.349737808E1
1.186755619E3,-7.335615247E1
1.187303146E3,-6.674881187E1
1.187851755E3,-7.140583665E1
1.188375531E3,-6.849189638E1
1.188923442E3,-6.962188471E1
1.189466395E3,-7.169283327E1
1.190009911E3,-7.350035788E1
1.190548937E3,-7.020928727E1
1.191083423E3,-7.292436430E1
1.191622872E3,-7.261104208E1
1.192168003E3,-7.104428801E1
1.192694814E3,-4.120052851E1
1.193233507E3,-2.954400438E1
1.193773742E3,-3.534968546E1
1.194308561E3,-4.214434985E1
1.194839081E3,-3.496652294E1
1.195364836E3,-4.552568831E1
1.195913181E3,-5.625904036E1
1.196468282E3,-6.671948732E1
1.197018977E3,-3.652010620E1
1.197553626E3,-2.281565538E1
1.198090507E3,-2.145230285E1
1.198653346E3,-3.002896590E1
1.199176846E3,-1.579039069E1
1.199721564E3,-2.986987683E1
1.200264735E3,-3.864957011E1
1.200817848E3,-3.714471639E1
1.201357952E3,-4.264913706E1
1.201907821E3,-3.638380019E1
1.202455968E3,-4.702108663E1
1.203002361E3,-5.134825933E1
1.203544911E3,-5.498679560E1
1.204084459E3,-6.961288807E1
1.204630835E3,-5.739365082E1
1.205181508E3,-6.487200098E1
1.205727884E3,-4.658998101E1
1.206262201E3,-3.574048289E1
1.206776027E3,-6.928746408E1
1.207289418E3,-6.477680519E1
1.207800856E3,-6.335588603E1
1.208322074E3,-6.991272622E1
1.208843821E3,-7.272480053E1
1.209389112E3,-6.729982081E1
1.209928380E3,-5.770727079E1
1.210470922E3,-6.506436672E1
1.210985539E3,-6.097805253E1
1.211495943E3,-5.661031206E1
1.212015422E3,-6.284460291E1
1.212538535E3,-5.124789712E1
1.213052508E3,-6.682127856E1
1.213603334E3,-7.231387016E1
1.214148453E3,-6.521631805E1
1.214678617E3,-6.263337121E1
1.215202361E3,-5.964970987E1
1.215766713E3,-4.888492217E1
1.216304879E3,-1.108649657E1
1.216849355E3,-4.626113383E1
1.217375921E3,-5.698362443E1
1.217929182E3,-4.985556400E1
1.218487295E3,-5.518287951E1
1.219016253E3,-4.566314291E1
1.219566622E3,-3.238573876E1
1.220117468E3,-3.758532405E1
1.220659860E3,-3.575535778E1
1.221185451E3,-3.517662279E1
1.221737804E3,-7.362820833E1
1.222299312E3,-7.320183259E1
1.222852336E3,-7.373127162E1
1.223404354E3,-7.465972558E1
1.223952550E3,-7.381849116E1
1.224510228E3,-7.368563162E1
1.225064207E3,-7.405728948E1
1.225603171E3,-7.205427772E1
1.226152162E3,-7.456285110E1
1.226695101E3,-7.378746233E1
1.227234765E3,-7.173693056E1
1.227779009E3,-7.430317180E1
1.228327729E3,-7.394750615E1
1.228887794E3,-7.061091934E1
1.229444150E3,-7.284184605E1
1.229984296E3,-7.478383744E1
1.230527314E3,-7.411523887E1
1.231058584E3,-7.407095141E1
1.231591294E3,-7.057521830E1
1.232141584E3,-7.389781207E1
1.232694932E3,-7.432944295E1
1.233245300E3,-7.362168488E1
1.233787349E3,-7.406269756E1
1.234345544E3,-7.468007538E1
1.234894380E3,-7.418138082E1
1.235449474E3,-7.327579826E1
1.235992295E3,-7.444941209E1
1.236539792E3,-7.372840751E1
1.237081112E3,-6.906286976E1
1.237628072E3,-7.434596068E1
1.238171775E3,-7.317216863E1
1.238715325E3,-7.357287705E1
1.239255754E3,-7.405137406E1
1.239794476E3,-7.243185600E1
1.240349060E3,-7.446187109E1
1.240906317E3,-7.453522978E1
1.241436170E3,-3.188506839E1
1.241960408E3,-3.815370120E1
1.242509012E3,-3.157143853E1
1.243050599E3,-3.126314723E1
1.243592422E3,-4.112373848E1
1.244136499E3,-5.469587803E1
1.244675644E3,-3.305976142E1
1.245227409E3,-3.620315751E1
1.245769888E3,-5.410128807E1
1.246306687E3,-6.978590770E1
1.246850818E3,-7.252293452E1
1.247396598E3,-6.600489516E1
1.247926348E3,-7.463451968E1
1.248458493E3,-7.033919643E1
1.249013845E3,-2.784995224E1
1.249550811E3,-7.385948669E1
1.250091428E3,-7.379149527E1
1.250638809E3,-7.446262448E1
1.251205810E3,-7.402149179E1
1.251737655E3,-6.918202725E1
1.252288493E3,-7.392123674E1
1.252826468E3,-7.352852156E1
1.253355729E3,-7.427155733E1
1.253893051E3,-7.410724761E1
1.254437447E3,-7.478596761E1
1.254972433E3,-7.466870330E1
1.255513653E3,-7.384733126E1
1.256038790E3,-7.382596793E1
1.256581974E3,-7.433954745E1
1.257113875E3,-6.984642143E1
1.257651720E3,-7.439000883E1
1.258190721E3,-7.443240342E1
1.258739041E3,-7.394240663E1
1.259285416E3,-7.419911626E1
1.259833709E3,-7.215598901E1
1.260387665E3,-7.450336007E1
1.260937028E3,-7.435936739E1
1.261483343E3,-7.414441861E1
1.262026589E3,-7.518143231E1
1.262573101E3,-7.517565719E1
1.263125498E3,-7.451292503E1
1.263655701E3,-7.408815429E1
1.264214336E3,-7.386268468E1
1.264743736E3,-7.478515599E1
1.265290590E3,-7.429364968E1
1.265829237E3,-7.332505687E1
1.266372082E3,-6.969516511E1
1.266925552E3,-6.882610917E1
1.267486713E3,-5.704870462E1
1.268029490E3,-4.966386646E1
1.268571718E3,-6.883879604E1
1.269123948E3,-6.357458089E1
1.269677267E3,-3.155881738E1
1.270225681E3,-7.275186952E1
1.270779544E3,-7.228476799E1
1.271326790E3,-7.386641864E1
1.271870368E3,-7.454769766E1
1.272415444E3,-7.424702187E1
1.272958703E3,-7.528302070E1
1.273525172E3,-7.451592735E1
1.274076391E3,-7.459749304E1
1.274603841E3,-7.453302765E1
1.275151512E3,-7.337788754E1
1.275683347E3,-7.503995473E1
1.276229539E3,-7.505784847E1
1.276768754E3,-7.500044101E1
1.277312291E3,-6.962029390E1
1.277863495E3,-7.463339301E1
1.278408991E3,-7.487333622E1
1.278941109E3,-7.469564897E1
1.279485743E3,-7.485118712E1
1.280005572E3,-7.477952959E1
1.280547748E3,-7.417419230E1
1.281111863E3,-7.397498752E1
1.281668035E3,-7.447842860E1
1.282222575E3,-7.416771959E1
1.282771702E3,-7.512775434E1
1.283308556E3,-7.466411347E1
1.283873456E3,-7.383488372E1
1.284415398E3,-7.393201716E1
1.284969279E3,-7.438292919E1
1.285502478E3,-7.444903653E1
1.286045831E3,-7.469639433E1
1.286572838E3,-7.451845471E1
1.287138639E3,-7.466919712E1
1.287713261E3,-7.422249057E1
1.288254318E3,-7.469684161E1
1.288808712E3,-7.444050118E1
1.289351418E3,-7.400654261E1
1.289890872E3,-7.489372628E1
1.290433353E3,-7.403052016E1
1.290977959E3,-7.469430764E1
1.291530900E3,-7.517782196E1
1.292076354E3,-7.431886074E1
1.292616274E3,-7.018780034E1
1.293166512E3,-7.295607107E1
1.293718554E3,-7.177795113E1
1.294267405E3,-7.469589741E1
1.294810402E3,-7.143085719E1
1.295371735E3,-7.132028486E1
1.295910918E3,-7.459278372E1
1.296434826E3,-7.412124198E1
1.296977704E3,-7.441657922E1
1.297514216E3,-3.431810342E1
1.298060136E3,-6.014637844E1
1.298607259E3,-3.944057158E1
1.299166966E3,-4.168211389E1
1.299704451E3,-6.916341702E1
1.300263661E3,-5.272753522E1
1.300823053E3,-7.416653177E1
1.301372272E3,-4.919228675E1
1.301909047E3,-7.155739695E1
1.302451836E3,-7.284778358E1
1.302984180E3,-7.458929143E1
1.303536965E3,-7.377088604E1
1.304087540E3,-7.431653794E1
1.304639074E3,-7.392464695E1
1.305183301E3,-7.379456280E1
1.305713277E3,-6.841431782E1
1.306276149E3,-7.458241209E1
1.306808259E3,-7.382983326E1
1.307367367E3,-7.296887229E1
1.307889562E3,-7.410703067E1
1.308426744E3,-7.407607497E1
1.308971177E3,-7.491954539E1
1.309518852E3,-7.478393886E1
1.310063356E3,-7.411789140E1
1.310609047E3,-7.425531965E1
1.311158402E3,-7.359522583E1
1.311702677E3,-7.463251147E1
1.312235929E3,-7.417339920E1
1.312773695E3,-7.430167408E1
1.313296909E3,-7.372486976E1
1.313832394E3,-7.380381890E1
1.314383257E3,-7.301589935E1
1.314932118E3,-7.285847861E1
1.315467229E3,-7.031811034E1
1.316012276E3,-7.398375094E1
1.316570273E3,-7.432843836E1
1.317109696E3,-6.088104803E1
1.317654261E3,-7.281099162E1
1.318179969E3,-7.454659329E1
1.318734655E3,-7.262283348E1
1.319286903E3,-7.423404636E1
1.319840554E3,-7.390766405E1
1.320391764E3,-6.290697109E1
1.320950377E3,-7.361234392E1
1.321511247E3,-7.419225233E1
1.322059067E3,-7.380487105E1
1.322613779E3,-7.411332658E1
1.323165023E3,-7.308951928E1
1.323715127E3,-7.269645660E1
1.324254535E3,-7.179985729E1
1.324800799E3,-7.275943464E1
1.325343276E3,-7.476536918E1
1.325887722E3,-7.410681373E1
1.326452703E3,-7.347368800E1
1.326997315E3,-7.296760382E1
1.327549994E3,-7.254998291E1
1.328091754E3,-6.835035949E1
1.328616318E3,-6.914920670E1
1.329167198E3,-7.245196418E1
1.329710596E3,-7.397700828E1
1.330268042E3,-7.378299016E1
1.330814350E3,-7.372741347E1
1.331360221E3,-6.976700307E1
1.331896570E3,-5.564025518E1
1.332442378E3,-7.347593864E1
1.332970362E3,-7.403508407E1
1.333521932E3,-7.288744486E1
1.334071049E3,-6.294832866E1
1.334619807E3,-5.481228403E1
1.335168054E3,-5.767679657E1
1.335712367E3,-7.185460733E1
1.336264443E3,-7.420652376E1
1.336811975E3,-7.431690222E1
1.337372188E3,-7.352825572E1
1.337926370E3,-5.753656828E1
1.338483429E3,-7.226377105E1
1.339024694E3,-7.417582300E1
1.339568230E3,-7.393927466E1
1.340110558E3,-7.479007873E1
1.340633477E3,-6.637928273E1
1.341177060E3,-7.148204608E1
1.341718730E3,-6.329372899E1
1.342269305E3,-5.349610418E1
1.342814533E3,-7.014910020E1
1.343365345E3,-4.844665523E1
1.343917273E3,-4.780111199E1
1.344476856E3,-5.473187449E1
1.345004896E3,-7.394629342E1
1.345563240E3,-6.908435504E1
1.346108084E3,-7.133873326E1
1.346655572E3,-7.418244025E1
1.347208068E3,-7.328666850E1
1.347748753E3,-7.464079519E1
1.348303662E3,-7.399139121E1
1.348867543E3,-6.800459464E1
1.349410475E3,-6.183493805E1
1.349961494E3,-4.984547559E1
1.350503479E3,-5.368652674E1
1.351035344E3,-5.329125867E1
1.351579014E3,-6.088824403E1
1.352134520E3,-7.178590191E1
1.352692064E3,-7.244734289E1
1.353223572E3,-7.125254625E1
1.353776321E3,-6.954790636E1
1.354325220E3,-5.795457491E1
1.354871840E3,-4.952940331E1
1.355435180E3,-4.809631236E1
1.355986841E3,-4.850442926E1
1.356525338E3,-5.485925820E1
1.357079756E3,-6.063430679E1
1.357627440E3,-6.198959211E1
1.358165873E3,-6.845624568E1
1.358705408E3,-6.557592981E1
1.359243048E3,-5.817129512E1
1.359785337E3,-4.142374188E1
1.360333594E3,-5.080132474E1
1.360866643E3,-4.614887464E1
1.361403716E3,-6.315423707E1
1.361953108E3,-6.785870706E1
1.362486782E3,-5.866830563E1
1.363046355E3,-5.510088938E1
1.363608951E3,-3.342261213E1
1.364161728E3,-2.827786332E1
1.364703607E3,-3.779366623E1
1.365244534E3,-2.330553634E1
1.365785663E3,-5.537529488E1
1.366330915E3,-5.264377719E1
1.366846648E3,-6.301575423E1
1.367424851E3,-4.003000148E1
1.367975984E3,-3.073310493E1
1.368526706E3,-2.629897615E1
1.369077572E3,-4.394089833E1
1.369626700E3,-4.965919497E1
1.370169530E3,-6.282591976E1
1.370723005E3,-7.055904873E1
1.371274333E3,-6.694230044E1
1.371815786E3,-4.924350539E1
1.372358324E3,-4.284649886E1
1.372912909E3,-7.379682448E1
1.373442076E3,-7.312232135E1
1.373967720E3,-7.366908570E1
1.374500598E3,-7.481222380E1
1.375016000E3,-7.208895336E1
1.375537093E3,-4.917732454E1
1.376061186E3,-7.392065478E1
1.376597008E3,-6.224257856E1
1.377120253E3,-7.441020052E1
1.377635478E3,-7.455846800E1
1.378152988E3,-4.683300399E1
1.378674863E3,-7.424948712E1
1.379204401E3,-4.343865040E1
1.379741971E3,-7.432834704E1
1.380283893E3,-5.280779627E1
1.380818705E3,-4.094348501E1
1.381343492E3,-6.670374300E1
1.381893443E3,-7.198547992E1
1.382446907E3,-7.429242693E1
1.382973461E3,-7.530835006E1
1.383524148E3,-7.365334513E1
1.384076956E3,-7.452064947E1
1.384629001E3,-7.393877375E1
1.385169347E3,-7.454894642E1
1.385701310E3,-7.482060215E1
1.386240891E3,-7.134672287E1
1.386783581E3,-7.412594587E1
1.387331844E3,-7.279425095E1
1.387879716E3,-7.447918487E1
1.388424843E3,-7.420847754E1
1.388974643E3,-4.809733096E1
1.389519334E3,-7.043367667E1
1.390069130E3,-5.414881122E1
1.390600940E3,-7.091751007E1
1.391149572E3,-7.047675894E1
1.391695764E3,-4.861824007E1
1.392234342E3,-6.909849135E1
1.392783209E3,-5.013613405E1
1.393306660E3,-5.804054643E1
1.393867521E3,-5.753384629E1
1.394416518E3,-6.656868304E1
1.394962946E3,-4.452717028E1
1.395491026E3,-7.416112471E1
1.396031802E3,-7.186640207E1
1.396579319E3,-7.372741347E1
1.397142161E3,-7.377000267E1
1.397682883E3,-5.236648263E1
1.398234760E3,-7.440415638E1
1.398795314E3,-7.449448019E1
1.399347945E3,-7.439501319E1
1.399904697E3,-7.429555244E1
1.400443217E3,-7.345733094E1
1.400988237E3,-7.496582850E1
1.401532011E3,-7.112417379E1
1.402078009E3,-7.346941500E1
1.402634400E3,-7.168003581E1
1.403176004E3,-4.502602202E1
1.403725835E3,-7.375221305E1
1.404267399E3,-7.472151311E1
1.404814518E3,-6.016335582E1
1.405365314E3,-7.435541454E1
1.405915186E3,-4.555253102E1
1.406467349E3,-7.357046058E1
1.407018307E3,-4.866753539E1
1.407564742E3,-7.131914299E1
1.408111431E3,-7.282876673E1
1.408636857E3,-6.922337665E1
1.409176943E3,-7.440109103E1
1.409709958E3,-7.149798272E1
1.410251020E3,-6.909871045E1
1.410803768E3,-6.702275662E1
1.411355538E3,-6.722242098E1
1.411897409E3,-7.396670383E1
1.412436249E3,-7.391463188E1
1.412979680E3,-7.433300656E1
1.413521444E3,-6.783766765E1
1.414053551E3,-7.346477194E1
1.414595811E3,-7.387768098E1
1.415119008E3,-7.409412005E1
1.415639811E3,-6.564808645E1
1.416193564E3,-7.480360690E1
1.416724023E3,-4.874845159E1
1.417271022E3,-7.487587327E1
1.417803996E3,-7.352715458E1
1.418357819E3,-7.399587187E1
1.418892733E3,-7.285496488E1
1.419442928E3,-7.308989689E1
1.419978243E3,-7.419787552E1
1.420520326E3,-7.349624705E1
1.421067623E3,-7.386604920E1
1.421604936E3,-7.328785403E1
1.422145463E3,-7.386477694E1
1.422695947E3,-5.749501333E1
1.423247662E3,-5.352296370E1
1.423789424E3,-4.592248922E1
1.424325222E3,-4.780947657E1
1.424869949E3,-6.045065454E1
1.425412965E3,-6.780277610E1
1.425943325E3,-7.323968832E1
1.426488095E3,-7.381102724E1
1.427030367E3,-7.330950190E1
1.427582870E3,-7.260287154E1
1.428131627E3,-7.411393495E1
1.428669016E3,-6.721979026E1
1.429213579E3,-7.336660393E1
1.429760489E3,-7.281746740E1
1.430313200E3,-7.129948158E1
1.430859442E3,-7.203223726E1
1.431414565E3,-7.131143185E1
1.431956344E3,-7.247207656E1
1.432510164E3,-6.719706893E1
1.433050758E3,-7.158814042E1
1.433587233E3,-7.006848851E1
1.434138787E3,-7.105656556E1
1.434695079E3,-7.275326712E1
1.435243970E3,-7.392393974E1
1.435791765E3,-7.334587175E1
1.436327627E3,-7.357825179E1
1.436870206E3,-7.100001756E1
1.437410877E3,-6.771896640E1
1.437950579E3,-7.097227026E1
1.438505773E3,-7.363481942E1
1.439056101E3,-7.092125880E1
1.439599755E3,-7.137977834E1
1.440152454E3,-6.773600368E1
1.440694220E3,-7.000160195E1
1.441246621E3,-7.004160674E1
1.441808250E3,-7.328602199E1
1.442347875E3,-7.352886337E1
1.442897249E3,-7.315025303E1
1.443455602E3,-7.289551267E1
1.444001437E3,-7.292892695E1
1.444530630E3,-7.415489078E1
1.445089304E3,-7.317875092E1
1.445634487E3,-7.387615844E1
1.446178560E3,-7.359175635E1
1.446723328E3,-7.420665695E1
1.447261229E3,-7.355228435E1
1.447785424E3,-7.423440379E1
1.448333694E3,-7.382621195E1
1.448878534E3,-7.359896827E1
1.449414679E3,-7.449561884E1
1.449960478E3,-7.448523973E1
1.450505893E3,-7.400794191E1
1.451051329E3,-7.499575325E1
1.451597160E3,-7.400366062E1
1.452118639E3,-7.341724250E1
1.452668567E3,-7.435137348E1
1.453219728E3,-7.213127979E1
1.453741273E3,-7.266468419E1
1.454294795E3,-7.136366899E1
1.454836398E3,-6.911300355E1
1.455380706E3,-7.176733047E1
1.455923528E3,-7.153891067E1
1.456470728E3,-7.026608955E1
1.457010402E3,-7.024671007E1
1.457566890E3,-6.780408711E1
1.458086234E3,-7.072927632E1
1.458623470E3,-7.393973387E1
1.459169398E3,-7.394119533E1
1.459722739E3,-7.381621817E1
1.460264446E3,-7.326710017E1
1.460818329E3,-7.320014210E1
1.461375655E3,-7.437106315E1
1.461916332E3,-7.304488515E1
1.462465819E3,-6.694484335E1
1.463008442E3,-7.411523887E1
1.463552418E3,-7.411415224E1
1.464094764E3,-7.436488902E1
1.464636653E3,-7.361253751E1
1.465174776E3,-7.357333748E1
1.465718477E3,-7.386018349E1
1.466257233E3,-7.389624113E1
1.466808360E3,-7.365455692E1
1.467343707E3,-7.334492511E1
1.467894953E3,-7.427187279E1
1.468448116E3,-7.463726410E1
1.468982349E3,-7.394771527E1
1.469515716E3,-7.464295449E1
1.470073367E3,-7.355950747E1
1.470623619E3,-7.399879101E1
1.471169516E3,-7.058864902E1
1.471720589E3,-7.427945069E1
1.472263446E3,-7.427904439E1
1.472812609E3,-7.473758744E1
1.473339259E3,-7.311264794E1
1.473877860E3,-7.444931820E1
1.474414580E3,-3.245715187E1
1.474945608E3,-3.424423368E1
1.475496118E3,-7.377675293E1
1.476032187E3,-3.788251652E1
1.476591132E3,-2.574710787E1
1.477132616E3,-3.365613153E1
1.477673034E3,-1.866763126E1
1.478190743E3,-5.286791305E1
1.478708362E3,-6.088385229E1
1.479233235E3,-7.413274937E1
1.479761865E3,-7.402361943E1
1.480277668E3,-7.457815430E1
1.480795890E3,-7.440736337E1
1.481311129E3,-7.485149612E1
1.481871584E3,-7.358436404E1
1.482430326E3,-7.423967923E1
1.482941175E3,-7.292406691E1
1.483456474E3,-7.359171782E1
1.484002358E3,-7.149960103E1
1.484552817E3,-7.097300817E1
1.485062870E3,-7.142222038E1
1.485585197E3,-5.205513434E1
1.486104450E3,-7.224620947E1
1.486649080E3,-5.058780727E1
1.487197120E3,-4.903936659E1
1.487756856E3,-7.258403967E1
1.488303638E3,-6.390850541E1
1.488841010E3,-7.189597767E1
1.489397937E3,-5.589321570E1
1.489939724E3,-7.331962439E1
1.490458697E3,-7.443989215E1
1.491009688E3,-7.443755054E1
1.491568207E3,-7.344911952E1
1.492126702E3,-7.361122125E1
1.492676265E3,-7.326202538E1
1.493229634E3,-7.400556760E1
1.493783151E3,-6.356730969E1
1.494327480E3,-7.333808628E1
1.494863923E3,-5.721815841E1
1.495423240E3,-7.151209179E1
1.495974532E3,-6.181283420E1
1.496528075E3,-6.105741253E1
1.497085679E3,-4.431014761E1
1.497627646E3,-5.551457407E0
1.498184519E3,-3.600007492E1
1.498742806E3,-5.691565714E1
1.499284846E3,-6.416275052E1
1.499845749E3,-4.540262575E1
1.500391469E3,-6.817086707E1
1.500919255E3,-7.256608017E1
1.501465789E3,-6.564309021E1
1.502013627E3,-7.211235314E1
1.502575394E3,-7.361215033E1
1.503130560E3,-6.285021934E1
1.503682318E3,-7.378758327E1
1.504233928E3,-7.347492571E1
1.504789763E3,-7.245673875E1
1.505321239E3,-5.074446347E1
1.505841593E3,-7.362222813E1
1.506389233E3,-6.508656202E1
1.506911704E3,-7.462165386E1
1.507474172E3,-7.411124141E1
1.508033744E3,-4.035634166E1
1.508584835E3,-5.115229498E1
1.509133885E3,-7.318050321E1
1.509679009E3,-7.363516970E1
1.510228847E3,-3.815640742E1
1.510785262E3,-4.018155422E1
1.511327982E3,-6.497869634E1
1.511872422E3,-3.982628297E1
1.512404536E3,-7.328340098E1
1.512951405E3,-6.877790354E1
1.513494290E3,-7.347875358E1
1.514043148E3,-7.506633601E1
1.514589541E3,-7.494336167E1
1.515128108E3,-7.507505706E1
1.515673864E3,-7.205498097E1
1.516215489E3,-7.342487464E1
1.516754381E3,-7.368417493E1
1.517303384E3,-7.237831582E1
1.517857434E3,-6.192999605E1
1.518411482E3,-6.975301771E1
1.518957435E3,-7.360279120E1
1.519498561E3,-7.473347557E1
1.520055197E3,-7.509587406E1
1.520609337E3,-7.455635029E1
1.521150459E3,-7.388031581E1
1.521699933E3,-7.377574776E1
1.522253440E3,-7.440596874E1
1.522785560E3,-7.137908374E1
1.523332179E3,-6.235872775E1
1.523876374E3,-5.991603595E1
1.524424243E3,-6.200771720E1
1.524975641E3,-7.074081365E1
1.525523657E3,-7.403820052E1
1.526073017E3,-6.821158161E1
1.526609340E3,-5.670188070E1
1.527157743E3,-6.270098989E1
1.527701186E3,-6.416079523E1
1.528236057E3,-7.357264685E1
1.528777203E3,-7.424841121E1
1.529332626E3,-7.418522251E1
1.529890243E3,-7.397414582E1
1.530432863E3,-6.806195273E1
1.530983358E3,-6.702777759E1
1.531529401E3,-7.305740605E1
1.532078515E3,-7.420217531E1
1.532631391E3,-7.406794038E1
1.533176002E3,-7.330470197E1
1.533701261E3,-7.406875745E1
1.534231990E3,-7.444401646E1
1.534780273E3,-7.407641963E1
1.535313090E3,-7.378790577E1
1.535846777E3,-7.432784484E1
1.536390913E3,-7.384569676E1
1.536908838E3,-7.391263993E1
1.537455459E3,-7.357111251E1
1.537998764E3,-7.153780592E1
1.538544070E3,-7.240462225E1
1.539072221E3,-7.253729906E1
1.539592070E3,-7.367261754E1
1.540140130E3,-7.323372274E1
1.540680341E3,-7.408945050E1
1.541227809E3,-7.495922406E1
1.541763908E3,-7.038547052E1
1.542287204E3,-7.440568986E1
1.542837471E3,-7.330300702E1
1.543392278E3,-6.610569986E1
1.543935665E3,-7.409152524E1
1.544465981E3,-7.099503452E1
1.545014434E3,-7.387389620E1
1.545564531E3,-7.557619756E1
1.546117405E3,-6.526744025E1
1.546658121E3,-7.426592799E1
1.547205772E3,-7.460176984E1
1.547757663E3,-7.434238643E1
1.548299412E3,-7.399384232E1
1.548848295E3,-7.371177736E1
1.549400629E3,-7.449718497E1
1.549934501E3,-7.392814312E1
1.550481199E3,-7.449538160E1
1.551032548E3,-7.427345043E1
1.551562820E3,-6.700269680E1
1.552106209E3,-7.425285109E1
1.552652416E3,-6.215599455E1
1.553189075E3,-6.062026582E1
1.553734516E3,-7.406708047E1
1.554286607E3,-7.475019805E1
1.554821099E3,-6.482663024E1
1.555343344E3,-7.506947574E1
1.555885663E3,-5.786708957E1
1.556438491E3,-7.138789028E1
1.556975393E3,-6.293176615E1
1.557514276E3,-2.783502990E1
1.558073817E3,-3.182028151E1
1.558615218E3,-3.179923463E1
1.559151106E3,-6.325945094E1
1.559682357E3,-5.380039710E1
1.560232064E3,-6.863472991E1
1.560763685E3,-7.081998109E1
1.561308254E3,-7.332368000E1
1.561841023E3,-5.227592353E1
1.562373944E3,-7.417666063E1
1.562907284E3,-7.182446458E1
1.563453759E3,-7.008236131E1
1.563997977E3,-7.486041509E1
1.564552557E3,-7.379876400E1
1.565092728E3,-7.363353530E1
1.565633317E3,-7.392972564E1
1.566169529E3,-7.382783913E1
1.566723220E3,-7.403939647E1
1.567263156E3,-7.363065715E1
1.567819358E3,-7.106745548E1
1.568363771E3,-7.252754651E1
1.568906667E3,-7.409070387E1
1.569456241E3,-5.903606054E1
1.570002987E3,-7.368937399E1
1.570563134E3,-7.441695199E1
1.571109467E3,-7.408733356E1
1.571630568E3,-7.434774891E1
1.572174610E3,-6.346042171E1
1.572715836E3,-7.408482913E1
1.573251153E3,-7.436102314E1
1.573796303E3,-7.445495546E1
1.574337005E3,-7.406338478E1
1.574889236E3,-7.464452557E1
1.575439041E3,-7.429509933E1
1.575984969E3,-7.282220954E1
1.576524884E3,-7.435440392E1
1.577053149E3,-7.181754408E1
1.577605415E3,-7.481503181E1
1.578148534E3,-7.374817647E1
1.578718290E3,-7.410321414E1
1.579256256E3,-7.129618681E1
1.579803501E3,-7.399807162E1
1.580350734E3,-7.482080670E1
1.580900920E3,-7.435518483E1
1.581438888E3,-7.381528497E1
1.581980581E3,-7.427002543E1
1.582531504E3,-7.467735326E1
1.583071139E3,-7.499644544E1
1.583617938E3,-7.469043502E1
1.584164339E3,-7.450911556E1
1.584726592E3,-7.343984437E1
1.585269945E3,-5.736583578E1
1.585812575E3,-7.400887503E1
1.586374003E3,-7.328868051E1
1.586913641E3,-7.379201982E1
1.587445758E3,-7.286786250E1
1.588002645E3,-7.465947920E1
1.588548537E3,-7.404157564E1
1.589091818E3,-7.348232179E1
1.589644404E3,-7.403397464E1
1.590173142E3,-7.407960901E1
1.590727246E3,-7.387389620E1
1.591267983E3,-7.484547458E1
1.591812850E3,-7.423601257E1
1.592398709E3,-7.428234099E1
1.592949963E3,-7.420474836E1
1.593490210E3,-7.404221678E1
1.594047282E3,-7.435261295E1
1.594590741E3,-7.469902897E1
1.595131421E3,-7.449894160E1
1.595666288E3,-7.464128584E1
1.596225732E3,-7.378834926E1
1.596765376E3,-7.401350116E1
1.597313949E3,-7.356367865E1
1.597876031E3,-7.511881739E1
1.598403462E3,-7.408495863E1
1.598944318E3,-7.408707441E1
1.599490984E3,-7.443741008E1
1.600037478E3,-7.424343855E1
1.600567626E3,-7.466046480E1
1.601113103E3,-7.446724182E1
1.601659047E3,-7.404136195E1
1.602205611E3,-7.511542288E1
1.602750656E3,-7.437840057E1
1.603301590E3,-7.479958473E1
1.603830175E3,-7.425913747E1
1.604396363E3,-7.391110509E1
1.604953948E3,-7.469972517E1
1.605497873E3,-7.479912675E1
1.606042216E3,-7.416490455E1
1.606579487E3,-7.368008309E1
1.607127905E3,-7.409355771E1
1.607686190E3,-7.387866885E1
1.608231662E3,-7.433762533E1
1.608775723E3,-7.186865602E1
1.609300391E3,-6.816016302E1
1.609849577E3,-7.407331869E1
1.610401394E3,-7.442758938E1
1.610947185E3,-7.479226276E1
1.611496955E3,-7.469982464E1
1.612046232E3,-7.446304831E1
1.612604036E3,-7.461852877E1
1.613160158E3,-7.506915083E1
1.613706269E3,-7.464138398E1
1.614267470E3,-7.499394343E1
1.614814790E3,-7.400128865E1
1.615372526E3,-7.298931901E1
1.615920982E3,-6.855965857E1
1.616460667E3,-7.204841273E1
1.616992108E3,-6.822110402E1
1.617534191E3,-6.556460201E1
1.618083403E3,-7.400658500E1
1.618636632E3,-7.454443338E1
1.619184863E3,-7.361648867E1
1.619735867E3,-7.360700418E1
1.620276450E3,-6.635856108E1
1.620847535E3,-7.394917942E1
1.621397662E3,-7.393072543E1
1.621940517E3,-7.370722412E1
1.622483413E3,-7.442609484E1
1.623028341E3,-7.371546305E1
1.623579260E3,-4.750869237E1
1.624136572E3,-7.421950623E1
1.624673917E3,-7.064705321E1
1.625223127E3,-7.226065010E1
1.625770948E3,-7.297084249E1
1.626304404E3,-6.672283005E1
1.626851563E3,-7.419845154E1
1.627403833E3,-7.442478754E1
1.627949857E3,-7.360028082E1
1.628506627E3,-7.408211043E1
1.629044817E3,-7.435454172E1
1.629579651E3,-7.457254813E1
1.630122749E3,-7.443698874E1
1.630649126E3,-7.337788754E1
1.631196161E3,-7.434092092E1
1.631741685E3,-7.418208708E1
1.632274518E3,-7.350371732E1
1.632823687E3,-7.324715685E1
1.633369453E3,-7.444654923E1
1.633915517E3,-7.311461542E1
1.634435246E3,-7.478865716E1
1.634977786E3,-7.370615578E1
1.635523318E3,-7.456241741E1
1.636049503E3,-7.464663759E1
1.636582842E3,-7.474044800E1
1.637129781E3,-7.426916960E1
1.637691046E3,-7.403448665E1
1.638246748E3,-7.494725603E1
1.638796651E3,-7.438912903E1
1.639345603E3,-7.473372618E1
1.639900159E3,-7.275196480E1
1.640442399E3,-7.450212434E1
1.640994650E3,-7.439482774E1
1.641525943E3,-7.363232936E1
1.642057674E3,-7.292261326E1
1.642609991E3,-7.492666609E1
1.643158327E3,-6.978850732E1
1.643696233E3,-7.441257398E1
1.644228782E3,-7.499910875E1
1.644787602E3,-3.942938465E1
1.645347595E3,-6.747020344E1
1.645886829E3,-7.028656391E1
1.646439355E3,-7.117445872E1
1.646994742E3,-7.375625339E1
1.647543598E3,-7.448017766E1
1.648094565E3,-7.289019804E1
1.648646412E3,-7.418946556E1
1.649200228E3,-6.385485789E1
1.649747385E3,-7.459763877E1
1.650291136E3,-7.480946861E1
1.650838473E3,-7.425361395E1
1.651384295E3,-7.439723920E1
1.651932961E3,-7.444565790E1
1.652464717E3,-7.524163771E1
1.653017278E3,-7.379868317E1
1.653553544E3,-7.431549080E1
1.654129334E3,-7.464958633E1
1.654659115E3,-7.283455692E1
1.655208662E3,-7.003190198E1
1.655744834E3,-7.444476676E1
1.656293926E3,-7.184052669E1
1.656833628E3,-7.453216624E1
1.657384873E3,-7.435886159E1
1.657929149E3,-7.420647937E1
1.658495626E3,-7.473387655E1
1.659035075E3,-7.404114827E1
1.659600320E3,-7.477214019E1
1.660135499E3,-7.439362251E1
1.660675236E3,-7.402664247E1
1.661204692E3,-7.322698581E1
1.661729506E3,-7.430953150E1
1.662249235E3,-7.452719260E1
1.662771787E3,-7.441168959E1
1.663312818E3,-7.452389592E1
1.663842851E3,-7.429632284E1
1.664386972E3,-7.437359985E1
1.664946223E3,-7.440387762E1
1.665497072E3,-7.457979886E1
1.666039347E3,-7.536919307E1
1.666584693E3,-7.463961784E1
1.667133302E3,-7.432716012E1
1.667668547E3,-7.423020589E1
1.668201116E3,-7.372634016E1
1.668731545E3,-7.412459516E1
1.669283723E3,-7.434032570E1
1.669829550E3,-7.454328186E1
1.670380885E3,-7.410447149E1
1.670922639E3,-7.407896232E1
1.671467424E3,-7.341502207E1
1.672014997E3,-7.376863782E1
1.672573106E3,-7.403209779E1
1.673120875E3,-7.411002552E1
1.673676670E3,-7.424415498E1
1.674202763E3,-7.363524755E1
1.674742256E3,-7.358317167E1
1.675281109E3,-7.455678338E1
1.675822197E3,-7.468825199E1
1.676369624E3,-7.372614143E1
1.676912946E3,-7.411067684E1
1.677454304E3,-7.271754752E1
1.678011094E3,-7.451163896E1
1.678534528E3,-7.408996909E1
1.679075937E3,-7.319845226E1
1.679623578E3,-7.370674927E1
1.680166749E3,-7.410408124E1
1.680697354E3,-7.415489078E1
1.681246164E3,-7.255501828E1
1.681794312E3,-7.308543639E1
1.682339009E3,-7.264669876E1
1.682896637E3,-5.340827559E1
1.683458930E3,-4.640579485E1
1.684007633E3,-7.265510754E1
1.684527884E3,-7.366116913E1
1.685074794E3,-7.363489726E1
1.685625022E3,-7.390095565E1
1.686174680E3,-7.238987102E1
1.686719971E3,-7.307765865E1
1.687302754E3,-7.320581489E1
1.687846583E3,-7.437733841E1
1.688379363E3,-7.327443692E1
1.688938740E3,-7.327121438E1
1.689484381E3,-7.267418841E1
1.690027149E3,-7.409879463E1
1.690562782E3,-7.482966280E1
1.691109453E3,-7.437780019E1
1.691645303E3,-7.453810381E1
1.692195565E3,-7.452322734E1
1.692730564E3,-7.419110202E1
1.693287595E3,-7.389400972E1
1.693833948E3,-7.425837364E1
1.694391332E3,-7.430140183E1
1.694941938E3,-7.386744501E1
1.695462891E3,-7.353368956E1
1.696004319E3,-7.293541548E1
1.696564135E3,-7.292492611E1
1.697088246E3,-7.491191409E1
1.697640692E3,-7.473693530E1
1.698177837E3,-7.301701321E1
1.698727709E3,-7.476597511E1
1.699288560E3,-7.451955195E1
1.699837323E3,-7.237994802E1
1.700382823E3,-7.401486023E1
1.700915604E3,-7.416961197E1
1.701465634E3,-7.370904484E1
1.702019009E3,-7.382930412E1
1.702545437E3,-7.424066350E1
1.703102974E3,-7.453484672E1
1.703644287E3,-7.480595063E1
1.704195284E3,-7.308454484E1
1.704730492E3,-7.388212818E1
1.705280536E3,-7.378709955E1
1.705826734E3,-7.396103630E1
1.706358393E3,-7.333499779E1
1.706895920E3,-7.439830623E1
1.707455814E3,-7.376254139E1
1.708004390E3,-7.302390527E1
1.708549710E3,-7.417661654E1
1.709095485E3,-7.451097226E1
1.709644751E3,-7.483838296E1
1.710185216E3,-7.407581649E1
1.710743260E3,-7.438824941E1
1.711283560E3,-7.405488805E1
1.711831875E3,-7.470086919E1
1.712370279E3,-7.459419112E1
1.712911084E3,-7.419760970E1
1.713457085E3,-7.329098108E1
1.714015481E3,-7.465612984E1
1.714571420E3,-7.386334096E1
1.715123459E3,-7.386855377E1
1.715677994E3,-7.299139918E1
1.716228587E3,-7.387574704E1
1.716788328E3,-7.417366355E1
1.717315918E3,-7.404379867E1
1.717868199E3,-7.456049042E1
1.718414170E3,-7.301110960E1
1.718961934E3,-6.984234026E1
1.719509092E3,-3.237918682E1
1.720049233E3,-3.450928109E1
1.720606530E3,-4.032589894E1
1.721145243E3,-5.522565291E1
1.721695518E3,-7.115097852E1
1.722243805E3,-7.437124758E1
1.722798624E3,-7.243814458E1
1.723343241E3,-3.264693473E1
1.723891078E3,-4.103520254E1
1.724440000E3,-3.280612791E1
1.724982579E3,-5.112341825E1
1.725527099E3,-3.754600851E1
1.726082997E3,-3.502819099E1
1.726648740E3,-3.431275606E1
1.727185443E3,-2.638654064E1
1.727715767E3,-2.404083055E1
1.728263043E3,-2.881459823E1
1.728825406E3,-5.518158067E1
1.729360462E3,-6.967428900E1
1.729871569E3,-6.689373022E1
1.730391782E3,-6.920964338E1
1.730948526E3,-7.380539723E1
1.731498913E3,-4.025019497E1
1.732044155E3,-3.340838194E1
1.732585412E3,-1.348309790E1
1.733130449E3,-4.408894126E1
1.733667173E3,-5.652113958E1
1.734205206E3,-6.548453290E1
1.734756658E3,-5.558211056E1
1.735303872E3,-6.563229498E1
1.735848914E3,-4.952167099E1
1.736404906E3,-4.672578655E1
1.736961920E3,-4.676214796E1
1.737509095E3,-4.981545731E1
1.738054338E3,-4.563868450E1
1.738586805E3,-4.644977232E1
1.739109235E3,-4.393084262E1
1.739654546E3,-4.666759773E1
1.740196103E3,-4.738546767E1
1.740729711E3,-4.374272305E1
1.741281689E3,-6.224411532E1
1.741813105E3,-4.210523830E1
1.742365901E3,-5.133837775E1
1.742906835E3,-4.332726542E1
1.743449735E3,-5.120179040E1
1.744003723E3,-4.680081512E1
1.744567347E3,-5.460574424E1
1.745128103E3,-5.840615573E1
1.745686369E3,-4.174977740E1
1.746233105E3,-5.489583456E1
1.746787996E3,-4.574245036E1
1.747336205E3,-5.290427831E1
1.747884362E3,-6.136772652E1
1.748444642E3,-4.344081692E1
1.748997136E3,-5.444092942E1
1.749547399E3,-6.751460131E1
1.750091869E3,-5.053654785E1
1.750642331E3,-5.550279009E1
1.751193949E3,-4.186272004E1
1.751751360E3,-6.093208370E1
1.752300239E3,-6.115669810E1
1.752835466E3,-7.219707609E1
1.753371052E3,-7.428948466E1
1.753914636E3,-7.471876490E1
1.754459230E3,-6.783277411E1
1.755010712E3,-6.519984170E1
1.755545257E3,-4.392847244E1
1.756069008E3,-5.129060028E1
1.756592092E3,-5.182075459E1
1.757113155E3,-4.895276052E1
1.757639155E3,-5.070348750E1
1.758165811E3,-4.121948581E1
1.758688642E3,-4.964525905E1
1.759210629E3,-4.424493243E1
1.759727556E3,-5.216368776E1
1.760249522E3,-5.305719752E1
1.760778318E3,-6.336599662E1
1.761300546E3,-5.882120536E1
1.761822652E3,-5.584623277E1
1.762350669E3,-5.380559760E1
1.762871531E3,-5.128785562E1
1.763390660E3,-5.302517677E1
1.763910794E3,-3.992967894E1
1.764433571E3,-6.839819310E1
1.764963778E3,-5.996619429E1
1.765489943E3,-7.368441112E1
1.766032038E3,-6.852486529E1
1.766582473E3,-6.074494900E1
1.767129428E3,-5.656435343E1
1.767663432E3,-7.082678499E1
1.768204211E3,-6.904715681E1
1.768729809E3,-7.305853061E1
1.769274425E3,-7.415660202E1
1.769817049E3,-7.499676495E1
1.770354620E3,-7.206722492E1
1.770903043E3,-7.255720411E1
1.771436269E3,-7.265784157E1
1.771967754E3,-7.235486246E1
1.772515776E3,-7.377385867E1
1.773070860E3,-7.488972373E1
1.773624918E3,-7.429057080E1
1.774173091E3,-7.468949222E1
1.774730415E3,-7.436991059E1
1.775275941E3,-7.407082233E1
1.775826614E3,-7.407142477E1
1.776388456E3,-7.316255822E1
1.776925506E3,-7.494741398E1
1.777472076E3,-7.486687085E1
1.778014317E3,-7.476269400E1
1.778571270E3,-7.484938505E1
1.779126862E3,-7.423882937E1
1.779671811E3,-7.496773244E1
1.780214168E3,-7.502063483E1
1.780765599E3,-7.533331007E1
1.781308216E3,-7.423686188E1
1.781845615E3,-7.449780208E1
1.782393835E3,-7.441345854E1
1.782945405E3,-7.499165561E1
1.783495862E3,-7.543502221E1
1.784046685E3,-7.505720042E1
1.784599250E3,-6.908845175E1
1.785156109E3,-7.462365705E1
1.785700913E3,-7.464594984E1
1.786257005E3,-7.356961705E1
1.786810517E3,-7.519428727E1
1.787358587E3,-7.460906956E1
1.787892943E3,-7.450692662E1
1.788459008E3,-7.431881519E1
1.789015671E3,-7.289502030E1
1.789567435E3,-7.293591245E1
1.790108000E3,-7.381719216E1
1.790657550E3,-7.443825289E1
1.791197737E3,-7.222441314E1
1.791748542E3,-7.417886569E1
1.792293118E3,-7.454481728E1
1.792840103E3,-7.466233806E1
1.793385363E3,-7.461569860E1
1.793936761E3,-7.416288237E1
1.794487717E3,-7.431631028E1
1.795038173E3,-7.460415307E1
1.795574433E3,-7.379060770E1
1.796122816E3,-7.474175344E1
1.796668556E3,-7.348807466E1
1.797220137E3,-7.413759682E1
1.797753056E3,-6.929483625E1
1.798281750E3,-7.470539845E1
1.798806768E3,-7.436553367E1
1.799355316E3,-7.437498413E1
1.799884990E3,-7.412363684E1
1.800423083E3,-7.177970261E1
1.800964292E3,-7.222033672E1
1.801507261E3,-7.450022392E1
1.802050346E3,-7.454299403E1
1.802609041E3,-7.525393780E1
1.803155127E3,-7.385203387E1
1.803684307E3,-7.417551444E1
1.804205982E3,-7.088358583E1
1.804755997E3,-7.278576072E1
1.805303911E3,-4.953057997E1
1.805852424E3,-6.910327310E1
1.806407991E3,-7.358094166E1
1.806967614E3,-7.471976405E1
1.807510711E3,-7.454313794E1
1.808057825E3,-7.281414776E1
1.808594822E3,-7.510023488E1
1.809144864E3,-7.477072448E1
1.809681332E3,-7.465194676E1
1.810242175E3,-7.496953138E1
1.810772865E3,-7.478500383E1
1.811321943E3,-7.489570292E1
1.811857654E3,-7.461745504E1
1.812407379E3,-7.453891846E1
1.812951329E3,-7.497117223E1
1.813491692E3,-7.430562372E1
1.814018178E3,-7.179916866E1
1.814539535E3,-6.971257577E1
1.815104276E3,-7.224564415E1
1.815650707E3,-7.430203712E1
1.816195512E3,-7.282879906E1
1.816750899E3,-7.438214327E1
1.817298887E3,-7.337378102E1
1.817834333E3,-7.449405328E1
1.818377056E3,-3.935765705E1
1.818943382E3,-4.736248768E1
1.819478602E3,-6.711711368E1
1.820019642E3,-6.349186142E1
1.820565204E3,-7.189626453E1
1.821102807E3,-6.715008208E1
1.821654591E3,-7.200963882E1
1.822202893E3,-7.288515187E1
1.822767260E3,-7.473477891E1
1.823317880E3,-7.428939416E1
1.823870424E3,-7.351532549E1
1.824418888E3,-7.261236432E1
1.824964793E3,-7.391293037E1
1.825513671E3,-7.386658284E1
1.826056926E3,-7.404918997E1
1.826599071E3,-6.950455279E1
1.827146811E3,-7.377434092E1
1.827697619E3,-7.462977005E1
1.828237101E3,-7.450283722E1
1.828791387E3,-7.416253078E1
1.829343345E3,-7.496974307E1
1.829891837E3,-6.982461304E1
1.830413291E3,-7.345781664E1
1.830967353E3,-7.176869779E1
1.831505572E3,-7.401243969E1
1.832049028E3,-6.569443864E1
1.832586146E3,-7.357959651E1
1.833140381E3,-6.796919670E1
1.833684905E3,-6.739890120E1
1.834230615E3,-7.394366006E1
1.834775688E3,-7.398704178E1
1.835339097E3,-7.431503560E1
1.835885252E3,-7.399113772E1
1.836418998E3,-7.426709829E1
1.836954372E3,-6.978945448E1
1.837505237E3,-7.459409405E1
1.838034589E3,-4.646067407E1
1.838578724E3,-3.495132521E1
1.839121514E3,-2.930741870E1
1.839661936E3,-4.210552444E1
1.840207699E3,-5.951697965E1
1.840757311E3,-4.932185181E1
1.841289658E3,-7.170941413E1
