Time (s),Sound pressure level (dB)
0.0,-72.01522139
1.0,-65.619969485
2.0,-56.89499083
3.0,-53.122587095
4.0,-53.378346375
5.0,-69.47003957000001
6.0,-74.154418045
7.0,-72.86052584999999
8.0,-72.271746965
9.0,-67.99812221
10.0,-71.11658017
11.0,-73.86312318
12.0,-71.670201495
13.0,-74.46717165
14.0,-75.17523734
15.0,-74.262405395
16.0,-76.26936412500001
17.0,-74.93544385999999
18.0,-73.382431215
19.0,-73.13376473
20.0,-75.84615136
21.0,-73.759302515
22.0,-73.65783252
23.0,-73.021134125
24.0,-72.999430695
25.0,-74.37309781
26.0,-73.081572755
27.0,-73.034201015
28.0,-74.44611524
29.0,-72.932773225
30.0,-76.34629363
31.0,-75.299112995
32.0,-75.81079691
33.0,-74.338329665
34.0,-72.54923199000001
35.0,-76.26859053999999
36.0,-74.289550295
37.0,-74.77200109500001
38.0,-73.994055865
39.0,-77.32213124
40.0,-76.84825289
41.0,-74.383679115
42.0,-75.73445698500001
43.0,-74.93091344999999
44.0,-75.03325825499999
45.0,-74.09982543
46.0,-74.89084969
47.0,-70.43150824
48.0,-74.02353836500001
49.0,-72.232706165
50.0,-76.7017075
51.0,-73.02515649
52.0,-76.49918013
53.0,-71.812623205
54.0,-72.24519876
55.0,-71.08449124
56.0,-73.27593369499999
57.0,-74.40266895
58.0,-74.49587180500001
59.0,-73.839328225
60.0,-75.04074455
61.0,-73.61567940500001
62.0,-73.458948515
63.0,-76.89691344
64.0,-76.16466249499999
65.0,-75.06821393
66.0,-74.336469725
67.0,-73.13057413
68.0,-75.35523144999999
69.0,-75.43191361
70.0,-73.768755165
71.0,-74.78522672
72.0,-73.55100896
73.0,-74.00277051
74.0,-72.57890297
75.0,-72.66839599
76.0,-72.1781728
77.0,-73.121960495
78.0,-74.86866959
79.0,-75.149807055
80.0,-73.45453184
81.0,-73.1826687
82.0,-72.99264791499999
83.0,-72.30920787
84.0,-75.23473799
85.0,-74.101637675
86.0,-72.12193651499999
87.0,-73.66664588500001
88.0,-71.632374555
89.0,-69.74565988500001
90.0,-65.886775335
91.0,-67.62856473
92.0,-66.390178675
93.0,-69.62153919
94.0,-70.10411716
95.0,-69.12386903
96.0,-72.512633025
97.0,-69.38956334
98.0,-72.38109424999999
99.0,-71.383126585
100.0,-74.901278385
101.0,-72.28668902
102.0,-72.90591456499999
103.0,-73.9093071
104.0,-73.35967452
105.0,-75.94556244500001
106.0,-73.758911635
107.0,-71.12431867000001
108.0,-74.47463759
109.0,-72.937735775
110.0,-71.88299537
111.0,-77.38336587
112.0,-73.67352514000001
113.0,-72.61945764
114.0,-69.99445518499999
115.0,-71.18456216
116.0,-70.94039775499999
117.0,-69.83646866500001
118.0,-73.485016595
119.0,-71.660990965
120.0,-69.467098905
121.0,-70.20610828
122.0,-71.16621804
123.0,-74.47144713
124.0,-73.2832147
125.0,-73.86376939499999
126.0,-73.82647126500001
127.0,-73.66396639499999
128.0,-72.424727975
129.0,-69.78624092000001
130.0,-70.032145095
131.0,-71.03915875499999
132.0,-71.48425258
133.0,-72.26124571
134.0,-73.62760884
135.0,-72.73608755000001
136.0,-72.423404645
137.0,-75.93404201
138.0,-72.47261365
139.0,-74.549799995
140.0,-71.63466525999999
141.0,-73.95347373499999
142.0,-71.42651875499999
143.0,-74.98859771
144.0,-73.506953235
145.0,-74.417210635
146.0,-74.21388759999999
147.0,-74.3073263
148.0,-74.72201796499999
149.0,-75.28625203
150.0,-73.58842173
151.0,-74.09065723
152.0,-74.93039427
153.0,-61.82997064
154.0,-72.468256635
155.0,-71.58147948499999
156.0,-73.515594575
157.0,-74.80738303499999
158.0,-74.41446071499999
159.0,-74.36098882499999
160.0,-73.97732359
161.0,-73.29222211999999
162.0,-72.02864542500001
163.0,-75.52698999
164.0,-75.80068751499999
165.0,-72.50925494500001
166.0,-71.79002529499999
167.0,-74.132614355
168.0,-71.82703652
169.0,-71.426456675
170.0,-74.81622149
171.0,-72.03755594
172.0,-72.57365511500001
173.0,-73.05908056999999
174.0,-68.17986709
175.0,-69.02153461500001
176.0,-69.20147989
177.0,-69.898290575
178.0,-69.353771145
179.0,-69.90491940999999
180.0,-71.31378143
181.0,-61.266002415
182.0,-63.72703275
183.0,-74.85141082000001
184.0,-75.716211035
185.0,-75.55457706
186.0,-75.79689543
187.0,-75.145485185
188.0,-76.670642375
189.0,-76.56872025999999
190.0,-75.44658279000001
191.0,-74.11074821
192.0,-73.50351251500001
193.0,-73.76341056
194.0,-78.209698855
195.0,-75.87986451500001
196.0,-77.38280161
197.0,-74.5537346
198.0,-75.143674515
199.0,-74.34901225499999
200.0,-74.102840395
201.0,-73.545671335
202.0,-73.664468545
203.0,-76.24513984000001
204.0,-72.67756108
205.0,-68.705957375
206.0,-63.78218418
207.0,-71.855821065
208.0,-72.742137895
209.0,-74.26532877
210.0,-68.47797944000001
211.0,-68.12593788
212.0,-61.491143969999996
213.0,-73.50331699
214.0,-73.754671085
215.0,-73.924902495
216.0,-76.69430217499999
217.0,-76.225683405
218.0,-76.29698747
219.0,-74.080096045
220.0,-74.12307179999999
221.0,-73.44093949
222.0,-77.628906765
223.0,-77.821331195
224.0,-72.631178545
225.0,-74.973642845
226.0,-72.6409416
227.0,-74.57781990000001
228.0,-70.61441383
229.0,-73.837435805
230.0,-75.195463855
231.0,-74.30978751
232.0,-75.242920895
233.0,-73.53874745499999
234.0,-74.22451118000001
235.0,-74.50968641
236.0,-70.383479185
237.0,-63.79538112
238.0,-67.392045105
239.0,-73.736109925
240.0,-71.082157895
241.0,-75.21359325
242.0,-72.68413573999999
243.0,-68.823361605
244.0,-73.58373682499999
245.0,-75.173169805
246.0,-73.48803176999999
247.0,-74.344114485
248.0,-75.44684774
249.0,-75.98567639999999
250.0,-74.85856101499999
251.0,-76.157868385
252.0,-76.50217979
253.0,-75.42984538
254.0,-73.882402375
255.0,-76.13128983
256.0,-74.47193104
257.0,-75.110664655
258.0,-75.99041753
259.0,-74.81698496
260.0,-72.37304026
261.0,-71.536085935
262.0,-73.928312115
263.0,-74.71952603
264.0,-73.93975602
265.0,-72.50534765500001
266.0,-75.506787455
267.0,-74.52050526
268.0,-74.10937478
269.0,-74.48125959500001
270.0,-73.7077188
271.0,-75.941526455
272.0,-75.04082939
273.0,-74.64768294999999
274.0,-69.909828835
275.0,-72.15980347
276.0,-73.487877095
277.0,-73.28516066
278.0,-76.74570814
279.0,-74.86142509
280.0,-75.99227994
281.0,-75.260080945
282.0,-74.04892034
283.0,-73.5650986
284.0,-75.24371862000001
285.0,-74.21253032
286.0,-76.33798472000001
287.0,-75.790176055
288.0,-75.330838515
289.0,-75.702973415
290.0,-74.59364828
291.0,-74.94908525
292.0,-76.20567787499999
293.0,-74.93936213
294.0,-73.295445335
295.0,-76.267191255
296.0,-77.062578615
297.0,-68.0097279
298.0,-73.54444746499999
299.0,-74.02932242
300.0,-73.76111841
301.0,-70.64230523
302.0,-75.939274905
303.0,-76.25485981
304.0,-72.70948464
305.0,-72.491118545
306.0,-72.27066416
307.0,-74.42123752
308.0,-76.17885233999999
309.0,-74.90956331999999
310.0,-72.865774455
311.0,-69.20191972500001
312.0,-77.024855635
313.0,-77.632136835
314.0,-74.9330809
315.0,-75.72681346
316.0,-76.24837424500001
317.0,-74.04774635499999
318.0,-71.906276935
319.0,-75.19183820500001
320.0,-72.603371325
321.0,-75.47230139000001
322.0,-77.84274235999999
323.0,-75.52827923999999
324.0,-74.6369391
325.0,-74.58396504000001
326.0,-74.65485916
327.0,-75.97717016499999
328.0,-75.546089005
329.0,-76.9109156
330.0,-75.50668858
331.0,-73.395292075
332.0,-70.164701635
333.0,-71.6991998
334.0,-67.66876638000001
335.0,-74.07463340000001
336.0,-74.06927425
337.0,-73.76184597
338.0,-73.01897479499999
339.0,-65.656327875
340.0,-66.840802365
341.0,-71.57052723000001
342.0,-68.93508376
343.0,-61.342081675
344.0,-69.53824204
345.0,-72.04725067999999
346.0,-74.24157085499999
347.0,-71.90813727
348.0,-73.11681591499999
349.0,-75.73371596999999
350.0,-71.935607575
351.0,-73.99283541
352.0,-72.15457537
353.0,-72.97952144
354.0,-74.2630855
355.0,-73.44477775
356.0,-73.64084425499999
357.0,-73.37225701
358.0,-71.817483055
359.0,-72.20368262
360.0,-72.3570841
361.0,-69.315270425
362.0,-68.27955704499999
363.0,-70.98695271
364.0,-75.12660764
365.0,-72.94568910500001
366.0,-74.737137005
367.0,-71.265451195
368.0,-76.33082501
369.0,-74.62945786
370.0,-72.431072775
371.0,-74.689650695
372.0,-72.88020111
373.0,-73.26828675499999
374.0,-71.51201396
375.0,-73.71976874
376.0,-75.07140139
377.0,-75.21053762
378.0,-73.6412483
379.0,-67.77522629
380.0,-70.02364449000001
381.0,-70.5975562
382.0,-68.37889273
383.0,-74.288750835
384.0,-70.760241095
385.0,-76.225695265
386.0,-73.81983106
387.0,-71.50739164000001
388.0,-78.42688344
389.0,-78.162943035
390.0,-75.18328532000001
391.0,-75.832761715
392.0,-75.83464665
393.0,-76.28930403499999
394.0,-76.85435896999999
395.0,-75.619874555
396.0,-78.18607491
397.0,-74.460304165
398.0,-75.82084005499999
399.0,-76.88662773499999
400.0,-75.44215442
401.0,-73.66727467000001
402.0,-70.5526726
403.0,-74.95085864
404.0,-75.48153862000001
405.0,-74.63531918999999
406.0,-72.31900799499999
407.0,-72.600095365
408.0,-74.64628278500001
409.0,-75.413481045
410.0,-77.256420445
411.0,-69.193390205
412.0,-75.30770009
413.0,-73.530108755
414.0,-75.574123335
415.0,-73.09331375
416.0,-74.62890972
417.0,-76.60737859
418.0,-72.99750610000001
419.0,-76.06425984500001
420.0,-77.68262826
421.0,-77.37674742499999
422.0,-74.382046065
423.0,-75.17354040000001
424.0,-76.807151605
425.0,-78.276401775
426.0,-74.39148607
427.0,-74.40517688
428.0,-70.633356445
429.0,-74.372052635
430.0,-77.149026545
431.0,-76.14644158499999
432.0,-73.52674886
433.0,-72.85625743
434.0,-74.01600229499999
435.0,-74.579578525
436.0,-76.963060075
437.0,-76.43711741999999
438.0,-76.50709341000001
439.0,-74.61900829
440.0,-73.70668497
441.0,-75.773008385
442.0,-75.64742439
443.0,-74.91569297000001
444.0,-74.266603325
445.0,-70.455674365
446.0,-74.75392107
447.0,-74.31103205
448.0,-69.815837495
449.0,-72.38347328500001
450.0,-72.19964092999999
451.0,-72.522568285
452.0,-72.65931982500001
453.0,-72.58651864999999
454.0,-75.812428165
455.0,-73.05635154
456.0,-70.39344798
457.0,-64.341722485
458.0,-63.42342233
459.0,-69.240895565
460.0,-58.50670865
461.0,-66.07306456
462.0,-69.24668385999999
463.0,-56.05866075
464.0,-61.254224545
465.0,-69.0948841
466.0,-66.98501802999999
467.0,-75.48299166499999
468.0,-71.87277417499999
469.0,-75.09866317500001
470.0,-74.18316629
471.0,-76.49660875000001
472.0,-65.152517375
473.0,-73.8792569
474.0,-75.799317585
475.0,-72.097757925
476.0,-72.22840982
477.0,-65.13416891
478.0,-70.4319705
479.0,-72.278066335
480.0,-75.91913202
481.0,-72.51663731
482.0,-77.026902495
483.0,-72.72419004
484.0,-74.58946527500001
485.0,-77.781110625
486.0,-77.28738677999999
487.0,-75.84514036499999
488.0,-68.63816854000001
489.0,-75.508882355
490.0,-76.94649186999999
491.0,-76.93670462
492.0,-75.65303299499999
493.0,-74.764859315
494.0,-76.421773195
495.0,-76.90765842
496.0,-72.44179199
497.0,-73.929298825
498.0,-70.711413825
499.0,-76.005870285
500.0,-77.093132835
501.0,-74.99236229
502.0,-74.5904075
503.0,-74.98611701
504.0,-74.109898105
505.0,-72.48741159
506.0,-74.295958585
507.0,-77.392345765
508.0,-75.92685686499999
509.0,-74.853545485
510.0,-72.908757655
511.0,-71.87657412499999
512.0,-75.73313356
513.0,-75.83087713500001
514.0,-76.918995155
515.0,-75.45771723499999
516.0,-73.67359272499999
517.0,-66.78493437
518.0,-75.112761485
519.0,-75.844529085
520.0,-75.7974669
521.0,-61.504259025
522.0,-57.048368194999995
523.0,-52.586331630000004
524.0,-55.66466632
525.0,-64.148606925
526.0,-59.524577205
527.0,-66.02201316
528.0,-72.01980591
529.0,-65.08438101499999
530.0,-73.24790908
531.0,-70.78370186000001
532.0,-74.28052011
533.0,-75.91161475
534.0,-75.627728535
535.0,-76.68650152
536.0,-74.93992409
537.0,-78.02442500000001
538.0,-76.90125238
539.0,-76.237907065
540.0,-74.08751194
541.0,-76.289597105
542.0,-76.815253315
543.0,-77.61667183
544.0,-75.82829228
545.0,-76.010366515
546.0,-75.080673305
547.0,-76.164958405
548.0,-76.448203685
549.0,-76.71861358
550.0,-78.814652745
551.0,-76.33181847
552.0,-78.34564293
553.0,-78.32787934
554.0,-77.21326796
555.0,-75.24438879499999
556.0,-73.755975025
557.0,-73.24287223
558.0,-74.567833895
559.0,-75.315378605
560.0,-77.1885099
561.0,-74.59032342500001
562.0,-76.20473032999999
563.0,-74.2808466
564.0,-76.20134048
565.0,-73.642170465
566.0,-75.35375984000001
567.0,-73.411585575
568.0,-74.071181805
569.0,-64.82202042
570.0,-68.32767791500001
571.0,-74.45320993
572.0,-74.254263855
573.0,-76.07852348
574.0,-68.71543162
575.0,-75.94026013499999
576.0,-72.69582259
577.0,-73.99306069
578.0,-76.49434728
579.0,-73.938580015
580.0,-76.32892742
581.0,-73.42888267000001
582.0,-75.41568914
583.0,-65.27692801
584.0,-63.86439483
585.0,-73.026292415
586.0,-74.83831881
587.0,-76.12086041
588.0,-77.10125832
589.0,-74.58261849
590.0,-74.3399672
591.0,-71.858281065
592.0,-78.80770872
593.0,-74.12520638000001
594.0,-75.73722615
595.0,-77.130302565
596.0,-76.85652507500001
597.0,-73.99436722
598.0,-73.66181318
599.0,-75.04999214
600.0,-72.51245065
601.0,-75.5089569
602.0,-74.757212855
603.0,-75.21066407999999
604.0,-76.04438296000001
605.0,-76.51652734000001
606.0,-73.00170699
607.0,-73.32770651000001
608.0,-73.7913545
609.0,-73.77179953000001
610.0,-61.095470665
611.0,-70.67495536999999
612.0,-72.820005565
613.0,-72.87649026
614.0,-75.63080063000001
615.0,-72.61008666500001
616.0,-76.12910227500001
617.0,-75.56347622999999
618.0,-76.688232905
619.0,-78.54972286
620.0,-75.92653387499999
621.0,-73.28458779
622.0,-75.776221305
623.0,-73.654044285
624.0,-74.70925641
625.0,-75.500576095
626.0,-74.275933365
627.0,-74.73388216000001
628.0,-74.6605247
629.0,-74.05398672000001
630.0,-76.10822032
631.0,-78.26859024000001
632.0,-73.95133236000001
633.0,-73.971533175
634.0,-76.12067461000001
635.0,-73.644857885
636.0,-75.73578125
637.0,-73.093468235
638.0,-73.87375093
639.0,-75.89896236999999
640.0,-74.61097006
641.0,-72.72749864
642.0,-75.033063485
643.0,-76.151059285
644.0,-73.50824286
645.0,-73.434685615
646.0,-76.08532389
647.0,-74.771763595
648.0,-74.327310955
649.0,-73.97603835999999
650.0,-74.37660592
651.0,-79.66860845
652.0,-74.49732313
653.0,-76.02282496500001
654.0,-74.788568175
655.0,-75.127454395
656.0,-74.17397972
657.0,-73.93634650499999
658.0,-74.42656916
659.0,-74.10781180000001
660.0,-75.558131575
661.0,-73.554122415
662.0,-73.2184673
663.0,-74.423727735
664.0,-70.66181764999999
665.0,-72.32128782
666.0,-75.12235202
667.0,-72.0268345
668.0,-73.12761546499999
669.0,-72.40595297
670.0,-73.47243216
671.0,-71.910958145
672.0,-70.046968025
673.0,-69.978650165
674.0,-72.63612798
675.0,-76.39023072500001
676.0,-74.87308709999999
677.0,-74.66538919999999
678.0,-74.02432114000001
679.0,-74.96916897
680.0,-74.86138771
681.0,-73.466009375
682.0,-74.601998495
683.0,-74.032658875
684.0,-70.3687217
685.0,-75.848073155
686.0,-74.159186155
687.0,-71.75994431000001
688.0,-74.513098295
689.0,-74.11477185
690.0,-72.56234787
691.0,-73.457893645
692.0,-75.5161339
693.0,-75.389051615
694.0,-78.71822966
695.0,-74.28890842999999
696.0,-71.911149265
697.0,-74.28014590999999
698.0,-74.226086395
699.0,-74.221672065
700.0,-73.717211305
701.0,-71.811785225
702.0,-70.06895151
703.0,-72.28836554
704.0,-73.84403176500001
705.0,-73.59640376499999
706.0,-72.241998235
707.0,-73.51932723
708.0,-71.598255185
709.0,-72.22383278
710.0,-67.53516235500001
711.0,-71.63384872
712.0,-70.60681998
713.0,-72.43036986
714.0,-72.79917539
715.0,-73.18338765
716.0,-72.97234393
717.0,-76.50978201000001
718.0,-71.410448075
719.0,-73.96130522499999
720.0,-74.48903099500001
721.0,-74.121748495
722.0,-74.222717815
723.0,-69.24572445000001
724.0,-71.01300298
725.0,-74.549160075
726.0,-73.6265671
727.0,-73.77004302
728.0,-71.87403736499999
729.0,-70.52645709000001
730.0,-67.578060945
731.0,-64.36637661500001
732.0,-69.9982454
733.0,-68.560161265
734.0,-72.218782475
735.0,-71.55510679
736.0,-71.745154835
737.0,-74.637526315
738.0,-71.431580115
739.0,-72.3863997
740.0,-72.933629045
741.0,-73.76969244
742.0,-76.230322125
743.0,-76.326546135
744.0,-76.3831974
745.0,-76.174363365
746.0,-75.171585365
747.0,-75.822908185
748.0,-74.644501875
749.0,-74.49335319
750.0,-75.39400308
751.0,-74.70343683499999
752.0,-78.07061953499999
753.0,-75.78904994
754.0,-76.91758177
755.0,-75.43573187999999
756.0,-75.144373245
757.0,-75.34532835
758.0,-76.571899635
759.0,-72.42743530999999
760.0,-77.491255715
761.0,-75.22267271999999
762.0,-75.142989305
763.0,-74.04860851500001
764.0,-75.843436825
765.0,-72.69927773500001
766.0,-74.146137865
767.0,-76.175310015
768.0,-74.30078089
769.0,-75.40773999999999
770.0,-75.236060305
771.0,-76.213253345
772.0,-77.59592461
773.0,-74.802388995
774.0,-75.41662755499999
775.0,-75.581578495
776.0,-75.48312381
777.0,-75.05765626
778.0,-78.24453384
779.0,-75.281223305
780.0,-76.45135539
781.0,-78.34247955000001
782.0,-78.72236942500001
783.0,-76.21933459
784.0,-75.685789125
785.0,-75.01856998
786.0,-74.200218935
787.0,-76.32549267499999
788.0,-74.44984923
789.0,-74.335991205
790.0,-75.48096332
791.0,-75.155420625
792.0,-75.14181703
793.0,-76.49337041999999
794.0,-77.33055467
795.0,-74.51906034000001
796.0,-75.38978235
797.0,-71.5469723
798.0,-74.074740305
799.0,-75.63107769999999
800.0,-73.51476665999999
801.0,-74.212250535
802.0,-74.274874575
803.0,-74.28143399000001
804.0,-72.49624062000001
805.0,-75.16904677
806.0,-74.846659815
807.0,-73.953862775
808.0,-74.141967475
809.0,-75.81702633500001
810.0,-75.38153026
811.0,-75.93150804
812.0,-77.165753535
813.0,-76.253410805
814.0,-74.22562168
815.0,-75.709441505
816.0,-75.0203226
817.0,-70.57768346
818.0,-76.03253783
819.0,-75.125398705
820.0,-76.19130882
821.0,-74.488773075
822.0,-76.245942335
823.0,-73.16697220500001
824.0,-72.64608382
825.0,-71.55482208500001
826.0,-72.76737723
827.0,-72.88474260500001
828.0,-74.58794479
829.0,-72.76835095999999
830.0,-71.04579491000001
831.0,-69.806132925
832.0,-73.619300495
833.0,-76.29854094
834.0,-70.74895908
835.0,-72.447321475
836.0,-76.17809438500001
837.0,-71.438611735
838.0,-72.190301995
839.0,-75.6935833
840.0,-73.36776426
841.0,-74.86782109
842.0,-74.093793765
843.0,-70.97525346
844.0,-76.078731715
845.0,-74.98802247
846.0,-74.96418193
847.0,-71.293876685
848.0,-73.36602071
849.0,-73.63465434
850.0,-75.640715075
851.0,-71.70517648
852.0,-67.13005755
853.0,-69.63730437000001
854.0,-71.096105465
855.0,-72.78609799
856.0,-76.87487425500001
857.0,-73.20630774
858.0,-75.49102691499999
859.0,-74.95203134
860.0,-74.35197492500001
861.0,-74.401195555
862.0,-71.74630935
863.0,-71.355952255
864.0,-77.251195355
865.0,-73.880629395
866.0,-76.51021951
867.0,-74.20585611499999
868.0,-75.580822115
869.0,-74.46760335
870.0,-75.152365355
871.0,-74.464203505
872.0,-74.96698199
873.0,-72.81932187
874.0,-73.568914565
875.0,-74.54379488999999
876.0,-74.335229135
877.0,-77.676732665
878.0,-75.48765391
879.0,-75.22441132
880.0,-75.41912827499999
881.0,-75.945146095
882.0,-74.33015797
883.0,-73.647042175
884.0,-74.27539667
885.0,-74.98226294
886.0,-76.33742783
887.0,-75.80740804
888.0,-77.28890404500001
889.0,-75.44634446500001
890.0,-74.654391875
891.0,-74.17085525499999
892.0,-77.800416235
893.0,-76.50914406999999
894.0,-76.06525491
895.0,-73.118882695
896.0,-74.97875414500001
897.0,-74.649777135
898.0,-75.10782246
899.0,-74.798838535
900.0,-74.013504445
901.0,-74.577617145
902.0,-74.70984088
903.0,-74.509876735
904.0,-74.15887917500001
905.0,-76.42813615
906.0,-75.727687855
907.0,-75.6345517
908.0,-75.227498895
909.0,-74.125247295
910.0,-73.330365005
911.0,-75.717147625
912.0,-72.86454821000001
913.0,-77.26588598
914.0,-75.002228205
915.0,-75.97060641
916.0,-73.84799837
917.0,-76.68540026
918.0,-76.41769306
919.0,-76.86996913499999
920.0,-75.71281168499999
921.0,-73.76369618
922.0,-74.59627785
923.0,-74.5156966
924.0,-75.56580994500001
925.0,-75.118592475
926.0,-74.49292371
927.0,-75.56462354
928.0,-73.72141971
929.0,-73.65688588500001
930.0,-74.19153961500001
931.0,-77.02665478
932.0,-75.651124935
933.0,-75.85814305
934.0,-75.206916965
935.0,-74.66147211500001
936.0,-76.361918605
937.0,-75.276523895
938.0,-77.382982435
939.0,-76.90291042999999
940.0,-77.103642365
941.0,-77.788217955
942.0,-78.39418977
943.0,-77.81680018
944.0,-75.501167685
945.0,-76.666148855
946.0,-75.218855115
947.0,-70.769558445
948.0,-73.68706532499999
949.0,-70.55829197
950.0,-69.09712397999999
951.0,-73.60829316499999
952.0,-71.116074695
953.0,-70.961174445
954.0,-72.24509751
955.0,-75.33683840500001
956.0,-74.71327861
957.0,-68.46813864
958.0,-73.74996417
959.0,-72.24964821500001
960.0,-71.64726388
961.0,-74.209987115
962.0,-73.48527061
963.0,-73.489635435
964.0,-73.23483857
965.0,-69.81654616
966.0,-74.47275356
967.0,-73.984079545
968.0,-76.22707120499999
969.0,-72.23402468500001
970.0,-71.28643001500001
971.0,-73.53007438
972.0,-74.43319062
973.0,-71.31582176
974.0,-74.043136025
975.0,-72.95449632500001
976.0,-73.495508635
977.0,-75.99803428999999
978.0,-75.927127415
979.0,-77.037747075
980.0,-72.12679016999999
981.0,-76.189225255
982.0,-72.86476218
983.0,-67.70915642
984.0,-67.42300725999999
985.0,-71.10797622
986.0,-74.82843248500001
987.0,-75.28492022
988.0,-71.64001146000001
989.0,-65.36884014
990.0,-69.58962435000001
991.0,-72.44002514
992.0,-72.317068205
993.0,-70.89347078
994.0,-73.57396510999999
995.0,-71.717752635
996.0,-70.091553265
997.0,-75.26600019
998.0,-72.32351044999999
999.0,-69.11006695
1000.0,-64.16025846
1001.0,-67.88213447
1002.0,-70.061581695
1003.0,-71.151533875
1004.0,-71.113950095
1005.0,-64.144646825
1006.0,-72.79896151
1007.0,-68.37916222000001
1008.0,-73.250006875
1009.0,-72.92071683500001
1010.0,-69.677052285
1011.0,-71.087316955
1012.0,-68.88869101
1013.0,-75.01317136
1014.0,-70.708841895
1015.0,-70.550288005
1016.0,-70.568185805
1017.0,-71.75421606
1018.0,-70.922934545
1019.0,-68.804715315
1020.0,-63.02890605499999
1021.0,-61.295755885
1022.0,-52.64544852
1023.0,-67.870579505
1024.0,-54.795233195
1025.0,-62.948740485
1026.0,-71.160712315
1027.0,-75.831112515
1028.0,-76.24580014
1029.0,-75.43846655499999
1030.0,-76.35841823499999
1031.0,-65.28832714999999
1032.0,-75.591713035
1033.0,-71.84672280000001
1034.0,-60.132783085
1035.0,-73.63516706
1036.0,-51.336480365
1037.0,-47.66691213
1038.0,-46.607404995
1039.0,-51.351738510000004
1040.0,-67.761273235
1041.0,-49.701434649999996
1042.0,-56.801683315000005
1043.0,-42.08956715
1044.0,-65.589119845
1045.0,-70.52379424
1046.0,-67.74690382
1047.0,-71.73443685
1048.0,-73.623827085
1049.0,-72.06751897
1050.0,-75.26077190000001
1051.0,-58.220957705000004
1052.0,-57.266700490000005
1053.0,-70.5446617
1054.0,-71.05251699499999
1055.0,-65.06833484
1056.0,-66.08219206999999
1057.0,-70.19495626
1058.0,-74.85676933
1059.0,-71.895771835
1060.0,-69.012306525
1061.0,-64.672565255
1062.0,-71.667731885
1063.0,-75.25020129
1064.0,-69.70304772
1065.0,-73.48376267500001
1066.0,-72.32592413500001
1067.0,-70.88650892000001
1068.0,-60.573536855
1069.0,-65.702895495
1070.0,-72.39584461
1071.0,-68.576665305
1072.0,-65.85125955
1073.0,-71.731592175
1074.0,-64.20655586000001
1075.0,-71.62540924999999
1076.0,-66.44626973999999
1077.0,-72.15038756
1078.0,-72.00216054
1079.0,-68.95242572500001
1080.0,-64.5084684
1081.0,-66.692865185
1082.0,-73.34879584500001
1083.0,-72.26042242
1084.0,-71.62264425000001
1085.0,-72.065486335
1086.0,-68.70718781
1087.0,-71.653418
1088.0,-71.01961236
1089.0,-69.84789461
1090.0,-70.61511956000001
1091.0,-72.277597325
1092.0,-74.455899805
1093.0,-72.730377615
1094.0,-74.784754335
1095.0,-73.37409352
1096.0,-74.672207195
1097.0,-72.475422995
1098.0,-63.272930605
1099.0,-65.061656715
1100.0,-74.55588796
1101.0,-78.383669465
1102.0,-77.12888481
1103.0,-78.748535805
1104.0,-76.19647118500001
1105.0,-73.314720955
1106.0,-78.17494884999999
1107.0,-77.883629
1108.0,-75.53634652
1109.0,-75.01514679499999
1110.0,-75.89651254500001
1111.0,-76.897037125
1112.0,-77.15666117500001
1113.0,-76.01985618
1114.0,-76.776336805
1115.0,-77.24009311500001
1116.0,-74.450337585
1117.0,-74.40630664
1118.0,-74.24298179499999
1119.0,-75.527111795
1120.0,-74.32456965
1121.0,-77.5188895
1122.0,-77.82145346499999
1123.0,-76.44989554
1124.0,-75.60668136000001
1125.0,-73.018013555
1126.0,-74.73249909500001
1127.0,-74.729760645
1128.0,-76.471908925
1129.0,-75.20314968
1130.0,-77.30337131
1131.0,-77.58702270500001
1132.0,-76.44604617499999
1133.0,-76.15265735
1134.0,-75.33194391500001
1135.0,-69.203909415
1136.0,-70.92170234
1137.0,-74.735007525
1138.0,-75.0998106
1139.0,-73.778629575
1140.0,-73.98529234
1141.0,-72.66302949
1142.0,-74.84765953
1143.0,-75.06008205
1144.0,-74.280393315
1145.0,-75.64421878499999
1146.0,-73.55675766499999
1147.0,-75.88625621
1148.0,-75.859206425
1149.0,-75.565592125
1150.0,-74.778813535
1151.0,-76.32210383
1152.0,-74.915217765
1153.0,-75.487255625
1154.0,-73.97911164
1155.0,-74.85129323000001
1156.0,-66.557528935
1157.0,-56.10828183
1158.0,-62.09025151
1159.0,-60.53038984
1160.0,-63.16387127
1161.0,-66.21754933
1162.0,-74.043554175
1163.0,-75.89551563
1164.0,-69.83537512
1165.0,-74.291040985
1166.0,-69.489409515
1167.0,-73.049907655
1168.0,-75.74130986
1169.0,-71.12095449
1170.0,-77.092096455
1171.0,-73.89680674499999
1172.0,-72.77771394
1173.0,-75.82045456
1174.0,-72.995867885
1175.0,-70.40087662
1176.0,-71.105705325
1177.0,-74.371245015
1178.0,-74.50633951500001
1179.0,-75.68528496
1180.0,-74.56540114
1181.0,-74.2854393
1182.0,-75.12754752000001
1183.0,-77.07228675
1184.0,-74.361463145
1185.0,-75.828203385
1186.0,-74.95325445
1187.0,-75.35122290999999
1188.0,-71.534693575
1189.0,-74.114857865
1190.0,-74.029977
1191.0,-77.51674475499999
1192.0,-74.93782012
1193.0,-74.39349605
1194.0,-74.08581685
1195.0,-75.871883585
1196.0,-75.75818114
1197.0,-76.30068649500001
1198.0,-76.32820612500001
1199.0,-75.34524756
1200.0,-73.135094745
1201.0,-74.44127663
1202.0,-73.65664428
1203.0,-67.66934989
1204.0,-74.497898805
1205.0,-76.547680005
1206.0,-76.93170236
1207.0,-78.568766345
1208.0,-72.103799305
1209.0,-69.683611455
1210.0,-66.982009905
1211.0,-70.448767065
1212.0,-71.67345559
1213.0,-74.288075305
1214.0,-72.173025265
1215.0,-71.25853741
1216.0,-69.809345895
1217.0,-72.09877001
1218.0,-68.92815711
1219.0,-64.266923655
1220.0,-59.858198290000004
1221.0,-61.307328955
1222.0,-68.371820765
1223.0,-64.67552887
1224.0,-73.693097475
1225.0,-66.74222055999999
1226.0,-67.92751662500001
1227.0,-71.51994225499999
1228.0,-70.53296869
1229.0,-69.691116485
1230.0,-70.445538715
1231.0,-62.93575499
1232.0,-66.362851495
1233.0,-69.281634635
1234.0,-64.902874795
1235.0,-66.578238005
1236.0,-70.138985555
1237.0,-67.72799051999999
1238.0,-66.90628567499999
1239.0,-64.02693731
1240.0,-72.55981331000001
1241.0,-73.89018541
1242.0,-68.34382146
1243.0,-73.077804275
1244.0,-72.103740695
1245.0,-70.83362017
1246.0,-72.19865175
1247.0,-75.07336162
1248.0,-73.792729885
1249.0,-71.95827722
1250.0,-74.700165795
1251.0,-72.01494023000001
1252.0,-74.31817597
1253.0,-75.63329303500001
1254.0,-73.33968847
1255.0,-74.92795809
1256.0,-74.82776376999999
1257.0,-75.223870945
1258.0,-74.59076422000001
1259.0,-75.497681975
1260.0,-74.09752254
1261.0,-75.972356435
1262.0,-75.036785845
1263.0,-76.944863055
1264.0,-76.10663146
1265.0,-75.812736735
1266.0,-76.831659725
1267.0,-73.41014048
1268.0,-76.668747465
1269.0,-73.89296702
1270.0,-74.91496206
1271.0,-75.038897005
1272.0,-77.66069053000001
1273.0,-76.19342774500001
1274.0,-75.37260822
1275.0,-76.61826853
1276.0,-75.15598388000001
1277.0,-75.80685797999999
1278.0,-76.35964287
1279.0,-73.23425352
1280.0,-74.16528133
1281.0,-77.040881145
1282.0,-75.86995985
1283.0,-69.068249785
1284.0,-70.16472992
1285.0,-71.05735411500001
1286.0,-68.896132985
1287.0,-74.11605884
1288.0,-72.811295515
1289.0,-73.477440215
1290.0,-75.36616616
1291.0,-75.00474267999999
1292.0,-73.91900718
1293.0,-75.54787637
1294.0,-75.98110394
1295.0,-73.2762304
1296.0,-75.38808059499999
1297.0,-76.44211283
1298.0,-77.51022609
1299.0,-75.57447479
1300.0,-76.07572335500001
1301.0,-72.61309722
1302.0,-72.58067289499999
1303.0,-76.28832974
1304.0,-72.541750165
1305.0,-75.36234723999999
1306.0,-74.348763035
1307.0,-72.674014255
1308.0,-74.86234286
1309.0,-72.142440475
1310.0,-72.76866244
1311.0,-71.553054175
1312.0,-70.757551745
1313.0,-72.88112347500001
1314.0,-71.534294765
1315.0,-68.667494265
1316.0,-69.714769615
1317.0,-73.905216975
1318.0,-71.11992436
1319.0,-70.967831685
1320.0,-71.275334175
1321.0,-70.41620884
1322.0,-73.27744058
1323.0,-70.839932515
1324.0,-72.396013635
1325.0,-69.08928789000001
1326.0,-72.763903695
1327.0,-70.75348959
1328.0,-74.489106905
1329.0,-74.03647613000001
1330.0,-75.110883785
1331.0,-74.85703285
1332.0,-75.45411029499999
1333.0,-77.44779567
1334.0,-76.981604135
1335.0,-75.34632948999999
1336.0,-76.05807307500001
1337.0,-75.92284449
1338.0,-77.313459415
1339.0,-76.14204620999999
1340.0,-76.80156005
1341.0,-78.20456548
1342.0,-76.73754622999999
1343.0,-73.682442885
1344.0,-74.44078145
1345.0,-73.33865398
1346.0,-74.89127639
1347.0,-72.462834725
1348.0,-72.5992112
1349.0,-70.223351925
1350.0,-72.691073245
1351.0,-71.55676482000001
1352.0,-72.250524435
1353.0,-72.17608706
1354.0,-75.828079075
1355.0,-75.687278235
1356.0,-74.01353791
1357.0,-71.80651365
1358.0,-73.02372527
1359.0,-69.03053689500001
1360.0,-61.57172749
1361.0,-69.86741232
1362.0,-69.93816921
1363.0,-70.331671985
1364.0,-70.60823754
1365.0,-69.22461373
1366.0,-72.17987072
1367.0,-72.567972365
1368.0,-71.18961841999999
1369.0,-70.990977985
1370.0,-70.76701363000001
1371.0,-64.80782435500001
1372.0,-57.904305730000004
1373.0,-54.68952833
1374.0,-59.053331299999996
1375.0,-47.92278464
1376.0,-43.47985155
1377.0,-67.37326870499999
1378.0,-64.678746185
1379.0,-72.786549365
1380.0,-75.48760849
1381.0,-75.645703165
1382.0,-72.543813085
1383.0,-73.74777370000001
1384.0,-71.34016267999999
1385.0,-73.741681395
1386.0,-70.744160905
1387.0,-68.165450475
1388.0,-69.455166555
1389.0,-74.51451839500001
1390.0,-76.04196371500001
1391.0,-72.00343167
1392.0,-75.752665585
1393.0,-75.847380885
1394.0,-72.35882002
1395.0,-72.252538375
1396.0,-72.09638271
1397.0,-70.335781605
1398.0,-74.21271646
1399.0,-73.403296565
1400.0,-70.047664535
1401.0,-74.77725794
1402.0,-74.225155115
1403.0,-74.117715775
1404.0,-75.497269265
1405.0,-76.80189406
1406.0,-74.58211672
1407.0,-74.91782917
1408.0,-73.69367455
1409.0,-71.889041985
1410.0,-72.68022805000001
1411.0,-71.942792055
1412.0,-76.093391975
1413.0,-76.137344545
1414.0,-72.75198025
1415.0,-74.477303395
1416.0,-74.71831736
1417.0,-72.34088356000001
1418.0,-71.93920397
1419.0,-67.36537687
1420.0,-74.3442678
1421.0,-74.89179
1422.0,-65.74202339
1423.0,-76.62115674500001
1424.0,-75.3398545
1425.0,-77.03750259
1426.0,-69.89285050000001
1427.0,-70.5658385
1428.0,-71.591634185
1429.0,-73.665747415
1430.0,-68.41770495
1431.0,-75.38744346
1432.0,-75.759001685
1433.0,-68.226400315
1434.0,-72.29349994500001
1435.0,-69.26161913
1436.0,-67.787070845
1437.0,-71.225177585
1438.0,-74.733348085
1439.0,-73.22426124500001
1440.0,-76.706873385
1441.0,-61.469987405
1442.0,-70.212076275
1443.0,-75.049672725
1444.0,-72.080424185
1445.0,-65.136178465
1446.0,-69.65840889
1447.0,-73.90702892499999
1448.0,-69.309545285
1449.0,-74.12772501
1450.0,-74.81334713
1451.0,-76.50399359
1452.0,-77.080117685
1453.0,-75.1231962
1454.0,-72.02423323
1455.0,-69.288637725
1456.0,-74.136610805
1457.0,-69.50739849
1458.0,-72.36095386
1459.0,-76.41457353999999
1460.0,-71.55163607
1461.0,-73.118003125
1462.0,-70.947655485
1463.0,-68.180735615
1464.0,-73.190250625
1465.0,-69.96090598
1466.0,-65.529575465
1467.0,-66.89581337999999
1468.0,-60.956345485
1469.0,-61.448527415
1470.0,-72.488542905
1471.0,-72.58657377
1472.0,-67.988082245
1473.0,-73.666197555
1474.0,-74.762354415
1475.0,-73.216277735
1476.0,-68.041250315
1477.0,-73.9885048
1478.0,-71.316265725
1479.0,-71.690956365
1480.0,-71.27742628
1481.0,-71.20397807
1482.0,-75.48446405
1483.0,-72.82889145499999
1484.0,-74.25722543
1485.0,-75.10000296
1486.0,-74.08192712
1487.0,-76.991885935
1488.0,-74.48015988
1489.0,-71.47761266
1490.0,-72.77262559
1491.0,-72.16358955000001
1492.0,-73.56800003000001
1493.0,-73.58905624
1494.0,-73.97210361
1495.0,-75.36506266
1496.0,-75.990546715
1497.0,-72.680750875
1498.0,-71.994271585
1499.0,-75.266145085
1500.0,-77.12083587000001
1501.0,-75.70735827
1502.0,-74.572180825
1503.0,-77.86184484500001
1504.0,-75.886574655
1505.0,-71.32958558
1506.0,-68.08198455
1507.0,-76.35547428999999
1508.0,-67.47850667499999
1509.0,-75.128176935
1510.0,-77.21001128
1511.0,-76.138489885
1512.0,-75.67079171
1513.0,-75.56856301
1514.0,-74.711046805
1515.0,-76.11372126
1516.0,-75.877274505
1517.0,-77.564041675
1518.0,-74.882041175
1519.0,-75.73156409500001
1520.0,-74.24000010500001
1521.0,-75.26333596
1522.0,-74.77899214
1523.0,-77.519213795
1524.0,-76.00130094
1525.0,-75.069256985
1526.0,-73.38901669
1527.0,-73.127304825
1528.0,-74.10031691500001
1529.0,-74.47618825
1530.0,-76.454768825
1531.0,-76.58033711499999
1532.0,-76.17387387
1533.0,-75.61958707
1534.0,-75.25597853
1535.0,-74.82443351
1536.0,-68.974508845
1537.0,-69.08186989500001
1538.0,-66.13019191000001
1539.0,-65.848894815
1540.0,-59.31711461
1541.0,-60.30245741
1542.0,-69.314373775
1543.0,-69.16045767
1544.0,-70.539421455
1545.0,-70.66939887500001
1546.0,-71.59088759
1547.0,-69.24652491
1548.0,-73.79690697500001
1549.0,-66.338468375
1550.0,-68.720500375
1551.0,-69.96332802500001
1552.0,-74.48160045
1553.0,-76.20915993
1554.0,-73.415502575
1555.0,-59.55769283
1556.0,-68.238007365
1557.0,-63.290512344999996
1558.0,-70.30312444500001
1559.0,-67.553842085
1560.0,-72.97514615
1561.0,-72.24219185999999
1562.0,-74.61142190000001
1563.0,-73.655463405
1564.0,-71.47277148
1565.0,-66.19613278
1566.0,-72.47859032
1567.0,-75.445018765
1568.0,-74.0217754
1569.0,-78.45289028
1570.0,-76.16660351
1571.0,-77.42062002
1572.0,-76.161884
1573.0,-75.22292048
1574.0,-72.806904745
1575.0,-74.51389330500001
1576.0,-71.630515045
1577.0,-75.42683761500001
1578.0,-74.818018135
1579.0,-78.66809835000001
1580.0,-76.622437745
1581.0,-77.80687581999999
1582.0,-73.78740968
1583.0,-70.1860116
1584.0,-51.98884297
1585.0,-55.718067205
1586.0,-70.49263716
1587.0,-68.23823829
1588.0,-70.98287833500001
1589.0,-72.52097330999999
1590.0,-72.90018596
1591.0,-74.462437145
1592.0,-70.59788993000001
1593.0,-72.96551728
1594.0,-74.63423768
1595.0,-72.121954385
1596.0,-74.66324118
1597.0,-72.63399344
1598.0,-74.99107520499999
1599.0,-72.65301915
1600.0,-75.503290205
1601.0,-75.23226715
1602.0,-75.048691475
1603.0,-72.65758233
1604.0,-71.23448702499999
1605.0,-75.004473875
1606.0,-74.9153705
1607.0,-74.769118935
1608.0,-69.20331661
1609.0,-72.55994823500001
1610.0,-72.39946198999999
1611.0,-71.0433573
1612.0,-74.771176395
1613.0,-76.213119165
1614.0,-76.44956329
1615.0,-77.00201151
1616.0,-72.4001369
1617.0,-71.60468153
1618.0,-73.164902945
1619.0,-73.144991515
1620.0,-75.780857105
1621.0,-71.830146555
1622.0,-76.746616265
1623.0,-75.933256395
1624.0,-71.76804788999999
1625.0,-76.877377335
1626.0,-77.03990015
1627.0,-76.034980765
1628.0,-72.50813181500001
1629.0,-76.84797727
1630.0,-73.757542105
1631.0,-69.543075785
1632.0,-72.29565379499999
1633.0,-75.73381587
1634.0,-74.37331470000001
1635.0,-73.40972048500001
1636.0,-73.26118233
1637.0,-69.73379761
1638.0,-71.04870360999999
1639.0,-75.145182895
1640.0,-75.691660205
1641.0,-75.303505145
1642.0,-74.84883687
1643.0,-74.508864095
1644.0,-69.34825946
1645.0,-68.21252803
1646.0,-71.9290735
1647.0,-74.96470565
1648.0,-76.252295535
1649.0,-73.36353355
1650.0,-75.69275175499999
1651.0,-76.54321376
1652.0,-75.597862715
1653.0,-75.52809630499999
1654.0,-74.84491252000001
1655.0,-75.84964563
1656.0,-75.723849655
1657.0,-68.606220615
1658.0,-56.13741597
1659.0,-65.932066945
1660.0,-64.964841355
1661.0,-70.75639501500001
1662.0,-75.871333155
1663.0,-68.48705503
1664.0,-63.60422546
1665.0,-75.848947165
1666.0,-74.57873752
1667.0,-75.37163486
1668.0,-77.293832475
1669.0,-75.286307415
1670.0,-68.91993686
1671.0,-74.215774365
1672.0,-78.16475077
1673.0,-75.368206625
1674.0,-75.29762459
1675.0,-74.38887433
1676.0,-75.00209686
1677.0,-66.376391455
1678.0,-76.25443937
1679.0,-71.50528434
1680.0,-72.23392892999999
1681.0,-74.72286882
1682.0,-75.05022964
1683.0,-63.54321709
1684.0,-68.42352775
1685.0,-68.0319503
1686.0,-75.337616725
1687.0,-74.43210466
1688.0,-74.24298870999999
1689.0,-74.039899405
1690.0,-72.033324955
1691.0,-74.82763422
1692.0,-65.44796502
1693.0,-68.41195248
1694.0,-67.85963429
1695.0,-72.925001355
1696.0,-71.08244114
1697.0,-75.271356465
1698.0,-74.328224775
1699.0,-73.590980735
1700.0,-73.69934144000001
1701.0,-72.86970085
1702.0,-74.837637355
1703.0,-73.40078908000001
1704.0,-71.599738945
1705.0,-68.76035779
1706.0,-71.52625037
1707.0,-68.60587821
1708.0,-70.48858340000001
1709.0,-69.845599285
1710.0,-67.29484842
1711.0,-69.16104351999999
1712.0,-70.041200395
1713.0,-71.56705398
1714.0,-73.368920805
1715.0,-70.77465475
1716.0,-65.517554425
1717.0,-67.42360479999999
1718.0,-68.49919124499999
1719.0,-66.714099085
1720.0,-71.811525875
1721.0,-73.991529625
1722.0,-72.80953172
1723.0,-69.16878418499999
1724.0,-72.06022286999999
1725.0,-72.01258251
1726.0,-72.782577775
1727.0,-75.110086975
1728.0,-71.2034195
1729.0,-69.708981625
1730.0,-70.9515538
1731.0,-72.409539285
1732.0,-63.569406485
1733.0,-72.325045825
1734.0,-67.485590005
1735.0,-71.24601767
1736.0,-69.81915427499999
1737.0,-71.404073995
1738.0,-72.51491097499999
1739.0,-72.328332345
1740.0,-72.522066685
1741.0,-74.495898045
1742.0,-71.27360411000001
1743.0,-69.289249555
1744.0,-70.88226279
1745.0,-70.98655637499999
1746.0,-70.556911645
1747.0,-70.941539955
1748.0,-73.30617353
1749.0,-69.115238955
1750.0,-70.45087509999999
1751.0,-75.75205942
1752.0,-72.595488805
1753.0,-68.94470454500001
1754.0,-71.843406175
1755.0,-72.29690801999999
1756.0,-72.17585465
1757.0,-69.484265205
1758.0,-36.60906744
1759.0,-56.365943375
1760.0,-63.871554669999995
1761.0,-49.745221595000004
1762.0,-69.49343415999999
1763.0,-70.580002385
1764.0,-71.70111609
1765.0,-74.1173299
1766.0,-72.860589965
1767.0,-73.32252338
1768.0,-73.53755581
1769.0,-75.1410454
1770.0,-73.428241025
1771.0,-72.280325585
1772.0,-74.23689252
1773.0,-76.2871199
1774.0,-74.22657182500001
1775.0,-71.900003005
1776.0,-71.87120583000001
1777.0,-71.039663085
1778.0,-72.29004824500001
1779.0,-73.039354425
1780.0,-71.325213915
1781.0,-72.54880304
1782.0,-73.09809706499999
1783.0,-72.833342105
1784.0,-73.23882875
1785.0,-72.645637
1786.0,-74.025589835
1787.0,-73.38207868
1788.0,-74.33658875
1789.0,-72.77905827000001
1790.0,-76.91102363
1791.0,-76.48441349000001
1792.0,-70.987009055
1793.0,-69.65246013000001
1794.0,-74.19928617
1795.0,-73.48491774499999
1796.0,-71.37475280999999
1797.0,-73.87191931999999
1798.0,-72.85715346
1799.0,-70.700410335
1800.0,-72.822589595
1801.0,-54.7476309
1802.0,-53.52185843
1803.0,-62.401073455
1804.0,-53.2863044
1805.0,-65.132208075
1806.0,-61.577340570000004
1807.0,-53.828932789999996
1808.0,-64.102694525
1809.0,-62.51539674
1810.0,-71.9110111
1811.0,-73.8129969
1812.0,-70.844799025
1813.0,-70.40072846999999
1814.0,-69.983375325
1815.0,-74.23858754
1816.0,-71.76334582999999
1817.0,-74.17497128
1818.0,-73.23135218499999
1819.0,-68.756090685
1820.0,-64.0691625
1821.0,-76.64206
1822.0,-75.730054035
1823.0,-74.444214985
1824.0,-73.969348055
1825.0,-77.349015425
1826.0,-75.34432091
1827.0,-75.32804534499999
1828.0,-73.922572885
1829.0,-69.85587844
1830.0,-70.17480123
1831.0,-72.59174348
1832.0,-70.05839329
1833.0,-72.2490583
1834.0,-74.89328463000001
1835.0,-71.650077235
1836.0,-54.453740405000005
1837.0,-72.02694915500001
1838.0,-73.28644363999999
1839.0,-70.81262519
1840.0,-73.259361185
1841.0,-72.23583918
1842.0,-63.753125374999996
1843.0,-69.0442926
1844.0,-70.105173285
1845.0,-72.97649906000001
1846.0,-74.0549801
1847.0,-73.89700954
1848.0,-73.500478395
1849.0,-75.319123265
1850.0,-75.08190630499999
1851.0,-70.327472585
1852.0,-74.428176815
1853.0,-76.015201305
1854.0,-74.53571256500001
1855.0,-73.79674553999999
1856.0,-75.588935065
1857.0,-76.50626789500001
1858.0,-77.316422115
1859.0,-77.38439699
1860.0,-75.43569565499999
1861.0,-75.63094981
1862.0,-75.81641424
1863.0,-75.94794020500001
1864.0,-74.285638475
1865.0,-76.64164141500001
1866.0,-74.90124384500001
1867.0,-76.067410335
1868.0,-75.66402507999999
1869.0,-73.11154092000001
1870.0,-75.59823922999999
1871.0,-73.32644654500001
1872.0,-74.357125385
1873.0,-75.269140595
1874.0,-76.40564218
1875.0,-71.74095402
1876.0,-78.88066113
1877.0,-74.58375641
1878.0,-77.50767058
1879.0,-75.040281315
1880.0,-73.36237690499999
1881.0,-73.28310392
1882.0,-75.40643433
1883.0,-72.277321825
1884.0,-72.780667225
1885.0,-74.43633962499999
1886.0,-74.94425799999999
1887.0,-74.33302313
1888.0,-69.32916067
1889.0,-76.65351909
1890.0,-75.70941569
1891.0,-76.902532855
1892.0,-70.02760419500001
1893.0,-74.946014
1894.0,-72.490223715
1895.0,-72.91083560999999
1896.0,-55.6232256
1897.0,-62.151396075
1898.0,-61.056085065000005
1899.0,-72.738825715
1900.0,-64.58697444
1901.0,-74.682273995
1902.0,-76.560801225
1903.0,-71.73340085000001
1904.0,-68.36615927
1905.0,-67.906575425
1906.0,-72.223959015
1907.0,-70.05735898500001
1908.0,-71.97280155499999
1909.0,-71.35711248999999
1910.0,-73.56504232
1911.0,-74.913031515
1912.0,-74.59177532
1913.0,-72.245710965
1914.0,-73.65566784500001
1915.0,-63.327704305
1916.0,-66.88906581
1917.0,-71.30170720999999
1918.0,-73.403845765
1919.0,-74.11870764
1920.0,-75.46780208
1921.0,-75.23832812500001
1922.0,-76.76676713500001
1923.0,-70.19681690499999
1924.0,-67.192887885
1925.0,-69.842137295
1926.0,-59.60943182
1927.0,-60.195550145
1928.0,-63.325637735
1929.0,-71.36877866500001
1930.0,-70.46023751999999
1931.0,-64.67445549499999
1932.0,-64.008879325
1933.0,-66.10992945999999
1934.0,-67.96238434
1935.0,-61.19583469
1936.0,-56.368748835000005
1937.0,-55.466312689999995
1938.0,-68.54591785
1939.0,-43.64699492
1940.0,-61.84312107
1941.0,-65.058738265
1942.0,-57.548445265
1943.0,-53.731306315
1944.0,-52.638954354999996
1945.0,-54.93556523
1946.0,-56.82583362
1947.0,-57.468489555000005
1948.0,-62.45955397
1949.0,-57.35862541
1950.0,-56.44042594
1951.0,-64.39061292
1952.0,-64.736640245
1953.0,-60.652514015
1954.0,-65.68933311
1955.0,-73.29055152500001
1956.0,-68.504024465
1957.0,-67.432302435
1958.0,-71.0298133
1959.0,-67.41925173999999
1960.0,-72.972558985
1961.0,-68.99552019000001
1962.0,-75.38014395
1963.0,-70.37853182
1964.0,-65.71703547999999
1965.0,-51.22414583
1966.0,-59.245979905
1967.0,-56.45500461
1968.0,-60.584155609999996
1969.0,-67.8558749
1970.0,-67.92663726
1971.0,-72.78045921
1972.0,-73.79628499
1973.0,-73.003031195
1974.0,-74.48152404999999
1975.0,-70.010763465
1976.0,-66.254747255
1977.0,-74.88796394
1978.0,-69.819963815
1979.0,-69.997284895
1980.0,-63.86950847
1981.0,-70.95988718999999
1982.0,-76.440782435
1983.0,-75.62639874
1984.0,-70.615285565
1985.0,-73.83921755
1986.0,-75.297151705
1987.0,-72.191868565
1988.0,-70.554117265
1989.0,-69.037553175
1990.0,-73.86735401
1991.0,-74.41588013
1992.0,-77.244770855
1993.0,-73.58309213
1994.0,-73.57614100500001
1995.0,-71.64741753499999
1996.0,-67.658628925
1997.0,-73.01707246999999
1998.0,-72.55294531999999
1999.0,-74.650384355
2000.0,-67.54161657
2001.0,-70.39076765
2002.0,-75.36252435
2003.0,-75.27539354000001
2004.0,-72.410992335
2005.0,-70.30434473
2006.0,-70.08654901
2007.0,-69.729218505
2008.0,-70.74046039000001
2009.0,-70.569372875
2010.0,-72.95666616
2011.0,-73.86371117499999
2012.0,-72.624575815
2013.0,-74.707017295
2014.0,-74.972908855
2015.0,-54.584912805
2016.0,-71.15491247
2017.0,-70.49623976500001
2018.0,-69.421390305
2019.0,-68.307930445
2020.0,-70.24908619499999
2021.0,-62.55466026
2022.0,-68.58725857499999
2023.0,-69.02979701999999
2024.0,-72.25474898499999
2025.0,-61.6317326
2026.0,-64.93798131999999
2027.0,-67.50837304999999
2028.0,-69.08418899
2029.0,-68.34632371000001
2030.0,-67.173085055
2031.0,-64.53026617500001
2032.0,-67.63897850000001
2033.0,-70.28885995
2034.0,-73.37336697
2035.0,-72.23538467
2036.0,-69.84666762500001
2037.0,-67.361126885
2038.0,-70.93134144000001
2039.0,-69.11657491
2040.0,-73.01169055
2041.0,-71.25751373
2042.0,-67.073516335
2043.0,-73.836797915
2044.0,-72.74531534
2045.0,-71.707051365
2046.0,-74.81074498999999
2047.0,-71.13177517
2048.0,-72.097016465
2049.0,-75.44465466
2050.0,-73.91656167
2051.0,-76.26248223
2052.0,-75.515175965
2053.0,-73.16272530500001
2054.0,-70.00632288
2055.0,-71.200661885
2056.0,-72.79930282
2057.0,-74.734658525
2058.0,-74.7873224
2059.0,-74.59412425
2060.0,-74.474252435
2061.0,-73.86073477
2062.0,-73.630167605
2063.0,-73.36711443
2064.0,-74.196717175
2065.0,-74.766309345
2066.0,-78.13078203500001
2067.0,-75.70833526999999
2068.0,-76.03788821500001
2069.0,-74.70953696000001
2070.0,-73.366948845
2071.0,-73.61044336
2072.0,-74.07592852
2073.0,-72.104736585
2074.0,-68.94529172
2075.0,-71.320507505
2076.0,-74.33283586
2077.0,-74.82316197
2078.0,-74.13117293
2079.0,-73.94444821
2080.0,-74.818936655
2081.0,-74.556171895
2082.0,-68.25144354
2083.0,-65.27091605
2084.0,-71.61601927000001
2085.0,-71.98327155999999
2086.0,-73.08992111500001
2087.0,-73.29614065999999
2088.0,-74.28340746500001
2089.0,-71.43827716999999
2090.0,-74.69005246
2091.0,-71.613099905
2092.0,-69.74669892
2093.0,-69.364352145
2094.0,-73.851207735
2095.0,-71.33053968499999
2096.0,-71.79173931
2097.0,-72.21950735499999
2098.0,-71.47571766499999
2099.0,-64.88530464
2100.0,-69.630465945
2101.0,-72.53734871500001
2102.0,-77.58324952000001
2103.0,-70.5543364
2104.0,-70.61869764
2105.0,-74.06738512499999
2106.0,-73.27078062
2107.0,-75.415476535
2108.0,-74.560350045
2109.0,-71.89489939
2110.0,-73.53928884
2111.0,-75.987997465
2112.0,-74.12466864
2113.0,-74.045162315
2114.0,-73.974617325
2115.0,-73.839969335
2116.0,-74.23902154
2117.0,-75.35349294
2118.0,-74.78460644500001
2119.0,-74.421003405
2120.0,-74.574474705
2121.0,-75.77548383
2122.0,-75.06817354500001
2123.0,-74.775889795
2124.0,-72.62836784000001
2125.0,-72.1797356
2126.0,-64.88539155
2127.0,-63.094864985
2128.0,-61.742640640000005
2129.0,-61.298997744999994
2130.0,-72.00280750499999
2131.0,-73.34953333499999
2132.0,-73.66706642
2133.0,-75.705242075
2134.0,-73.70559397
2135.0,-73.58033566
2136.0,-73.7532678
2137.0,-74.94130928499999
2138.0,-74.86357218
2139.0,-74.381965205
2140.0,-73.944238705
2141.0,-72.869703265
2142.0,-78.68455550499999
2143.0,-76.485694575
2144.0,-71.713134005
2145.0,-74.84784501
2146.0,-74.0873124
2147.0,-76.546430475
2148.0,-74.69345441499999
2149.0,-77.17753527
2150.0,-76.500316105
2151.0,-74.23884074
2152.0,-74.96472481
2153.0,-77.471297325
2154.0,-73.062534905
2155.0,-74.28957948499999
2156.0,-64.80699509
2157.0,-57.071676894999996
2158.0,-70.597720195
2159.0,-69.41761135
2160.0,-68.21003203000001
2161.0,-72.06974797500001
2162.0,-74.53354485
2163.0,-73.82610374
2164.0,-74.60032724000001
2165.0,-76.95460288500001
2166.0,-76.50053736
2167.0,-77.361970635
2168.0,-75.30521146000001
2169.0,-77.80437979
2170.0,-72.225748685
2171.0,-68.781436715
2172.0,-70.178756005
2173.0,-70.624180855
2174.0,-76.723479785
2175.0,-73.47038161
2176.0,-74.466802245
2177.0,-73.90214701
2178.0,-64.63475991
2179.0,-74.44444351
2180.0,-74.15229095999999
2181.0,-62.45290199
2182.0,-65.822567825
2183.0,-71.609067665
2184.0,-66.17264042
2185.0,-71.54823793
2186.0,-74.083815515
2187.0,-73.780653095
2188.0,-77.31253543
2189.0,-76.866365255
2190.0,-75.024964435
2191.0,-74.68270327
2192.0,-72.58555743
2193.0,-74.21331971000001
2194.0,-62.483099155
2195.0,-66.91623773
2196.0,-64.91799338999999
2197.0,-65.30207922
2198.0,-75.55489417999999
2199.0,-73.97770314
2200.0,-75.104262965
2201.0,-75.5156483
2202.0,-72.70316279
2203.0,-76.14637064499999
2204.0,-74.794325515
2205.0,-69.13885389
2206.0,-74.830374635
2207.0,-74.54120819
2208.0,-73.55955471
2209.0,-74.50350902
2210.0,-77.782699585
2211.0,-75.80670298
2212.0,-76.30810972500001
2213.0,-74.37359513
2214.0,-62.10674211
2215.0,-68.37097118
2216.0,-69.45710424500001
2217.0,-69.56453612
2218.0,-70.95119901999999
2219.0,-69.590053805
2220.0,-64.904073705
2221.0,-71.90557143
2222.0,-64.97008785
2223.0,-73.98983751
2224.0,-74.834566115
2225.0,-73.93959332
2226.0,-72.16196263
2227.0,-68.746848435
2228.0,-74.476784425
2229.0,-75.48825498
2230.0,-71.71645525
2231.0,-69.77482954
2232.0,-72.683087
2233.0,-72.714034965
2234.0,-71.181131075
2235.0,-73.52498212
2236.0,-72.38458511
2237.0,-67.122614465
2238.0,-68.796659875
2239.0,-70.85913547999999
2240.0,-71.86744344499999
2241.0,-63.31262957999999
2242.0,-74.86538754
2243.0,-74.83376523
2244.0,-76.10503056499999
2245.0,-77.068482355
2246.0,-75.142952805
2247.0,-76.10409519999999
2248.0,-74.560844715
2249.0,-76.247994085
2250.0,-74.58118286000001
2251.0,-71.89835661
2252.0,-60.134071755
2253.0,-66.83787967
2254.0,-66.94723680499999
2255.0,-77.36816048
2256.0,-72.417890985
2257.0,-70.85216705
2258.0,-75.01349227
2259.0,-76.601534705
2260.0,-78.208367345
2261.0,-77.2158501
2262.0,-74.593892855
2263.0,-77.46400299999999
2264.0,-76.23201644
2265.0,-69.8296982
2266.0,-72.49727889
2267.0,-75.85246497
2268.0,-75.447785115
2269.0,-76.94014719500001
2270.0,-76.285934715
2271.0,-75.59864292500001
2272.0,-75.844798035
2273.0,-77.47286874
2274.0,-75.798468115
2275.0,-75.774955985
2276.0,-74.25118954
2277.0,-65.687545575
2278.0,-65.07261031
2279.0,-58.733658065
2280.0,-72.88918581
2281.0,-74.79046
2282.0,-64.51876923
2283.0,-58.296719800000005
2284.0,-48.528569305000005
2285.0,-66.62301473
2286.0,-75.324425905
2287.0,-72.44546688
2288.0,-74.26682393499999
2289.0,-72.19317443
2290.0,-69.25300645499999
2291.0,-68.20613904000001
2292.0,-70.358519315
2293.0,-75.807391915
2294.0,-75.292138465
2295.0,-70.41179676
2296.0,-73.7151155
2297.0,-75.41780704
2298.0,-74.82021121
2299.0,-76.90130185
2300.0,-76.97754233500001
2301.0,-74.320587735
2302.0,-70.22568856999999
2303.0,-74.68476444000001
2304.0,-74.92766284
2305.0,-74.65224029000001
2306.0,-75.163204135
2307.0,-76.01631336
2308.0,-73.02271153
2309.0,-75.59217388
2310.0,-74.878265
2311.0,-70.29916782500001
2312.0,-75.050125075
2313.0,-74.36280882
2314.0,-60.175221785
2315.0,-73.26077221
2316.0,-74.82145364
2317.0,-71.825413035
2318.0,-68.665836635
2319.0,-65.92280360000001
2320.0,-64.20055687
2321.0,-70.20175853
2322.0,-72.218942665
2323.0,-69.65819996
2324.0,-67.08036331
2325.0,-65.87669382
2326.0,-68.079426545
2327.0,-62.21644741
2328.0,-59.707127935
2329.0,-67.71962051
2330.0,-64.51591274
2331.0,-70.17201394
2332.0,-73.97841564000001
2333.0,-74.27218771
2334.0,-66.149269065
2335.0,-73.65414828
2336.0,-74.058465485
2337.0,-73.97299352499999
2338.0,-75.07253701
2339.0,-68.88484610500001
2340.0,-70.444365525
2341.0,-70.864816865
2342.0,-71.93016558
2343.0,-64.11009343
2344.0,-69.00887045500001
2345.0,-74.19126248
2346.0,-75.24219637499999
2347.0,-77.486116885
2348.0,-76.23041264
2349.0,-77.896187025
2350.0,-77.77831596
2351.0,-77.968669025
2352.0,-75.85876419499999
2353.0,-76.18694047
2354.0,-58.153256035
2355.0,-50.029604325
2356.0,-59.716833675000004
2357.0,-68.26085803
