Time (s),Left Pupil X,Left Pupil Y,Right Pupil X,Right Pupil Y,Blinking,Looking Center,Looking Left,Looking Right
0,283.3636363636364,180.0,370.45454545454544,179.54545454545453,6,3,2,0
1,301.0,177.0,383.1111111111111,177.77777777777777,8,1,0,0
2,298.35714285714283,178.0,380.7142857142857,177.71428571428572,14,0,0,0
3,297.46666666666664,178.93333333333334,379.73333333333335,179.4,14,1,0,0
4,292.06666666666666,180.4,375.73333333333335,180.06666666666666,11,0,4,0
5,287.84615384615387,179.07692307692307,372.46153846153845,177.53846153846155,3,6,4,0
6,283.46153846153845,181.69230769230768,367.53846153846155,178.84615384615384,11,2,0,0
7,282.06666666666666,182.93333333333334,366.4,180.4,12,2,1,0
8,278.8333333333333,183.5,359.6666666666667,180.41666666666666,9,3,0,0
9,261.75,199.0,334.0,191.75,4,0,0,0
10,,,,,0,0,0,0
11,296.7142857142857,202.14285714285714,376.85714285714283,203.14285714285714,6,0,1,0
12,327.2,190.6,428.06666666666666,194.73333333333332,11,1,3,0
13,304.1875,201.9375,404.9375,205.5,15,1,0,0
14,300.2142857142857,208.71428571428572,400.92857142857144,210.14285714285714,14,0,0,0
15,301.72727272727275,209.36363636363637,404.3636363636364,212.27272727272728,10,0,1,0
16,325.3333333333333,208.66666666666666,428.0,212.0,0,0,3,0
17,332.0,197.5,440.5,200.5,0,1,1,0
18,343.0,203.0,442.0,203.0,0,1,0,0
19,,,,,0,0,0,0
20,,,,,0,0,0,0
21,,,,,0,0,0,0
22,330.0,187.0,436.0,194.0,1,0,0,0
23,,,,,0,0,0,0
24,,,,,0,0,0,0
25,,,,,0,0,0,0
26,,,,,0,0,0,0
27,,,,,0,0,0,0
28,,,,,0,0,0,0
29,,,,,0,0,0,0
30,,,,,0,0,0,0
31,,,,,0,0,0,0
32,,,,,0,0,0,0
33,,,,,0,0,0,0
34,,,,,0,0,0,0
35,,,,,0,0,0,0
36,,,,,0,0,0,0
37,,,,,0,0,0,0
38,,,,,0,0,0,0
39,,,,,0,0,0,0
40,,,,,0,0,0,0
41,,,,,0,0,0,0
42,,,,,0,0,0,0
43,303.5,203.5,397.5,190.5,0,0,2,0
44,300.6,205.8,397.2,194.2,0,1,4,0
45,296.0,206.88888888888889,392.6666666666667,195.55555555555554,0,1,8,0
46,293.2307692307692,207.84615384615384,390.15384615384613,196.6153846153846,0,3,10,0
47,294.46666666666664,209.0,392.46666666666664,197.6,0,2,13,0
48,296.8666666666667,210.46666666666667,395.73333333333335,199.53333333333333,0,0,15,0
49,300.2142857142857,208.57142857142858,398.5,198.92857142857142,0,0,14,0
50,299.6923076923077,207.92307692307693,396.9230769230769,197.92307692307693,0,0,13,0
51,297.5,202.0,394.5,192.0,0,1,1,0
52,288.5,200.66666666666666,383.3333333333333,192.0,6,0,0,0
53,289.42857142857144,201.14285714285714,384.7142857142857,192.28571428571428,6,0,1,0
54,293.0,200.0,388.0,191.0,1,0,0,0
55,292.0,201.0,385.0,192.0,1,0,0,0
56,290.0,201.0,386.0,192.0,1,0,0,0
57,299.1818181818182,199.45454545454547,393.8181818181818,193.54545454545453,5,2,4,0
58,300.3333333333333,199.33333333333334,393.6666666666667,193.4,9,0,6,0
59,297.2857142857143,200.42857142857142,390.7142857142857,194.57142857142858,13,1,0,0
60,295.3333333333333,200.46666666666667,389.8,193.86666666666667,15,0,0,0
61,296.8,199.5,389.9,192.2,10,0,0,0
62,296.8,199.0,389.8,192.2,5,0,0,0
63,295.9230769230769,199.0,389.84615384615387,192.53846153846155,13,0,0,0
64,296.2,199.0,390.4,192.8,5,0,0,0
65,297.5,198.5,390.5,191.5,2,0,0,0
66,305.0,196.0,394.0,188.0,1,0,0,0
67,,,,,0,0,0,0
68,295.2,199.2,389.6,193.0,3,0,2,0
69,291.0769230769231,200.92307692307693,386.2307692307692,194.07692307692307,12,0,1,0
70,291.0,201.0,387.0,195.0,1,0,0,0
71,294.25,202.5,391.0,194.25,4,0,0,0
72,296.93333333333334,204.2,393.4,196.4,11,0,4,0
73,299.0,203.07142857142858,394.35714285714283,195.42857142857142,6,0,8,0
74,299.6363636363636,202.72727272727272,394.72727272727275,195.45454545454547,0,0,11,0
75,303.6,200.8,398.2,193.0,0,0,5,0
76,,,,,0,0,0,0
77,,,,,0,0,0,0
78,318.3333333333333,193.66666666666666,410.6666666666667,186.66666666666666,1,0,2,0
79,321.3333333333333,197.0,412.3333333333333,191.0,1,0,2,0
80,313.75,199.5,407.0,193.0,4,0,0,0
81,313.6,200.3,405.9,192.8,1,0,9,0
82,313.6666666666667,201.83333333333334,406.75,194.83333333333334,4,1,7,0
83,314.6875,201.6875,406.5625,194.3125,3,0,13,0
84,312.2,202.2,404.6666666666667,194.6,0,1,14,0
85,311.3333333333333,202.06666666666666,403.3333333333333,194.26666666666668,0,0,15,0
86,306.375,197.0,401.375,192.875,1,1,6,0
87,289.0,191.30769230769232,388.6923076923077,186.84615384615384,4,8,1,0
88,291.5,194.5,391.5,189.0,1,1,0,0
89,,,,,0,0,0,0
90,299.5,199.0,395.0,190.0,2,0,0,0
91,301.2857142857143,198.57142857142858,397.0,190.85714285714286,1,0,6,0
92,300.6666666666667,199.0,397.0,191.33333333333334,0,0,3,0
93,,,,,0,0,0,0
94,304.25,199.0,397.8333333333333,192.5,0,4,8,0
95,294.5,190.5,396.0,190.5,0,0,2,0
96,302.6666666666667,199.0,396.6666666666667,192.0,0,0,3,0
97,302.5,199.66666666666666,396.6666666666667,193.16666666666666,0,1,11,0
98,,,,,0,0,0,0
99,,,,,0,0,0,0
100,,,,,0,0,0,0
101,,,,,0,0,0,0
102,,,,,0,0,0,0
103,,,,,0,0,0,0
104,,,,,0,0,0,0
105,,,,,0,0,0,0
106,,,,,0,0,0,0
107,,,,,0,0,0,0
108,,,,,0,0,0,0
109,,,,,0,0,0,0
110,,,,,0,0,0,0
111,,,,,0,0,0,0
112,,,,,0,0,0,0
113,,,,,0,0,0,0
114,,,,,0,0,0,0
115,,,,,0,0,0,0
116,,,,,0,0,0,0
117,,,,,0,0,0,0
118,,,,,0,0,0,0
119,,,,,0,0,0,0
120,323.0,187.0,403.0,183.0,0,0,1,0
121,313.0,184.5,394.5,179.0,1,0,1,0
122,,,,,0,0,0,0
123,,,,,0,0,0,0
124,,,,,0,0,0,0
125,,,,,0,0,0,0
126,,,,,0,0,0,0
127,,,,,0,0,0,0
128,295.0,198.5,388.0,185.5,1,1,0,0
129,299.0,201.0,396.0,188.0,1,0,0,0
130,,,,,0,0,0,0
131,,,,,0,0,0,0
132,,,,,0,0,0,0
133,,,,,0,0,0,0
134,,,,,0,0,0,0
135,,,,,0,0,0,0
136,251.0,228.66666666666666,326.3333333333333,222.0,2,4,0,0
137,294.57142857142856,232.21428571428572,376.64285714285717,228.35714285714286,8,0,6,0
138,284.57142857142856,229.0,365.42857142857144,221.85714285714286,7,0,0,0
139,277.75,230.375,358.125,222.5,5,1,2,0
140,278.1333333333333,235.46666666666667,357.8,228.4,5,0,10,0
141,264.53846153846155,241.84615384615384,341.38461538461536,239.0,10,3,0,0
142,242.0,254.8,329.3,250.5,2,4,4,0
143,240.4,254.9,328.6,248.0,5,1,4,0
144,223.14285714285714,273.57142857142856,292.0,262.42857142857144,2,0,5,0
145,263.1111111111111,243.0,342.44444444444446,238.0,3,3,3,0
146,274.7,239.2,352.9,236.5,0,3,7,0
147,228.0,276.5,309.5,273.0,0,0,2,0
148,,,,,0,0,0,0
149,,,,,0,0,0,0
150,338.0,201.0,413.0,213.0,1,0,0,0
151,,,,,0,0,0,0
152,,,,,0,0,0,0
153,,,,,0,0,0,0
154,,,,,0,0,0,0
155,,,,,0,0,0,0
156,,,,,0,0,0,0
157,,,,,0,0,0,0
158,,,,,0,0,0,0
159,305.0,202.0,407.0,192.0,0,1,0,0
160,302.0,202.0,404.0,192.0,0,1,0,0
161,304.0,202.0,403.0,193.0,0,1,0,0
162,308.0,204.0,404.0,194.5,0,1,1,0
163,304.3333333333333,204.0,403.55555555555554,194.11111111111111,0,6,3,0
164,306.44444444444446,204.44444444444446,404.3333333333333,194.66666666666666,0,3,6,0
165,305.1333333333333,205.53333333333333,404.0,196.06666666666666,0,7,8,0
166,305.09090909090907,206.0909090909091,403.8181818181818,196.9090909090909,0,7,4,0
167,304.3076923076923,206.0,403.6923076923077,196.3846153846154,0,12,1,0
168,304.14285714285717,207.14285714285714,402.0,196.85714285714286,0,4,3,0
169,302.5833333333333,207.58333333333334,402.5,196.83333333333334,0,0,12,0
170,303.1333333333333,208.46666666666667,402.53333333333336,198.86666666666667,0,0,15,0
171,295.8666666666667,210.46666666666667,396.8,200.4,0,5,10,0
172,298.26666666666665,212.73333333333332,400.46666666666664,202.06666666666666,0,0,15,0
173,301.73333333333335,213.8,403.0,203.6,0,0,15,0
174,304.6,213.86666666666667,404.6666666666667,203.66666666666666,0,0,15,0
175,305.3333333333333,214.0,406.06666666666666,203.4,0,0,15,0
176,303.93333333333334,214.8,404.53333333333336,204.73333333333332,0,1,14,0
177,299.5,214.42857142857142,400.57142857142856,204.5,0,0,14,0
178,301.3333333333333,215.13333333333333,402.6666666666667,204.93333333333334,0,0,15,0
179,302.1875,215.375,403.125,205.5625,0,0,16,0
180,301.7692307692308,215.53846153846155,402.9230769230769,206.0,0,0,13,0
181,300.06666666666666,215.6,401.6666666666667,204.6,0,0,15,0
182,301.93333333333334,215.66666666666666,403.73333333333335,204.53333333333333,0,0,15,0
183,306.8,215.26666666666668,407.3333333333333,204.33333333333334,0,0,15,0
184,306.26666666666665,216.06666666666666,407.4,205.13333333333333,1,0,14,0
185,307.57142857142856,217.42857142857142,409.35714285714283,208.14285714285714,10,2,2,0
186,307.26666666666665,216.86666666666667,409.4,204.66666666666666,1,4,10,0
187,310.92857142857144,218.28571428571428,412.7142857142857,205.35714285714286,5,3,6,0
188,310.06666666666666,221.53333333333333,412.26666666666665,209.4,7,6,2,0
189,312.2,221.93333333333334,415.6666666666667,209.6,2,6,7,0
190,311.3333333333333,221.93333333333334,414.1333333333333,209.73333333333332,6,9,0,0
191,312.8,220.26666666666668,414.3333333333333,208.26666666666668,1,6,8,0
192,306.0,211.0,408.0,198.66666666666666,0,0,3,0
193,,,,,0,0,0,0
194,,,,,0,0,0,0
195,,,,,0,0,0,0
196,317.44444444444446,205.44444444444446,417.6666666666667,199.44444444444446,7,2,0,0
197,316.73333333333335,206.93333333333334,416.93333333333334,198.73333333333332,14,1,0,0
198,313.2,206.53333333333333,412.8,198.46666666666667,11,4,0,0
199,314.6,206.66666666666666,415.46666666666664,196.93333333333334,7,6,2,0
200,314.7692307692308,206.76923076923077,414.0,199.53846153846155,12,1,0,0
201,310.6,207.33333333333334,409.8,199.0,8,3,4,0
202,308.93333333333334,208.73333333333332,410.6,199.53333333333333,0,3,12,0
203,309.0,209.6,409.46666666666664,201.33333333333334,0,5,10,0
204,308.2,210.93333333333334,410.0,203.0,0,0,15,0
205,307.84615384615387,211.92307692307693,408.38461538461536,204.15384615384616,0,0,13,0
206,307.8666666666667,212.0,408.93333333333334,203.2,0,0,15,0
207,308.93333333333334,211.4,409.8,204.26666666666668,0,1,14,0
208,309.93333333333334,211.13333333333333,410.3333333333333,204.4,1,3,11,0
209,310.2,212.0,411.4,204.46666666666667,2,2,11,0
210,312.93333333333334,212.66666666666666,414.0,204.26666666666668,0,1,14,0
211,313.4,212.66666666666666,414.8,206.73333333333332,15,0,0,0
212,312.8666666666667,213.13333333333333,414.4,207.4,12,0,3,0
213,315.2,213.86666666666667,416.73333333333335,207.73333333333332,13,1,1,0
214,318.3333333333333,215.06666666666666,419.8666666666667,209.53333333333333,12,1,2,0
215,317.73333333333335,215.0,419.1333333333333,209.6,15,0,0,0
216,317.8,215.6,419.06666666666666,209.86666666666667,15,0,0,0
217,316.73333333333335,216.0,418.53333333333336,210.46666666666667,15,0,0,0
218,317.53333333333336,216.73333333333332,419.2,211.66666666666666,14,0,1,0
219,318.73333333333335,217.06666666666666,420.6,211.86666666666667,14,0,1,0
220,318.06666666666666,217.26666666666668,419.93333333333334,212.26666666666668,13,1,1,0
221,318.06666666666666,217.4,419.6666666666667,212.6,14,1,0,0
222,319.6,217.86666666666667,421.2,212.6,10,1,4,0
223,319.2,217.8,421.2,213.46666666666667,14,1,0,0
224,319.6666666666667,218.0,421.06666666666666,213.93333333333334,14,1,0,0
225,321.4,218.26666666666668,423.06666666666666,214.2,15,0,0,0
226,327.8666666666667,212.4,428.8666666666667,206.93333333333334,4,1,10,0
227,326.8,215.8,427.93333333333334,210.26666666666668,3,5,7,0
228,325.4,214.86666666666667,426.0,208.93333333333334,2,4,9,0
229,330.6666666666667,208.41666666666666,428.5833333333333,202.91666666666666,3,1,8,0
230,293.0,176.0,383.0,168.0,0,1,0,0
231,,,,,0,0,0,0
232,,,,,0,0,0,0
233,,,,,0,0,0,0
234,,,,,0,0,0,0
235,302.0,217.2,372.2,211.2,1,3,1,0
236,344.0,200.0,421.25,201.5,3,0,1,0
237,,,,,0,0,0,0
238,,,,,0,0,0,0
239,358.5,192.66666666666666,439.0,190.83333333333334,4,2,0,0
240,340.38461538461536,201.30769230769232,421.9230769230769,194.3846153846154,12,1,0,0
241,343.0,208.0,424.0,203.0,0,1,0,0
242,,,,,0,0,0,0
243,342.3333333333333,190.16666666666666,424.0,189.33333333333334,2,3,1,0
244,342.42857142857144,222.71428571428572,431.0,226.57142857142858,2,0,5,0
245,342.5,220.91666666666666,432.0,224.08333333333334,4,3,5,0
246,,,,,0,0,0,0
247,,,,,0,0,0,0
248,,,,,0,0,0,0
249,,,,,0,0,0,0
250,,,,,0,0,0,0
251,,,,,0,0,0,0
252,,,,,0,0,0,0
253,,,,,0,0,0,0
254,,,,,0,0,0,0
255,409.0,189.0,502.0,199.0,1,0,0,0
256,408.0,191.0,508.0,198.0,0,0,1,0
257,340.0,192.0,444.5,196.5,1,0,1,0
258,,,,,0,0,0,0
259,,,,,0,0,0,0
260,,,,,0,0,0,0
261,,,,,0,0,0,0
262,346.6666666666667,205.33333333333334,457.6666666666667,203.0,3,0,0,0
263,324.77777777777777,195.0,437.44444444444446,192.11111111111111,4,4,1,0
264,259.9166666666667,179.33333333333334,368.5833333333333,169.66666666666666,1,11,0,0
265,,,,,0,0,0,0
266,,,,,0,0,0,0
267,291.90909090909093,168.0,399.72727272727275,171.63636363636363,6,5,0,0
268,287.6666666666667,184.5,396.1666666666667,183.0,6,0,0,0
269,,,,,0,0,0,0
270,302.0,184.0,403.0,181.0,1,0,0,0
271,,,,,0,0,0,0
272,301.0,186.0,404.0,180.0,1,0,0,0
273,,,,,0,0,0,0
274,297.6666666666667,183.66666666666666,400.3333333333333,176.66666666666666,2,1,0,0
275,290.0,179.0,395.0,167.66666666666666,1,2,0,0
276,291.0,179.0,396.5,168.5,2,0,0,0
277,293.6666666666667,176.0,396.6666666666667,167.66666666666666,3,0,0,0
278,286.6,177.8,388.4,167.8,4,1,0,0
279,286.09090909090907,179.54545454545453,389.09090909090907,167.1818181818182,10,1,0,0
280,293.0,182.0,398.6666666666667,168.33333333333334,3,0,0,0
281,307.0,180.0,412.0,175.0,1,0,0,0
282,307.0,178.0,412.5,173.5,0,1,1,0
283,309.0,179.0,412.0,172.0,0,1,1,0
284,,,,,0,0,0,0
285,,,,,0,0,0,0
286,,,,,0,0,0,0
287,,,,,0,0,0,0
288,,,,,0,0,0,0
289,,,,,0,0,0,0
290,,,,,0,0,0,0
291,,,,,0,0,0,0
292,,,,,0,0,0,0
293,247.33333333333334,259.6666666666667,332.0,253.66666666666666,3,0,0,0
294,248.0,260.0,329.5,254.0,2,0,0,0
295,,,,,0,0,0,0
296,269.0,189.0,349.0,182.5,1,0,1,0
297,302.0,177.0,383.0,175.0,1,0,0,0
298,,,,,0,0,0,0
299,,,,,0,0,0,0
300,,,,,0,0,0,0
301,,,,,0,0,0,0
302,263.2,165.8,343.6,158.8,4,1,0,0
303,,,,,0,0,0,0
304,,,,,0,0,0,0
305,341.0,187.5,431.0,182.5,2,0,0,0
306,333.6,184.4,430.2,177.6,3,0,2,0
307,317.0,164.0,424.0,156.0,1,0,0,0
308,310.8181818181818,176.54545454545453,412.90909090909093,171.1818181818182,7,1,3,0
309,302.5,178.0,403.5,167.5,0,0,2,0
310,311.0,192.0,414.0,181.0,1,0,0,0
311,306.57142857142856,199.14285714285714,412.64285714285717,189.28571428571428,4,6,4,0
312,307.2,205.86666666666667,413.8,197.73333333333332,0,2,13,0
313,308.93333333333334,210.46666666666667,416.06666666666666,202.0,1,0,14,0
314,310.26666666666665,211.73333333333332,417.6666666666667,204.6,3,1,11,0
315,307.1333333333333,213.06666666666666,414.93333333333334,205.46666666666667,2,2,11,0
316,309.6,212.6,417.1333333333333,204.8,3,5,7,0
317,309.6,213.13333333333333,417.6666666666667,206.33333333333334,6,0,9,0
318,306.6923076923077,212.6153846153846,413.7692307692308,205.69230769230768,4,2,7,0
319,304.2,211.93333333333334,412.93333333333334,204.53333333333333,6,5,4,0
320,304.26666666666665,211.8,412.8666666666667,204.93333333333334,2,2,11,0
321,307.1333333333333,212.2,415.3333333333333,205.26666666666668,5,7,3,0
322,308.875,212.9375,416.4375,205.875,14,1,1,0
323,306.4,213.46666666666667,413.93333333333334,206.26666666666668,1,1,13,0
324,303.0,207.8,406.8666666666667,199.93333333333334,6,0,9,0
325,293.4,198.6,368.2,186.0,1,1,3,0
326,,,,,0,0,0,0
327,245.8,202.6,324.0,189.8,2,3,0,0
328,,,,,0,0,0,0
329,,,,,0,0,0,0
330,,,,,0,0,0,0
331,,,,,0,0,0,0
332,,,,,0,0,0,0
333,,,,,0,0,0,0
334,,,,,0,0,0,0
335,,,,,0,0,0,0
336,,,,,0,0,0,0
337,,,,,0,0,0,0
338,,,,,0,0,0,0
339,238.0,209.66666666666666,321.3333333333333,200.0,1,1,1,0
340,282.5,194.0,367.0,188.125,3,0,5,0
341,300.0,207.0,408.0,197.0,0,0,1,0
342,294.42857142857144,214.35714285714286,404.07142857142856,204.21428571428572,5,4,5,0
343,288.7857142857143,221.64285714285714,399.14285714285717,208.92857142857142,0,10,4,0
344,283.2,218.9,392.7,206.5,7,3,0,0
345,289.46666666666664,224.66666666666666,400.6666666666667,208.53333333333333,0,12,3,0
346,291.1333333333333,215.86666666666667,397.73333333333335,202.8,3,3,9,0
347,293.06666666666666,216.6,399.0,206.86666666666667,2,4,9,0
348,291.8666666666667,216.2,397.53333333333336,202.66666666666666,4,2,9,0
349,293.0,215.42857142857142,399.0,205.71428571428572,8,6,0,0
350,291.5,211.25,396.75,202.5,2,0,2,0
351,282.2,206.6,391.2,200.0,1,2,2,0
352,284.0769230769231,208.76923076923077,389.38461538461536,200.46153846153845,7,1,5,0
353,285.46666666666664,204.8,390.73333333333335,197.13333333333333,13,2,0,0
354,286.61538461538464,199.15384615384616,389.0,188.76923076923077,13,0,0,0
355,286.2,200.06666666666666,386.8,191.26666666666668,14,1,0,0
356,,,,,0,0,0,0
357,223.75,147.0,273.0,138.5,1,1,2,0
358,224.0,146.0,263.0,140.0,0,0,1,0
359,262.8,148.0,301.0,144.8,0,3,2,0
360,264.3333333333333,151.5,307.6666666666667,146.0,2,2,2,0
361,274.5,163.5,345.0,155.0,2,0,0,0
362,,,,,0,0,0,0
363,315.0,158.5,387.0,164.0,0,1,3,0
364,279.0,163.5,350.5,158.5,0,2,0,0
365,289.5,164.9,362.8,163.3,8,0,2,0
366,316.0,163.0,394.0,173.0,1,0,0,0
367,,,,,0,0,0,0
368,318.0,165.25,390.5,169.25,4,0,0,0
369,,,,,0,0,0,0
370,,,,,0,0,0,0
371,314.75,195.875,413.25,189.625,7,0,1,0
372,305.46666666666664,207.2,414.1333333333333,202.86666666666667,1,1,13,0
373,306.2,212.6,415.4,207.86666666666667,1,1,13,0
374,310.07142857142856,219.5,419.07142857142856,215.92857142857142,1,1,12,0
375,305.4,219.93333333333334,415.2,216.4,0,0,15,0
376,309.26666666666665,220.53333333333333,416.73333333333335,216.13333333333333,0,0,15,0
377,311.26666666666665,220.6,419.46666666666664,217.53333333333333,0,0,15,0
378,310.1333333333333,222.13333333333333,417.93333333333334,219.53333333333333,0,0,15,0
379,311.1333333333333,224.13333333333333,418.1333333333333,220.26666666666668,0,0,15,0
380,312.85714285714283,225.07142857142858,424.2857142857143,222.07142857142858,2,8,4,0
381,317.1333333333333,226.73333333333332,427.73333333333335,222.6,0,11,4,0
382,316.8,228.53333333333333,426.26666666666665,224.86666666666667,0,13,2,0
383,316.3,227.8,426.9,223.2,0,7,3,0
384,315.75,209.33333333333334,417.1666666666667,206.5,8,1,3,0
385,317.8,199.6,413.4,198.4,5,0,0,0
386,,,,,0,0,0,0
387,,,,,0,0,0,0
388,365.3333333333333,189.6,468.73333333333335,182.66666666666666,9,0,6,0
389,371.46666666666664,194.46666666666667,475.26666666666665,191.66666666666666,14,1,0,0
390,370.8,194.33333333333334,474.1333333333333,191.0,15,0,0,0
391,373.5,194.625,476.625,190.6875,8,2,6,0
392,369.6,195.0,473.4,190.6,12,2,1,0
393,345.35714285714283,198.85714285714286,453.14285714285717,193.0,4,1,9,0
394,342.8,207.0,452.8,201.4,0,0,15,0
395,339.8666666666667,208.53333333333333,451.6,204.13333333333333,0,0,15,0
396,334.46666666666664,209.6,445.1333333333333,203.06666666666666,1,1,13,0
397,335.6923076923077,209.30769230769232,445.6923076923077,202.92307692307693,3,0,10,0
398,335.73333333333335,209.53333333333333,445.6666666666667,203.33333333333334,0,0,15,0
399,338.53333333333336,208.6,448.3333333333333,202.53333333333333,1,0,14,0
400,341.53333333333336,209.06666666666666,450.46666666666664,202.46666666666667,7,0,8,0
401,326.7142857142857,202.14285714285714,434.57142857142856,191.85714285714286,0,2,5,0
402,225.14285714285714,134.28571428571428,281.57142857142856,128.85714285714286,2,3,2,0
403,228.91666666666666,135.25,281.5,130.25,7,5,0,0
404,232.83333333333334,136.16666666666666,286.5,129.66666666666666,6,0,0,0
405,221.25,129.25,268.5,122.0,0,2,2,0
406,239.0,147.0,306.0,130.0,1,0,0,0
407,,,,,0,0,0,0
408,,,,,0,0,0,0
409,,,,,0,0,0,0
410,,,,,0,0,0,0
411,,,,,0,0,0,0
412,,,,,0,0,0,0
413,332.6666666666667,180.41666666666666,437.5,180.25,11,1,0,0
414,327.0,181.14285714285714,429.2857142857143,177.28571428571428,6,1,0,0
415,317.53333333333336,189.33333333333334,426.0,184.53333333333333,12,3,0,0
416,316.73333333333335,202.6,428.1333333333333,197.53333333333333,13,0,2,0
417,311.0,202.33333333333334,422.06666666666666,196.33333333333334,0,0,15,0
418,311.6,201.33333333333334,422.6666666666667,195.93333333333334,3,0,12,0
419,311.2,200.8,422.26666666666665,196.6,6,1,8,0
420,311.1333333333333,201.06666666666666,422.3333333333333,196.4,0,0,15,0
421,312.73333333333335,202.13333333333333,423.06666666666666,196.26666666666668,4,4,7,0
422,312.53333333333336,201.66666666666666,423.3333333333333,197.2,1,2,12,0
423,311.2,203.0,422.8,198.0,8,0,7,0
424,311.6666666666667,204.93333333333334,420.2,199.6,1,1,13,0
425,310.93333333333334,205.8,422.26666666666665,200.4,4,1,10,0
426,309.1333333333333,205.2,421.4,198.86666666666667,0,3,12,0
427,311.46153846153845,207.07692307692307,423.84615384615387,202.0,0,0,13,0
428,311.55555555555554,207.22222222222223,425.0,202.66666666666666,1,6,2,0
429,306.5,208.25,423.6666666666667,203.0,0,1,11,0
430,,,,,0,0,0,0
431,,,,,0,0,0,0
432,,,,,0,0,0,0
433,,,,,0,0,0,0
434,302.7142857142857,212.14285714285714,420.0,206.28571428571428,0,1,6,0
435,312.6666666666667,210.66666666666666,424.6666666666667,206.33333333333334,1,0,2,0
436,,,,,0,0,0,0
437,,,,,0,0,0,0
438,,,,,0,0,0,0
439,,,,,0,0,0,0
440,,,,,0,0,0,0
441,,,,,0,0,0,0
442,,,,,0,0,0,0
443,305.5,209.875,420.25,203.625,0,0,8,0
444,300.6666666666667,206.83333333333334,416.9166666666667,200.83333333333334,0,1,11,0
445,280.55555555555554,189.11111111111111,401.8888888888889,181.77777777777777,1,5,3,0
446,,,,,0,0,0,0
447,,,,,0,0,0,0
448,,,,,0,0,0,0
449,,,,,0,0,0,0
450,,,,,0,0,0,0
451,,,,,0,0,0,0
452,,,,,0,0,0,0
453,,,,,0,0,0,0
454,,,,,0,0,0,0
455,,,,,0,0,0,0
456,,,,,0,0,0,0
457,,,,,0,0,0,0
458,,,,,0,0,0,0
459,,,,,0,0,0,0
460,,,,,0,0,0,0
461,,,,,0,0,0,0
462,,,,,0,0,0,0
463,,,,,0,0,0,0
464,,,,,0,0,0,0
465,,,,,0,0,0,0
466,276.0,188.66666666666666,387.0,179.5,6,0,0,0
467,291.35714285714283,194.14285714285714,396.2857142857143,185.14285714285714,9,5,0,0
468,287.06666666666666,196.13333333333333,395.1333333333333,188.46666666666667,13,2,0,0
469,286.0,196.0,393.625,187.875,8,0,0,0
470,,,,,0,0,0,0
471,,,,,0,0,0,0
472,,,,,0,0,0,0
473,,,,,0,0,0,0
474,,,,,0,0,0,0
475,,,,,0,0,0,0
476,,,,,0,0,0,0
477,,,,,0,0,0,0
478,261.0,179.0,379.0,166.0,0,1,0,0
479,279.5,182.0,398.5,182.25,4,0,0,0
480,,,,,0,0,0,0
481,277.0,156.5,380.3333333333333,147.33333333333334,1,5,0,0
482,,,,,0,0,0,0
483,,,,,0,0,0,0
484,,,,,0,0,0,0
485,254.33333333333334,148.33333333333334,346.0,137.33333333333334,3,0,0,0
486,262.4,153.0,358.0,144.8,6,7,2,0
487,283.6666666666667,156.33333333333334,379.3333333333333,149.66666666666666,2,1,0,0
488,242.77777777777777,175.55555555555554,352.55555555555554,173.66666666666666,6,3,0,0
489,254.66666666666666,193.4,376.73333333333335,196.8,2,7,6,0
490,263.73333333333335,202.4,384.0,204.53333333333333,6,4,5,0
491,263.6666666666667,204.8,381.8666666666667,204.93333333333334,3,3,9,0
492,263.8,198.2,377.2,196.4,0,5,0,0
493,,,,,0,0,0,0
494,,,,,0,0,0,0
495,,,,,0,0,0,0
496,,,,,0,0,0,0
497,198.0,199.5,285.0,181.0,1,1,0,0
498,252.06666666666666,172.4,346.1333333333333,167.33333333333334,10,3,2,0
499,348.0,180.15384615384616,450.7692307692308,185.07692307692307,13,0,0,0
500,367.92857142857144,173.21428571428572,467.14285714285717,178.21428571428572,7,7,0,0
501,365.1333333333333,170.53333333333333,462.26666666666665,176.33333333333334,11,4,0,0
502,360.8666666666667,170.8,457.4,176.2,11,4,0,0
503,359.0769230769231,171.84615384615384,456.3076923076923,177.53846153846155,11,2,0,0
504,360.1333333333333,171.26666666666668,457.1333333333333,176.4,14,1,0,0
505,360.14285714285717,171.0,457.14285714285717,174.92857142857142,13,1,0,0
506,360.8,171.06666666666666,458.0,176.2,9,6,0,0
507,361.06666666666666,170.06666666666666,457.6,175.66666666666666,5,10,0,0
508,361.14285714285717,171.07142857142858,458.5,176.78571428571428,4,10,0,0
509,360.26666666666665,173.46666666666667,457.2,179.0,13,2,0,0
510,359.6666666666667,173.46666666666667,456.8666666666667,178.33333333333334,9,6,0,0
511,358.93333333333334,174.26666666666668,456.4,178.26666666666668,4,11,0,0
512,357.6,173.93333333333334,455.8,178.06666666666666,4,10,1,0
513,359.5,173.28571428571428,456.64285714285717,177.57142857142858,3,11,0,0
514,359.85714285714283,173.78571428571428,457.0,178.92857142857142,5,9,0,0
515,360.42857142857144,175.85714285714286,458.42857142857144,181.14285714285714,12,2,0,0
516,360.73333333333335,176.33333333333334,458.2,182.53333333333333,11,3,1,0
517,360.46666666666664,176.26666666666668,457.73333333333335,182.33333333333334,12,3,0,0
518,361.1333333333333,175.6,458.53333333333336,182.0,10,5,0,0
519,361.2,175.26666666666668,458.8666666666667,181.66666666666666,10,5,0,0
520,358.4,177.2,456.46666666666664,183.33333333333334,5,10,0,0
521,357.93333333333334,180.13333333333333,456.4,186.13333333333333,11,4,0,0
522,348.0769230769231,183.07692307692307,449.0769230769231,186.53846153846155,11,2,0,0
523,341.93333333333334,183.73333333333332,443.06666666666666,187.53333333333333,15,0,0,0
524,342.26666666666665,183.0,443.26666666666665,185.73333333333332,14,1,0,0
525,339.375,184.25,439.8125,186.8125,15,1,0,0
526,336.93333333333334,184.93333333333334,437.3333333333333,187.0,15,0,0,0
527,335.6666666666667,184.46666666666667,436.6666666666667,187.26666666666668,14,1,0,0
528,333.06666666666666,184.26666666666668,434.4,186.4,12,3,0,0
529,332.3333333333333,184.6,433.26666666666665,186.93333333333334,14,1,0,0
530,332.8,184.73333333333332,433.93333333333334,187.06666666666666,15,0,0,0
531,332.5,183.9375,433.5,185.5625,13,3,0,0
532,332.3333333333333,183.13333333333333,432.93333333333334,185.66666666666666,7,8,0,0
533,330.6,184.06666666666666,431.4,186.26666666666668,6,9,0,0
534,330.8,184.06666666666666,431.6666666666667,186.13333333333333,9,6,0,0
535,331.26666666666665,185.2,432.1333333333333,186.4,11,4,0,0
536,330.4,185.26666666666668,431.73333333333335,187.4,12,3,0,0
537,332.73333333333335,185.4,433.6666666666667,187.4,14,1,0,0
538,332.3333333333333,185.73333333333332,433.0,188.2,13,2,0,0
539,331.93333333333334,184.73333333333332,433.6,187.2,14,1,0,0
540,332.0,185.2,433.06666666666666,187.73333333333332,13,2,0,0
541,332.0,184.4375,433.5625,186.3125,14,2,0,0
542,331.26666666666665,184.06666666666666,432.53333333333336,185.8,8,7,0,0
543,329.8666666666667,184.93333333333334,431.3333333333333,187.2,11,4,0,0
544,329.6,185.2,431.06666666666666,187.26666666666668,9,6,0,0
545,330.6666666666667,186.06666666666666,432.53333333333336,188.0,14,1,0,0
546,330.93333333333334,184.33333333333334,432.6666666666667,185.8,8,7,0,0
547,324.4,182.46666666666667,426.6666666666667,184.8,10,5,0,0
548,323.4,182.8,425.2,183.93333333333334,5,10,0,0
549,335.92857142857144,180.64285714285714,436.0,183.28571428571428,6,6,2,0
550,339.8,181.0,440.26666666666665,182.53333333333333,5,7,3,0
551,342.2,178.8,441.8,180.6,0,6,4,0
552,341.75,181.75,444.625,182.0,1,5,2,0
553,338.8888888888889,181.88888888888889,442.77777777777777,182.55555555555554,2,7,0,0
554,339.875,182.125,444.125,181.0,0,7,1,0
555,341.0833333333333,182.16666666666666,445.0833333333333,183.83333333333334,2,10,0,0
556,340.0,181.75,442.5,183.75,4,0,0,0
557,,,,,0,0,0,0
558,,,,,0,0,0,0
559,245.0,152.0,328.0,141.0,1,0,0,0
560,299.0,151.0,392.0,153.0,1,0,0,0
561,,,,,0,0,0,0
562,,,,,0,0,0,0
563,,,,,0,0,0,0
564,,,,,0,0,0,0
565,295.5,172.0,415.0,169.5,0,2,0,0
566,,,,,0,0,0,0
567,,,,,0,0,0,0
568,,,,,0,0,0,0
569,,,,,0,0,0,0
570,,,,,0,0,0,0
571,,,,,0,0,0,0
572,,,,,0,0,0,0
573,,,,,0,0,0,0
574,,,,,0,0,0,0
575,,,,,0,0,0,0
576,,,,,0,0,0,0
577,294.0,182.0,404.25,179.75,4,0,0,0
578,307.5,180.0,411.5,173.25,3,1,0,0
579,,,,,0,0,0,0
580,,,,,0,0,0,0
581,,,,,0,0,0,0
582,,,,,0,0,0,0
583,,,,,0,0,0,0
584,,,,,0,0,0,0
585,,,,,0,0,0,0
586,,,,,0,0,0,0
587,,,,,0,0,0,0
588,369.875,286.125,427.5,307.875,0,3,5,0
589,424.25,256.5,497.5,249.25,0,1,3,0
590,,,,,0,0,0,0
591,178.0,24.0,324.0,31.0,0,1,0,0
592,,,,,0,0,0,0
593,,,,,0,0,0,0
594,,,,,0,0,0,0
595,,,,,0,0,0,0
596,,,,,0,0,0,0
597,298.3333333333333,142.16666666666666,390.6666666666667,157.66666666666666,9,1,2,0
598,337.6,139.6,414.6,155.4,1,3,1,0
599,353.0,41.0,427.0,48.0,0,0,1,0
600,366.0,212.0,427.0,225.0,0,1,0,0
601,,,,,0,0,0,0
602,370.0,302.0,434.0,326.0,0,1,0,0
603,,,,,0,0,0,0
604,,,,,0,0,0,0
605,,,,,0,0,0,0
606,,,,,0,0,0,0
607,,,,,0,0,0,0
608,,,,,0,0,0,0
609,314.5,176.5,374.5,158.5,0,1,1,0
610,326.8333333333333,216.66666666666666,380.6666666666667,207.66666666666666,0,0,6,0
611,,,,,0,0,0,0
612,159.33333333333334,134.66666666666666,229.33333333333334,117.66666666666667,0,0,3,0
613,,,,,0,0,0,0
614,,,,,0,0,0,0
615,,,,,0,0,0,0
616,,,,,0,0,0,0
617,,,,,0,0,0,0
618,,,,,0,0,0,0
619,,,,,0,0,0,0
620,,,,,0,0,0,0
621,,,,,0,0,0,0
622,,,,,0,0,0,0
623,130.5,259.5,191.5,266.5,2,0,0,0
624,130.0,258.0,191.0,264.0,1,0,0,0
625,,,,,0,0,0,0
626,,,,,0,0,0,0
627,,,,,0,0,0,0
628,,,,,0,0,0,0
629,,,,,0,0,0,0
630,,,,,0,0,0,0
631,,,,,0,0,0,0
632,,,,,0,0,0,0
633,280.5,209.0,370.0,198.0,0,1,1,0
634,,,,,0,0,0,0
635,,,,,0,0,0,0
636,,,,,0,0,0,0
637,,,,,0,0,0,0
638,,,,,0,0,0,0
639,,,,,0,0,0,0
640,,,,,0,0,0,0
641,,,,,0,0,0,0
642,,,,,0,0,0,0
643,,,,,0,0,0,0
644,,,,,0,0,0,0
645,,,,,0,0,0,0
646,,,,,0,0,0,0
647,,,,,0,0,0,0
648,,,,,0,0,0,0
649,,,,,0,0,0,0
650,,,,,0,0,0,0
651,,,,,0,0,0,0
652,,,,,0,0,0,0
653,,,,,0,0,0,0
654,,,,,0,0,0,0
655,,,,,0,0,0,0
656,,,,,0,0,0,0
657,,,,,0,0,0,0
658,,,,,0,0,0,0
659,,,,,0,0,0,0
660,,,,,0,0,0,0
661,,,,,0,0,0,0
662,,,,,0,0,0,0
663,,,,,0,0,0,0
664,,,,,0,0,0,0
665,,,,,0,0,0,0
666,,,,,0,0,0,0
667,,,,,0,0,0,0
668,,,,,0,0,0,0
669,,,,,0,0,0,0
670,,,,,0,0,0,0
671,,,,,0,0,0,0
672,,,,,0,0,0,0
673,,,,,0,0,0,0
674,,,,,0,0,0,0
675,,,,,0,0,0,0
676,,,,,0,0,0,0
677,,,,,0,0,0,0
678,,,,,0,0,0,0
679,,,,,0,0,0,0
680,,,,,0,0,0,0
681,,,,,0,0,0,0
682,,,,,0,0,0,0
683,,,,,0,0,0,0
684,,,,,0,0,0,0
685,,,,,0,0,0,0
686,,,,,0,0,0,0
687,,,,,0,0,0,0
688,,,,,0,0,0,0
689,,,,,0,0,0,0
690,,,,,0,0,0,0
691,,,,,0,0,0,0
692,,,,,0,0,0,0
693,,,,,0,0,0,0
694,,,,,0,0,0,0
695,,,,,0,0,0,0
696,,,,,0,0,0,0
697,,,,,0,0,0,0
698,,,,,0,0,0,0
699,,,,,0,0,0,0
700,,,,,0,0,0,0
701,,,,,0,0,0,0
702,,,,,0,0,0,0
703,,,,,0,0,0,0
704,,,,,0,0,0,0
705,,,,,0,0,0,0
706,,,,,0,0,0,0
707,,,,,0,0,0,0
708,,,,,0,0,0,0
709,,,,,0,0,0,0
710,,,,,0,0,0,0
711,,,,,0,0,0,0
712,,,,,0,0,0,0
713,,,,,0,0,0,0
714,,,,,0,0,0,0
715,,,,,0,0,0,0
716,,,,,0,0,0,0
717,,,,,0,0,0,0
718,,,,,0,0,0,0
719,,,,,0,0,0,0
720,,,,,0,0,0,0
721,,,,,0,0,0,0
722,,,,,0,0,0,0
723,,,,,0,0,0,0
724,,,,,0,0,0,0
725,,,,,0,0,0,0
726,,,,,0,0,0,0
727,,,,,0,0,0,0
728,,,,,0,0,0,0
729,,,,,0,0,0,0
730,,,,,0,0,0,0
731,,,,,0,0,0,0
732,,,,,0,0,0,0
733,,,,,0,0,0,0
734,,,,,0,0,0,0
735,,,,,0,0,0,0
736,,,,,0,0,0,0
737,,,,,0,0,0,0
738,,,,,0,0,0,0
739,,,,,0,0,0,0
740,,,,,0,0,0,0
741,,,,,0,0,0,0
742,,,,,0,0,0,0
743,,,,,0,0,0,0
744,,,,,0,0,0,0
745,,,,,0,0,0,0
746,,,,,0,0,0,0
747,,,,,0,0,0,0
748,,,,,0,0,0,0
749,,,,,0,0,0,0
750,,,,,0,0,0,0
751,,,,,0,0,0,0
752,,,,,0,0,0,0
753,,,,,0,0,0,0
754,,,,,0,0,0,0
755,,,,,0,0,0,0
756,,,,,0,0,0,0
757,,,,,0,0,0,0
758,,,,,0,0,0,0
759,,,,,0,0,0,0
760,,,,,0,0,0,0
761,,,,,0,0,0,0
762,,,,,0,0,0,0
763,,,,,0,0,0,0
764,,,,,0,0,0,0
765,,,,,0,0,0,0
766,,,,,0,0,0,0
767,,,,,0,0,0,0
768,,,,,0,0,0,0
769,,,,,0,0,0,0
770,,,,,0,0,0,0
771,,,,,0,0,0,0
772,,,,,0,0,0,0
773,,,,,0,0,0,0
774,,,,,0,0,0,0
775,,,,,0,0,0,0
776,,,,,0,0,0,0
777,,,,,0,0,0,0
778,,,,,0,0,0,0
779,,,,,0,0,0,0
780,,,,,0,0,0,0
781,,,,,0,0,0,0
782,,,,,0,0,0,0
783,,,,,0,0,0,0
784,,,,,0,0,0,0
785,,,,,0,0,0,0
786,,,,,0,0,0,0
787,,,,,0,0,0,0
788,,,,,0,0,0,0
789,,,,,0,0,0,0
790,,,,,0,0,0,0
791,,,,,0,0,0,0
792,,,,,0,0,0,0
793,,,,,0,0,0,0
794,,,,,0,0,0,0
795,,,,,0,0,0,0
796,,,,,0,0,0,0
797,,,,,0,0,0,0
798,,,,,0,0,0,0
799,,,,,0,0,0,0
800,,,,,0,0,0,0
801,,,,,0,0,0,0
802,,,,,0,0,0,0
803,,,,,0,0,0,0
804,,,,,0,0,0,0
805,,,,,0,0,0,0
806,,,,,0,0,0,0
807,,,,,0,0,0,0
808,,,,,0,0,0,0
809,,,,,0,0,0,0
810,,,,,0,0,0,0
811,,,,,0,0,0,0
812,,,,,0,0,0,0
813,,,,,0,0,0,0
814,,,,,0,0,0,0
815,,,,,0,0,0,0
816,,,,,0,0,0,0
817,,,,,0,0,0,0
818,,,,,0,0,0,0
819,,,,,0,0,0,0
820,,,,,0,0,0,0
821,,,,,0,0,0,0
822,,,,,0,0,0,0
823,,,,,0,0,0,0
824,,,,,0,0,0,0
825,,,,,0,0,0,0
826,,,,,0,0,0,0
827,,,,,0,0,0,0
828,,,,,0,0,0,0
829,,,,,0,0,0,0
830,,,,,0,0,0,0
831,,,,,0,0,0,0
832,,,,,0,0,0,0
833,,,,,0,0,0,0
834,,,,,0,0,0,0
835,,,,,0,0,0,0
836,,,,,0,0,0,0
837,,,,,0,0,0,0
838,,,,,0,0,0,0
839,,,,,0,0,0,0
840,,,,,0,0,0,0
841,,,,,0,0,0,0
842,,,,,0,0,0,0
843,,,,,0,0,0,0
844,,,,,0,0,0,0
845,,,,,0,0,0,0
846,317.0,216.0,399.0,212.5,2,0,0,0
847,,,,,0,0,0,0
848,,,,,0,0,0,0
849,,,,,0,0,0,0
850,,,,,0,0,0,0
851,,,,,0,0,0,0
852,,,,,0,0,0,0
853,,,,,0,0,0,0
854,,,,,0,0,0,0
855,,,,,0,0,0,0
856,,,,,0,0,0,0
857,,,,,0,0,0,0
858,,,,,0,0,0,0
859,,,,,0,0,0,0
860,,,,,0,0,0,0
861,,,,,0,0,0,0
862,,,,,0,0,0,0
863,,,,,0,0,0,0
864,,,,,0,0,0,0
865,,,,,0,0,0,0
866,,,,,0,0,0,0
867,,,,,0,0,0,0
868,,,,,0,0,0,0
869,,,,,0,0,0,0
870,,,,,0,0,0,0
871,,,,,0,0,0,0
872,,,,,0,0,0,0
873,,,,,0,0,0,0
874,,,,,0,0,0,0
875,,,,,0,0,0,0
876,,,,,0,0,0,0
877,,,,,0,0,0,0
878,,,,,0,0,0,0
879,,,,,0,0,0,0
880,,,,,0,0,0,0
881,,,,,0,0,0,0
882,,,,,0,0,0,0
883,,,,,0,0,0,0
884,,,,,0,0,0,0
885,,,,,0,0,0,0
886,,,,,0,0,0,0
887,,,,,0,0,0,0
888,,,,,0,0,0,0
889,,,,,0,0,0,0
890,,,,,0,0,0,0
891,,,,,0,0,0,0
892,,,,,0,0,0,0
893,,,,,0,0,0,0
894,305.0,216.5,413.5,229.0,0,2,0,0
895,314.5,212.0,419.5,225.5,0,1,1,0
896,,,,,0,0,0,0
897,,,,,0,0,0,0
898,,,,,0,0,0,0
899,,,,,0,0,0,0
900,,,,,0,0,0,0
901,,,,,0,0,0,0
902,,,,,0,0,0,0
903,,,,,0,0,0,0
904,,,,,0,0,0,0
905,,,,,0,0,0,0
906,,,,,0,0,0,0
907,,,,,0,0,0,0
908,,,,,0,0,0,0
909,,,,,0,0,0,0
910,,,,,0,0,0,0
911,,,,,0,0,0,0
912,,,,,0,0,0,0
913,,,,,0,0,0,0
914,,,,,0,0,0,0
915,,,,,0,0,0,0
916,,,,,0,0,0,0
917,,,,,0,0,0,0
918,,,,,0,0,0,0
919,,,,,0,0,0,0
920,,,,,0,0,0,0
921,,,,,0,0,0,0
922,,,,,0,0,0,0
923,,,,,0,0,0,0
924,,,,,0,0,0,0
925,,,,,0,0,0,0
926,,,,,0,0,0,0
927,,,,,0,0,0,0
928,,,,,0,0,0,0
929,,,,,0,0,0,0
930,,,,,0,0,0,0
931,,,,,0,0,0,0
932,,,,,0,0,0,0
933,,,,,0,0,0,0
934,,,,,0,0,0,0
935,,,,,0,0,0,0
936,,,,,0,0,0,0
937,,,,,0,0,0,0
938,,,,,0,0,0,0
939,,,,,0,0,0,0
940,,,,,0,0,0,0
941,,,,,0,0,0,0
942,,,,,0,0,0,0
943,,,,,0,0,0,0
944,,,,,0,0,0,0
945,,,,,0,0,0,0
946,,,,,0,0,0,0
947,,,,,0,0,0,0
948,,,,,0,0,0,0
949,,,,,0,0,0,0
950,,,,,0,0,0,0
951,,,,,0,0,0,0
952,,,,,0,0,0,0
953,,,,,0,0,0,0
954,,,,,0,0,0,0
955,,,,,0,0,0,0
956,,,,,0,0,0,0
957,,,,,0,0,0,0
958,,,,,0,0,0,0
959,,,,,0,0,0,0
960,,,,,0,0,0,0
961,,,,,0,0,0,0
962,,,,,0,0,0,0
963,,,,,0,0,0,0
964,,,,,0,0,0,0
965,,,,,0,0,0,0
966,,,,,0,0,0,0
967,,,,,0,0,0,0
968,,,,,0,0,0,0
969,,,,,0,0,0,0
970,,,,,0,0,0,0
971,,,,,0,0,0,0
972,,,,,0,0,0,0
973,,,,,0,0,0,0
974,,,,,0,0,0,0
975,,,,,0,0,0,0
976,,,,,0,0,0,0
977,,,,,0,0,0,0
978,,,,,0,0,0,0
979,,,,,0,0,0,0
980,,,,,0,0,0,0
981,338.0,225.0,426.0,224.0,1,0,0,0
982,,,,,0,0,0,0
983,,,,,0,0,0,0
984,,,,,0,0,0,0
985,,,,,0,0,0,0
986,,,,,0,0,0,0
987,,,,,0,0,0,0
988,339.7142857142857,226.14285714285714,428.42857142857144,222.28571428571428,7,0,0,0
989,,,,,0,0,0,0
990,343.0,225.0,430.0,222.33333333333334,3,0,0,0
991,344.0,225.0,431.5,223.0,2,0,0,0
992,342.25,226.0,429.0,223.5,4,0,0,0
993,,,,,0,0,0,0
994,,,,,0,0,0,0
995,340.0,228.0,428.0,223.0,1,0,0,0
996,,,,,0,0,0,0
997,,,,,0,0,0,0
998,,,,,0,0,0,0
999,,,,,0,0,0,0
1000,,,,,0,0,0,0
1001,,,,,0,0,0,0
1002,,,,,0,0,0,0
1003,,,,,0,0,0,0
1004,,,,,0,0,0,0
1005,,,,,0,0,0,0
1006,,,,,0,0,0,0
1007,,,,,0,0,0,0
1008,,,,,0,0,0,0
1009,,,,,0,0,0,0
1010,,,,,0,0,0,0
1011,,,,,0,0,0,0
1012,,,,,0,0,0,0
1013,,,,,0,0,0,0
1014,,,,,0,0,0,0
1015,,,,,0,0,0,0
1016,,,,,0,0,0,0
1017,,,,,0,0,0,0
1018,,,,,0,0,0,0
1019,,,,,0,0,0,0
1020,,,,,0,0,0,0
1021,,,,,0,0,0,0
1022,,,,,0,0,0,0
1023,,,,,0,0,0,0
1024,,,,,0,0,0,0
1025,,,,,0,0,0,0
1026,,,,,0,0,0,0
1027,,,,,0,0,0,0
1028,,,,,0,0,0,0
1029,,,,,0,0,0,0
1030,,,,,0,0,0,0
1031,,,,,0,0,0,0
1032,,,,,0,0,0,0
1033,,,,,0,0,0,0
1034,,,,,0,0,0,0
1035,,,,,0,0,0,0
1036,,,,,0,0,0,0
1037,,,,,0,0,0,0
1038,259.4,194.4,334.0,196.2,5,0,0,0
1039,,,,,0,0,0,0
1040,,,,,0,0,0,0
1041,,,,,0,0,0,0
1042,,,,,0,0,0,0
1043,,,,,0,0,0,0
1044,,,,,0,0,0,0
1045,,,,,0,0,0,0
1046,,,,,0,0,0,0
1047,,,,,0,0,0,0
1048,,,,,0,0,0,0
1049,,,,,0,0,0,0
1050,,,,,0,0,0,0
1051,,,,,0,0,0,0
1052,,,,,0,0,0,0
1053,,,,,0,0,0,0
1054,,,,,0,0,0,0
1055,,,,,0,0,0,0
1056,,,,,0,0,0,0
1057,,,,,0,0,0,0
1058,,,,,0,0,0,0
1059,,,,,0,0,0,0
1060,,,,,0,0,0,0
1061,,,,,0,0,0,0
1062,,,,,0,0,0,0
1063,,,,,0,0,0,0
1064,,,,,0,0,0,0
1065,,,,,0,0,0,0
1066,,,,,0,0,0,0
1067,,,,,0,0,0,0
1068,,,,,0,0,0,0
1069,,,,,0,0,0,0
1070,,,,,0,0,0,0
1071,,,,,0,0,0,0
1072,,,,,0,0,0,0
1073,,,,,0,0,0,0
1074,,,,,0,0,0,0
1075,,,,,0,0,0,0
1076,,,,,0,0,0,0
1077,,,,,0,0,0,0
1078,,,,,0,0,0,0
1079,,,,,0,0,0,0
1080,,,,,0,0,0,0
1081,,,,,0,0,0,0
1082,,,,,0,0,0,0
1083,,,,,0,0,0,0
1084,,,,,0,0,0,0
1085,,,,,0,0,0,0
1086,,,,,0,0,0,0
1087,,,,,0,0,0,0
1088,,,,,0,0,0,0
1089,,,,,0,0,0,0
1090,,,,,0,0,0,0
1091,,,,,0,0,0,0
1092,,,,,0,0,0,0
1093,,,,,0,0,0,0
1094,,,,,0,0,0,0
1095,,,,,0,0,0,0
1096,,,,,0,0,0,0
1097,,,,,0,0,0,0
1098,,,,,0,0,0,0
1099,,,,,0,0,0,0
1100,,,,,0,0,0,0
1101,,,,,0,0,0,0
1102,,,,,0,0,0,0
1103,,,,,0,0,0,0
1104,,,,,0,0,0,0
1105,,,,,0,0,0,0
1106,,,,,0,0,0,0
1107,,,,,0,0,0,0
1108,,,,,0,0,0,0
1109,,,,,0,0,0,0
1110,,,,,0,0,0,0
1111,,,,,0,0,0,0
1112,,,,,0,0,0,0
1113,,,,,0,0,0,0
1114,,,,,0,0,0,0
1115,,,,,0,0,0,0
1116,,,,,0,0,0,0
1117,,,,,0,0,0,0
1118,,,,,0,0,0,0
1119,,,,,0,0,0,0
1120,,,,,0,0,0,0
1121,,,,,0,0,0,0
1122,,,,,0,0,0,0
1123,,,,,0,0,0,0
1124,,,,,0,0,0,0
1125,,,,,0,0,0,0
1126,,,,,0,0,0,0
1127,,,,,0,0,0,0
1128,,,,,0,0,0,0
1129,,,,,0,0,0,0
1130,,,,,0,0,0,0
1131,,,,,0,0,0,0
1132,,,,,0,0,0,0
1133,,,,,0,0,0,0
1134,,,,,0,0,0,0
1135,,,,,0,0,0,0
1136,,,,,0,0,0,0
1137,,,,,0,0,0,0
1138,365.0,183.6,451.4,188.0,3,0,2,0
1139,365.5,181.0,453.5,182.5,2,0,0,0
1140,,,,,0,0,0,0
1141,,,,,0,0,0,0
1142,,,,,0,0,0,0
1143,,,,,0,0,0,0
1144,,,,,0,0,0,0
1145,,,,,0,0,0,0
1146,,,,,0,0,0,0
1147,,,,,0,0,0,0
1148,,,,,0,0,0,0
1149,,,,,0,0,0,0
1150,,,,,0,0,0,0
1151,,,,,0,0,0,0
1152,,,,,0,0,0,0
1153,,,,,0,0,0,0
1154,,,,,0,0,0,0
1155,,,,,0,0,0,0
1156,,,,,0,0,0,0
1157,,,,,0,0,0,0
1158,,,,,0,0,0,0
1159,,,,,0,0,0,0
1160,,,,,0,0,0,0
1161,,,,,0,0,0,0
1162,,,,,0,0,0,0
1163,,,,,0,0,0,0
1164,,,,,0,0,0,0
1165,,,,,0,0,0,0
1166,,,,,0,0,0,0
1167,,,,,0,0,0,0
1168,,,,,0,0,0,0
1169,,,,,0,0,0,0
1170,,,,,0,0,0,0
1171,,,,,0,0,0,0
1172,,,,,0,0,0,0
1173,,,,,0,0,0,0
1174,,,,,0,0,0,0
1175,,,,,0,0,0,0
1176,,,,,0,0,0,0
1177,,,,,0,0,0,0
1178,,,,,0,0,0,0
1179,,,,,0,0,0,0
1180,,,,,0,0,0,0
1181,,,,,0,0,0,0
1182,,,,,0,0,0,0
1183,,,,,0,0,0,0
1184,,,,,0,0,0,0
1185,,,,,0,0,0,0
1186,,,,,0,0,0,0
1187,,,,,0,0,0,0
1188,,,,,0,0,0,0
1189,,,,,0,0,0,0
1190,,,,,0,0,0,0
1191,,,,,0,0,0,0
1192,,,,,0,0,0,0
1193,,,,,0,0,0,0
1194,,,,,0,0,0,0
1195,,,,,0,0,0,0
1196,,,,,0,0,0,0
1197,,,,,0,0,0,0
1198,,,,,0,0,0,0
1199,,,,,0,0,0,0
1200,,,,,0,0,0,0
1201,,,,,0,0,0,0
1202,,,,,0,0,0,0
1203,,,,,0,0,0,0
1204,,,,,0,0,0,0
1205,,,,,0,0,0,0
1206,,,,,0,0,0,0
1207,,,,,0,0,0,0
1208,,,,,0,0,0,0
1209,,,,,0,0,0,0
1210,,,,,0,0,0,0
1211,,,,,0,0,0,0
1212,,,,,0,0,0,0
1213,,,,,0,0,0,0
1214,,,,,0,0,0,0
1215,,,,,0,0,0,0
1216,,,,,0,0,0,0
1217,,,,,0,0,0,0
1218,,,,,0,0,0,0
1219,,,,,0,0,0,0
1220,,,,,0,0,0,0
1221,,,,,0,0,0,0
1222,,,,,0,0,0,0
1223,,,,,0,0,0,0
1224,,,,,0,0,0,0
1225,,,,,0,0,0,0
1226,,,,,0,0,0,0
1227,,,,,0,0,0,0
1228,,,,,0,0,0,0
1229,,,,,0,0,0,0
1230,,,,,0,0,0,0
1231,,,,,0,0,0,0
1232,,,,,0,0,0,0
1233,,,,,0,0,0,0
1234,,,,,0,0,0,0
1235,,,,,0,0,0,0
1236,,,,,0,0,0,0
1237,,,,,0,0,0,0
1238,,,,,0,0,0,0
1239,,,,,0,0,0,0
1240,,,,,0,0,0,0
1241,,,,,0,0,0,0
1242,,,,,0,0,0,0
1243,,,,,0,0,0,0
1244,,,,,0,0,0,0
1245,,,,,0,0,0,0
1246,,,,,0,0,0,0
1247,,,,,0,0,0,0
1248,,,,,0,0,0,0
1249,,,,,0,0,0,0
1250,,,,,0,0,0,0
1251,,,,,0,0,0,0
1252,,,,,0,0,0,0
1253,,,,,0,0,0,0
1254,,,,,0,0,0,0
1255,,,,,0,0,0,0
1256,,,,,0,0,0,0
1257,,,,,0,0,0,0
1258,,,,,0,0,0,0
1259,,,,,0,0,0,0
1260,,,,,0,0,0,0
1261,,,,,0,0,0,0
1262,,,,,0,0,0,0
1263,,,,,0,0,0,0
1264,,,,,0,0,0,0
1265,,,,,0,0,0,0
1266,,,,,0,0,0,0
1267,,,,,0,0,0,0
1268,,,,,0,0,0,0
1269,,,,,0,0,0,0
1270,,,,,0,0,0,0
1271,,,,,0,0,0,0
1272,,,,,0,0,0,0
1273,,,,,0,0,0,0
1274,,,,,0,0,0,0
1275,,,,,0,0,0,0
1276,,,,,0,0,0,0
1277,,,,,0,0,0,0
1278,,,,,0,0,0,0
1279,,,,,0,0,0,0
1280,,,,,0,0,0,0
1281,,,,,0,0,0,0
1282,,,,,0,0,0,0
1283,,,,,0,0,0,0
1284,,,,,0,0,0,0
1285,,,,,0,0,0,0
1286,,,,,0,0,0,0
1287,,,,,0,0,0,0
1288,,,,,0,0,0,0
1289,,,,,0,0,0,0
1290,,,,,0,0,0,0
1291,,,,,0,0,0,0
1292,,,,,0,0,0,0
1293,,,,,0,0,0,0
1294,,,,,0,0,0,0
1295,,,,,0,0,0,0
1296,,,,,0,0,0,0
1297,,,,,0,0,0,0
1298,336.0,212.5,422.75,209.75,1,2,1,0
1299,335.3333333333333,219.33333333333334,426.3333333333333,215.0,0,2,1,0
1300,,,,,0,0,0,0
1301,,,,,0,0,0,0
1302,,,,,0,0,0,0
1303,329.5,229.0,423.0,219.5,0,2,0,0
1304,,,,,0,0,0,0
1305,,,,,0,0,0,0
1306,,,,,0,0,0,0
1307,,,,,0,0,0,0
1308,,,,,0,0,0,0
1309,,,,,0,0,0,0
1310,,,,,0,0,0,0
1311,328.85714285714283,231.28571428571428,419.85714285714283,222.0,0,1,6,0
1312,326.90909090909093,231.8181818181818,418.54545454545456,224.27272727272728,0,5,6,0
1313,329.0,233.33333333333334,416.8666666666667,227.8,2,7,6,0
1314,329.3636363636364,233.1818181818182,418.45454545454544,227.27272727272728,0,5,6,0
1315,330.53846153846155,232.6153846153846,420.3076923076923,225.69230769230768,0,2,11,0
1316,330.93333333333334,233.26666666666668,418.1333333333333,228.66666666666666,0,6,9,0
1317,329.8888888888889,234.0,415.8888888888889,230.77777777777777,0,4,5,0
1318,330.4166666666667,234.58333333333334,416.75,230.16666666666666,0,8,4,0
1319,331.0,234.375,419.25,227.625,0,2,6,0
1320,330.77777777777777,234.33333333333334,419.6666666666667,227.33333333333334,0,0,9,0
1321,327.5,234.1,414.0,231.7,1,8,1,0
1322,331.14285714285717,234.85714285714286,415.14285714285717,232.42857142857142,0,5,2,0
1323,327.5833333333333,235.0,414.0833333333333,232.08333333333334,2,6,4,0
1324,330.9230769230769,234.46153846153845,419.15384615384613,228.76923076923077,0,2,11,0
1325,329.875,234.25,417.875,230.25,0,3,5,0
1326,325.8,240.8,414.8,232.8,0,2,3,0
1327,329.6666666666667,235.16666666666666,414.3333333333333,233.0,0,4,2,0
1328,330.5833333333333,235.0,414.0,234.41666666666666,0,4,8,0
1329,329.875,235.5625,414.125,234.0,0,4,12,0
1330,330.26666666666665,235.26666666666668,413.4,235.06666666666666,0,4,11,0
1331,329.75,235.25,413.125,234.125,0,3,5,0
1332,328.5,236.0,411.5,235.5,1,0,1,0
1333,329.8333333333333,235.5,411.75,235.25,0,6,6,0
1334,330.0,235.5,412.0,234.5,0,1,1,0
1335,330.85714285714283,235.57142857142858,409.7142857142857,241.85714285714286,1,2,4,0
1336,330.0,236.0,410.8,251.0,1,2,2,0
1337,329.5,236.33333333333334,412.0,239.0,0,5,1,0
1338,330.75,235.875,413.5,237.875,1,2,5,0
1339,332.5,235.5,414.0,237.0,0,1,1,0
1340,328.85714285714283,234.85714285714286,412.0,242.0,2,2,3,0
1341,335.6666666666667,232.66666666666666,421.1666666666667,231.66666666666666,0,3,3,0
1342,340.5,231.0,420.5,236.0,0,3,1,0
1343,347.5,234.0,427.5,240.5,0,1,0,1
1344,349.0,233.75,432.25,236.0,0,7,1,0
1345,347.375,235.0,431.0,242.75,1,6,1,0
1346,346.6,234.0,429.3,237.9,0,10,0,0
1347,349.45454545454544,234.0909090909091,432.8181818181818,237.8181818181818,0,8,3,0
1348,351.0,232.8181818181818,435.1818181818182,232.1818181818182,6,3,2,0
1349,347.7142857142857,235.14285714285714,432.57142857142856,237.57142857142858,0,11,3,0
1350,345.5,236.71428571428572,429.2857142857143,240.85714285714286,0,12,1,1
1351,344.9230769230769,236.69230769230768,428.38461538461536,240.92307692307693,0,13,0,0
1352,347.45454545454544,237.1818181818182,430.0,241.0,0,7,4,0
1353,346.45454545454544,238.1818181818182,422.90909090909093,250.54545454545453,0,9,1,1
1354,347.44444444444446,236.44444444444446,431.77777777777777,244.66666666666666,0,6,3,0
1355,347.0,236.7,426.5,246.1,0,8,2,0
1356,347.14285714285717,235.92857142857142,428.85714285714283,241.78571428571428,0,11,3,0
1357,346.5,237.0,430.4166666666667,244.66666666666666,1,6,5,0
1358,343.4166666666667,235.66666666666666,425.1666666666667,243.41666666666666,0,11,1,0
1359,348.5,236.07142857142858,432.07142857142856,241.14285714285714,0,11,3,0
1360,352.8333333333333,233.83333333333334,436.1666666666667,238.16666666666666,0,4,2,0
1361,358.3,233.4,441.6,238.9,0,5,5,0
1362,354.75,233.75,441.0,237.5,0,3,1,0
1363,,,,,0,0,0,0
1364,,,,,0,0,0,0
1365,,,,,0,0,0,0
1366,,,,,0,0,0,0
1367,,,,,0,0,0,0
1368,,,,,0,0,0,0
1369,,,,,0,0,0,0
1370,,,,,0,0,0,0
1371,,,,,0,0,0,0
1372,,,,,0,0,0,0
1373,,,,,0,0,0,0
1374,,,,,0,0,0,0
1375,,,,,0,0,0,0
1376,,,,,0,0,0,0
1377,,,,,0,0,0,0
1378,,,,,0,0,0,0
1379,,,,,0,0,0,0
1380,302.0,207.0,388.0,204.0,1,0,0,0
1381,306.0,207.5,390.75,204.5,4,0,0,0
1382,,,,,0,0,0,0
1383,,,,,0,0,0,0
1384,,,,,0,0,0,0
1385,,,,,0,0,0,0
1386,,,,,0,0,0,0
1387,,,,,0,0,0,0
1388,,,,,0,0,0,0
1389,,,,,0,0,0,0
1390,,,,,0,0,0,0
1391,324.8,218.4,411.4,216.4,0,4,1,0
1392,,,,,0,0,0,0
1393,,,,,0,0,0,0
1394,,,,,0,0,0,0
1395,,,,,0,0,0,0
1396,,,,,0,0,0,0
1397,,,,,0,0,0,0
1398,,,,,0,0,0,0
1399,,,,,0,0,0,0
1400,,,,,0,0,0,0
1401,,,,,0,0,0,0
1402,,,,,0,0,0,0
1403,,,,,0,0,0,0
1404,,,,,0,0,0,0
1405,,,,,0,0,0,0
1406,,,,,0,0,0,0
1407,,,,,0,0,0,0
1408,,,,,0,0,0,0
1409,,,,,0,0,0,0
1410,,,,,0,0,0,0
1411,,,,,0,0,0,0
1412,,,,,0,0,0,0
1413,,,,,0,0,0,0
1414,,,,,0,0,0,0
1415,,,,,0,0,0,0
1416,,,,,0,0,0,0
1417,,,,,0,0,0,0
1418,,,,,0,0,0,0
1419,,,,,0,0,0,0
1420,,,,,0,0,0,0
1421,,,,,0,0,0,0
1422,,,,,0,0,0,0
1423,279.0,213.8,349.8,219.4,5,0,0,0
1424,280.25,189.75,360.0,189.5,4,0,0,0
1425,291.25,197.0,372.75,195.625,6,2,0,0
1426,291.4,197.2,371.6,195.6,5,0,0,0
1427,299.125,199.5,379.25,199.875,5,3,0,0
1428,296.4,199.13333333333333,378.3333333333333,199.4,8,6,1,0
1429,296.375,202.5,378.625,201.875,8,0,0,0
1430,297.38461538461536,206.3846153846154,381.3076923076923,206.0,11,2,0,0
1431,294.0,207.8,376.6,206.2,5,0,0,0
1432,290.875,210.0,375.875,206.5,8,0,0,0
1433,288.7142857142857,211.35714285714286,375.14285714285717,208.07142857142858,14,0,0,0
1434,288.3076923076923,213.23076923076923,374.53846153846155,208.69230769230768,12,1,0,0
1435,290.3,214.5,374.6,210.0,9,1,0,0
1436,,,,,0,0,0,0
1437,,,,,0,0,0,0
1438,,,,,0,0,0,0
1439,,,,,0,0,0,0
1440,,,,,0,0,0,0
1441,274.6666666666667,218.0,356.0,236.0,0,2,0,1
1442,,,,,0,0,0,0
1443,,,,,0,0,0,0
1444,300.4,226.2,376.6,232.6,0,3,2,0
1445,,,,,0,0,0,0
1446,,,,,0,0,0,0
1447,276.0,217.0,359.0,216.0,0,1,0,0
1448,,,,,0,0,0,0
1449,281.77777777777777,211.22222222222223,366.8888888888889,200.77777777777777,9,0,0,0
1450,282.2,208.66666666666666,365.6666666666667,202.33333333333334,15,0,0,0
1451,284.9230769230769,208.3846153846154,365.61538461538464,202.69230769230768,13,0,0,0
1452,,,,,0,0,0,0
1453,,,,,0,0,0,0
1454,,,,,0,0,0,0
1455,,,,,0,0,0,0
1456,,,,,0,0,0,0
1457,,,,,0,0,0,0
1458,,,,,0,0,0,0
1459,,,,,0,0,0,0
1460,,,,,0,0,0,0
1461,,,,,0,0,0,0
1462,,,,,0,0,0,0
1463,,,,,0,0,0,0
1464,,,,,0,0,0,0
1465,,,,,0,0,0,0
1466,,,,,0,0,0,0
1467,,,,,0,0,0,0
1468,,,,,0,0,0,0
1469,,,,,0,0,0,0
1470,,,,,0,0,0,0
1471,,,,,0,0,0,0
1472,,,,,0,0,0,0
1473,,,,,0,0,0,0
1474,,,,,0,0,0,0
1475,,,,,0,0,0,0
1476,,,,,0,0,0,0
1477,,,,,0,0,0,0
1478,,,,,0,0,0,0
1479,,,,,0,0,0,0
1480,,,,,0,0,0,0
1481,,,,,0,0,0,0
1482,,,,,0,0,0,0
1483,,,,,0,0,0,0
1484,,,,,0,0,0,0
1485,,,,,0,0,0,0
1486,,,,,0,0,0,0
1487,,,,,0,0,0,0
1488,,,,,0,0,0,0
1489,,,,,0,0,0,0
1490,,,,,0,0,0,0
1491,,,,,0,0,0,0
1492,,,,,0,0,0,0
1493,,,,,0,0,0,0
1494,,,,,0,0,0,0
1495,,,,,0,0,0,0
1496,,,,,0,0,0,0
1497,,,,,0,0,0,0
1498,328.0,209.75,411.25,206.25,4,0,0,0
1499,344.0,218.0,434.0,218.0,0,1,0,0
1500,,,,,0,0,0,0
1501,,,,,0,0,0,0
1502,,,,,0,0,0,0
1503,,,,,0,0,0,0
1504,,,,,0,0,0,0
1505,,,,,0,0,0,0
1506,,,,,0,0,0,0
1507,,,,,0,0,0,0
1508,,,,,0,0,0,0
1509,,,,,0,0,0,0
1510,,,,,0,0,0,0
1511,,,,,0,0,0,0
1512,,,,,0,0,0,0
1513,,,,,0,0,0,0
1514,,,,,0,0,0,0
1515,,,,,0,0,0,0
1516,,,,,0,0,0,0
1517,,,,,0,0,0,0
1518,,,,,0,0,0,0
1519,,,,,0,0,0,0
1520,,,,,0,0,0,0
1521,,,,,0,0,0,0
1522,,,,,0,0,0,0
1523,,,,,0,0,0,0
1524,,,,,0,0,0,0
1525,,,,,0,0,0,0
1526,,,,,0,0,0,0
1527,,,,,0,0,0,0
1528,338.85714285714283,231.0,436.57142857142856,222.57142857142858,7,0,0,0
1529,339.6666666666667,231.0,436.0,222.66666666666666,3,0,0,0
1530,,,,,0,0,0,0
1531,,,,,0,0,0,0
1532,,,,,0,0,0,0
1533,,,,,0,0,0,0
1534,,,,,0,0,0,0
1535,,,,,0,0,0,0
1536,,,,,0,0,0,0
1537,,,,,0,0,0,0
1538,,,,,0,0,0,0
1539,,,,,0,0,0,0
1540,,,,,0,0,0,0
1541,,,,,0,0,0,0
1542,,,,,0,0,0,0
1543,,,,,0,0,0,0
1544,,,,,0,0,0,0
1545,,,,,0,0,0,0
1546,,,,,0,0,0,0
1547,,,,,0,0,0,0
1548,,,,,0,0,0,0
1549,,,,,0,0,0,0
1550,,,,,0,0,0,0
1551,,,,,0,0,0,0
1552,,,,,0,0,0,0
1553,,,,,0,0,0,0
1554,,,,,0,0,0,0
1555,,,,,0,0,0,0
1556,,,,,0,0,0,0
1557,,,,,0,0,0,0
1558,,,,,0,0,0,0
1559,,,,,0,0,0,0
1560,,,,,0,0,0,0
1561,,,,,0,0,0,0
1562,,,,,0,0,0,0
1563,,,,,0,0,0,0
1564,,,,,0,0,0,0
1565,,,,,0,0,0,0
1566,,,,,0,0,0,0
1567,,,,,0,0,0,0
1568,,,,,0,0,0,0
1569,,,,,0,0,0,0
1570,,,,,0,0,0,0
1571,,,,,0,0,0,0
1572,,,,,0,0,0,0
1573,,,,,0,0,0,0
1574,,,,,0,0,0,0
1575,,,,,0,0,0,0
1576,,,,,0,0,0,0
1577,,,,,0,0,0,0
1578,,,,,0,0,0,0
1579,,,,,0,0,0,0
1580,,,,,0,0,0,0
1581,,,,,0,0,0,0
1582,,,,,0,0,0,0
1583,,,,,0,0,0,0
1584,,,,,0,0,0,0
1585,,,,,0,0,0,0
1586,,,,,0,0,0,0
1587,,,,,0,0,0,0
1588,,,,,0,0,0,0
1589,,,,,0,0,0,0
1590,,,,,0,0,0,0
1591,,,,,0,0,0,0
1592,,,,,0,0,0,0
1593,,,,,0,0,0,0
1594,,,,,0,0,0,0
1595,,,,,0,0,0,0
1596,,,,,0,0,0,0
1597,,,,,0,0,0,0
1598,,,,,0,0,0,0
1599,,,,,0,0,0,0
1600,,,,,0,0,0,0
1601,,,,,0,0,0,0
1602,,,,,0,0,0,0
1603,,,,,0,0,0,0
1604,,,,,0,0,0,0
1605,,,,,0,0,0,0
1606,,,,,0,0,0,0
1607,,,,,0,0,0,0
1608,,,,,0,0,0,0
1609,,,,,0,0,0,0
1610,,,,,0,0,0,0
1611,,,,,0,0,0,0
1612,,,,,0,0,0,0
1613,,,,,0,0,0,0
1614,,,,,0,0,0,0
1615,,,,,0,0,0,0
1616,,,,,0,0,0,0
1617,,,,,0,0,0,0
1618,,,,,0,0,0,0
1619,,,,,0,0,0,0
1620,,,,,0,0,0,0
1621,,,,,0,0,0,0
1622,,,,,0,0,0,0
1623,,,,,0,0,0,0
1624,,,,,0,0,0,0
1625,,,,,0,0,0,0
1626,,,,,0,0,0,0
1627,,,,,0,0,0,0
1628,,,,,0,0,0,0
1629,,,,,0,0,0,0
1630,,,,,0,0,0,0
1631,,,,,0,0,0,0
1632,,,,,0,0,0,0
1633,,,,,0,0,0,0
1634,,,,,0,0,0,0
1635,,,,,0,0,0,0
1636,,,,,0,0,0,0
1637,,,,,0,0,0,0
1638,,,,,0,0,0,0
1639,,,,,0,0,0,0
1640,,,,,0,0,0,0
1641,,,,,0,0,0,0
1642,,,,,0,0,0,0
1643,,,,,0,0,0,0
1644,,,,,0,0,0,0
1645,,,,,0,0,0,0
1646,,,,,0,0,0,0
1647,,,,,0,0,0,0
1648,,,,,0,0,0,0
1649,,,,,0,0,0,0
1650,,,,,0,0,0,0
1651,,,,,0,0,0,0
1652,,,,,0,0,0,0
1653,,,,,0,0,0,0
1654,,,,,0,0,0,0
1655,,,,,0,0,0,0
1656,,,,,0,0,0,0
1657,,,,,0,0,0,0
1658,,,,,0,0,0,0
1659,,,,,0,0,0,0
1660,,,,,0,0,0,0
1661,,,,,0,0,0,0
1662,,,,,0,0,0,0
1663,,,,,0,0,0,0
1664,,,,,0,0,0,0
1665,,,,,0,0,0,0
1666,,,,,0,0,0,0
1667,,,,,0,0,0,0
1668,,,,,0,0,0,0
1669,,,,,0,0,0,0
1670,,,,,0,0,0,0
1671,,,,,0,0,0,0
1672,,,,,0,0,0,0
1673,,,,,0,0,0,0
1674,,,,,0,0,0,0
1675,,,,,0,0,0,0
1676,,,,,0,0,0,0
1677,,,,,0,0,0,0
1678,,,,,0,0,0,0
1679,,,,,0,0,0,0
1680,,,,,0,0,0,0
1681,,,,,0,0,0,0
1682,,,,,0,0,0,0
1683,302.0,189.0,391.0,189.0,1,0,0,0
1684,303.25,191.875,390.875,191.75,8,0,0,0
1685,,,,,0,0,0,0
1686,,,,,0,0,0,0
1687,,,,,0,0,0,0
1688,,,,,0,0,0,0
1689,,,,,0,0,0,0
1690,,,,,0,0,0,0
1691,,,,,0,0,0,0
1692,,,,,0,0,0,0
1693,,,,,0,0,0,0
1694,,,,,0,0,0,0
1695,,,,,0,0,0,0
1696,,,,,0,0,0,0
1697,,,,,0,0,0,0
1698,,,,,0,0,0,0
1699,,,,,0,0,0,0
1700,,,,,0,0,0,0
1701,,,,,0,0,0,0
1702,,,,,0,0,0,0
1703,,,,,0,0,0,0
1704,,,,,0,0,0,0
1705,,,,,0,0,0,0
1706,,,,,0,0,0,0
1707,,,,,0,0,0,0
1708,,,,,0,0,0,0
1709,,,,,0,0,0,0
1710,,,,,0,0,0,0
1711,,,,,0,0,0,0
1712,,,,,0,0,0,0
1713,,,,,0,0,0,0
1714,,,,,0,0,0,0
1715,,,,,0,0,0,0
1716,,,,,0,0,0,0
1717,,,,,0,0,0,0
1718,,,,,0,0,0,0
1719,,,,,0,0,0,0
1720,,,,,0,0,0,0
1721,,,,,0,0,0,0
1722,,,,,0,0,0,0
1723,,,,,0,0,0,0
1724,,,,,0,0,0,0
1725,,,,,0,0,0,0
1726,,,,,0,0,0,0
1727,,,,,0,0,0,0
1728,,,,,0,0,0,0
1729,,,,,0,0,0,0
1730,,,,,0,0,0,0
1731,,,,,0,0,0,0
1732,,,,,0,0,0,0
1733,,,,,0,0,0,0
1734,,,,,0,0,0,0
1735,,,,,0,0,0,0
1736,,,,,0,0,0,0
1737,,,,,0,0,0,0
1738,,,,,0,0,0,0
1739,,,,,0,0,0,0
1740,,,,,0,0,0,0
1741,,,,,0,0,0,0
1742,,,,,0,0,0,0
1743,,,,,0,0,0,0
1744,,,,,0,0,0,0
1745,,,,,0,0,0,0
1746,,,,,0,0,0,0
1747,,,,,0,0,0,0
1748,,,,,0,0,0,0
1749,,,,,0,0,0,0
1750,,,,,0,0,0,0
1751,,,,,0,0,0,0
1752,,,,,0,0,0,0
1753,,,,,0,0,0,0
1754,,,,,0,0,0,0
1755,,,,,0,0,0,0
1756,,,,,0,0,0,0
1757,,,,,0,0,0,0
1758,,,,,0,0,0,0
1759,,,,,0,0,0,0
1760,,,,,0,0,0,0
1761,,,,,0,0,0,0
1762,,,,,0,0,0,0
1763,,,,,0,0,0,0
1764,,,,,0,0,0,0
1765,,,,,0,0,0,0
1766,,,,,0,0,0,0
1767,,,,,0,0,0,0
1768,,,,,0,0,0,0
1769,,,,,0,0,0,0
1770,,,,,0,0,0,0
1771,,,,,0,0,0,0
1772,,,,,0,0,0,0
1773,,,,,0,0,0,0
1774,,,,,0,0,0,0
1775,,,,,0,0,0,0
1776,,,,,0,0,0,0
1777,,,,,0,0,0,0
1778,,,,,0,0,0,0
1779,,,,,0,0,0,0
1780,,,,,0,0,0,0
1781,,,,,0,0,0,0
1782,,,,,0,0,0,0
1783,,,,,0,0,0,0
1784,,,,,0,0,0,0
1785,,,,,0,0,0,0
1786,,,,,0,0,0,0
1787,,,,,0,0,0,0
1788,,,,,0,0,0,0
1789,,,,,0,0,0,0
1790,,,,,0,0,0,0
1791,,,,,0,0,0,0
1792,,,,,0,0,0,0
1793,,,,,0,0,0,0
1794,,,,,0,0,0,0
1795,,,,,0,0,0,0
1796,,,,,0,0,0,0
1797,,,,,0,0,0,0
1798,,,,,0,0,0,0
1799,,,,,0,0,0,0
1800,,,,,0,0,0,0
1801,,,,,0,0,0,0
1802,,,,,0,0,0,0
1803,,,,,0,0,0,0
1804,,,,,0,0,0,0
1805,,,,,0,0,0,0
1806,,,,,0,0,0,0
1807,,,,,0,0,0,0
1808,,,,,0,0,0,0
1809,,,,,0,0,0,0
1810,,,,,0,0,0,0
1811,,,,,0,0,0,0
1812,,,,,0,0,0,0
1813,,,,,0,0,0,0
1814,,,,,0,0,0,0
1815,,,,,0,0,0,0
1816,,,,,0,0,0,0
1817,,,,,0,0,0,0
1818,,,,,0,0,0,0
1819,,,,,0,0,0,0
1820,,,,,0,0,0,0
1821,,,,,0,0,0,0
1822,,,,,0,0,0,0
1823,,,,,0,0,0,0
1824,,,,,0,0,0,0
1825,,,,,0,0,0,0
1826,,,,,0,0,0,0
1827,,,,,0,0,0,0
1828,,,,,0,0,0,0
1829,,,,,0,0,0,0
1830,,,,,0,0,0,0
1831,,,,,0,0,0,0
1832,,,,,0,0,0,0
1833,,,,,0,0,0,0
1834,,,,,0,0,0,0
1835,,,,,0,0,0,0
1836,,,,,0,0,0,0
